,R-001,R-002,R-003,R-005,R-007,R-008,R-012,R-013,R-014,R-015,R-016,R-017,R-018,R-019,R-020,R-021,R-022,R-023,R-024,R-025,R-026,R-027,R-028,R-043,R-057,R-058,R-059,R-060,R-061,R-062,R-063,R-064,R-066,R-067,R-068,R-069,R-070,R-071,R-072,R-073,R-074,R-075,R-076,R-077,R-078,R-079,R-080,R-083,R-084,R-141,R-142,R-143,R-144,R-145,R-146,R-147,R-148,R-149,R-150,R-152,R-153,R-154,R-155,R-156,R-157,R-158,R-159,R-160,R-161,R-162,R-163,R-164,R-165,R-167,R-197,R-198,R-200,R-201,R-202,R-203,R-204,R-205,R-206,R-207,R-208,R-209,R-210,R-211,R-212,R-213,R-214,R-215,R-216,R-217,R-218,R-219,R-220,R-221,R-222,R-223,R-224,R-281,R-282,R-283,R-284,R-285,R-286,R-287,R-288,R-289,R-291,R-292,R-293,R-294,R-295,R-296,R-297,R-298,R-301,R-302,R-303,R-304,R-305,R-306,R-307,R-308,R-337,R-338,R-340,R-341,R-342,R-343,R-344,R-345,R-346,R-347,R-348,R-350,R-351,R-352,R-354,R-355,R-356,R-357,R-360,R-361,R-363,R-364
R-001,0,1,1,0.74,1,1,1,-0.99,1,1,1,0.14,1,1,1,1,1,-0.91,0.48,-0.94,0.99,0.99,1,1,1,0.99,-1,1,-0.95,1,-0.85,0.39,0.96,1,1,1,1,1,1,0.97,1,0.24,0.54,0.95,1,1,1,1,1,1,1,0.54,1,1,1,0.99,-1,0.72,1,0.94,1,0.93,1,-0.28,1,1,1,0.79,0.99,1,1,1,1,1,1,0.99,-0.22,1,1,1,1,-0.89,1,1,1,1,1,1,-0.7,0.28,1,-0.82,1,-1,-0.81,0.98,1,1,1,-1,1,1,0.89,1,1,0.43,1,1,0.98,1,-0.97,1,1,1,1,1,1,1,0.89,0.63,1,1,1,1,-0.38,1,1,0.66,0.74,0.42,1,1,1,0.81,1,-0.93,-1,0.89,1,1,1,1,1,0.85,1,1,-0.93,1
R-002,1,0,1,1,1,1,1,1,1,1,1,1,1,1,0.39,1,1,1,1,0.89,0.76,1,1,0.99,1,1,1,1,1,1,0.96,1,1,1,1,1,1,1,1,1,1,1,1,1,1,1,1,1,1,1,1,1,1,1,1,1,1,1,1,0.38,1,0.83,1,1,1,1,1,1,1,1,0.25,1,1,1,1,0.99,1,1,1,1,1,1,1,1,1,1,1,1,1,1,1,1,1,1,1,1,1,1,1,1,1,1,1,1,1,1,1,1,1,1,1,1,1,1,1,1,1,1,1,1,1,1,1,1,1,1,1,1,0.99,1,1,1,1,0.62,1,1,1,1,1,1,1,1,1,1,1,1,1,1
R-003,1,1,0,1,1,1,1,1,1,0.58,0.98,1,1,1,1,1,1,1,1,1,1,1,1,1,1,1,1,1,1,1,1,1,1,1,1,1,1,1,1,1,1,1,1,1,1,0.97,1,1,1,1,0.98,1,1,1,1,1,1,1,1,-0.52,1,1,1,1,1,1,1,1,1,1,1,1,1,1,1,1,1,1,1,1,1,1,1,1,1,1,1,1,1,1,1,1,1,1,1,1,1,1,1,1,0.89,1,1,1,1,1,0.89,1,1,1,1,1,1,1,1,1,1,1,1,1,1,1,-0.37,1,1,1,1,1,1,1,1,1,1,1,1,1,1,1,1,1,-0.03,1,1,1,1,1,1,1
R-005,0.74,1,1,0,1,1,0.58,0.92,1,1,1,-1,-0.64,0.95,0.98,0.56,1,-1,-0.97,0.17,1,-0.81,1,1,0.97,-1,0.56,1,-1,0.84,-0.99,0.39,-1,1,0.58,0.77,1,1,1,0.99,1,-0.51,-1,-0.18,1,1,1,0.69,1,0.82,1,-1,1,0.51,0.39,1,0.75,-1,0.87,0.99,1,0.98,0.03,-1,1,1,0.38,-1,1,1,1,1,0.99,1,1,1,-1,1,1,1,0.93,-1,1,0.77,1,1,1,1,-1,-1,0.39,-1,1,-1,-1,1,-0.54,1,1,1,1,1,0.91,1,0.95,-1,1,-0.79,-1,1,0.98,1,1,-0.19,0.99,0.99,0.99,1,0.31,-0.99,1,1,1,1,-1,0.99,1,-1,-0.91,-1,1,1,1,1,1,-0.99,0.88,-1,1,1,1,1,-0.4,1,1,1,0.43,1
R-007,1,1,1,1,0,0.99,1,1,1,1,1,1,1,1,1,1,1,1,1,1,1,1,1,1,1,1,1,1,1,1,1,1,1,1,1,1,1,1,1,1,1,1,1,1,1,1,1,1,1,1,1,1,1,1,1,0.98,1,1,1,1,1,1,1,1,1,1,1,1,1,1,1,1,1,1,1,1,1,1,1,1,1,1,1,1,1,0.6,1,1,1,1,1,1,1,1,1,1,1,1,1,1,1,1,1,1,1,1,1,1,1,1,1,1,1,1,1,1,1,1,1,1,1,1,1,1,1,1,1,1,0.99,1,1,1,1,1,1,1,1,1,1,0.97,1,1,1,1,1,1,1,1
R-008,1,1,1,1,0.99,0,0.97,1,1,1,1,1,1,1,1,1,1,1,1,1,1,1,1,1,1,1,1,1,1,1,1,1,1,1,1,1,1,1,1,1,1,1,1,1,1,1,1,1,1,1,1,1,1,1,1,0.92,1,1,1,1,1,1,1,1,0.99,1,1,1,1,1,1,1,1,1,1,1,1,1,1,1,1,1,1,1,1,0.95,1,1,1,1,1,1,1,1,1,1,1,1,1,1,1,1,1,1,1,1,1,1,1,1,1,1,1,1,0.99,1,0.9,1,1,1,1,1,1,1,1,1,1,1,0.98,1,1,1,1,1,1,1,1,1,0.93,1,1,1,1,1,1,1,1,1
R-012,1,1,1,0.58,1,0.97,0,1,1,1,1,-0.92,-0.84,1,-0.09,-1,1,0.78,1,0.82,1,0.93,1,1,-0.13,1,1,1,0.34,0.99,0.98,0.96,1,1,-0.41,-1,1,1,1,1,1,1,1,-0.3,1,1,1,1,1,-1,1,0.83,1,0.93,0.98,1,1,0.98,-1,1,1,0.98,-0.99,0.91,1,1,0.99,1,1,1,0.84,1,0.7,1,1,1,0.1,1,1,1,-1,0.63,1,0.68,1,1,1,1,0.97,1,-1,1,1,0.81,0.89,1,-1,1,1,1,1,1,-0.13,1,1,0.8,1,1,1,1,1,1,0.98,-0.76,0.94,0.56,-0.97,1,0.73,-0.94,1,1,1,1,-0.21,0.18,1,0.99,-1,0.99,1,1,1,1,1,0.85,1,1,0.9,1,1,1,-0.91,1,1,1,1,1
R-013,-0.99,1,1,0.92,1,1,1,0,1,1,1,1,1,1,1,1,1,-0.55,0.99,-1,1,0.73,1,0.94,1,1,-0.94,0.82,-0.9,1,0.93,-0.91,1,1,1,0.98,1,0.99,1,-0.84,1,0.48,1,0.98,1,1,1,1,1,1,1,0.74,1,0.63,1,0.94,-1,0.86,1,0.95,1,0.98,1,0.81,1,1,0.84,1,0.15,1,1,1,1,0.92,1,0.97,0.94,1,0.92,1,1,-0.59,1,1,1,1,1,1,0.88,0.99,1,0.61,1,-0.99,0.99,0.44,1,1,0.97,-1,1,1,-0.92,1,1,0.86,1,1,0.97,1,-1,1,1,1,1,1,1,1,-0.08,0.13,1,1,1,1,0.81,0.96,1,0.95,0.87,0.93,1,1,1,0.65,1,0.37,-0.9,1,1,1,1,1,1,0.94,1,1,-0.9,1
R-014,1,1,1,1,1,1,1,1,0,0.91,1,1,1,1,1,1,1,1,1,1,1,1,1,1,1,1,1,1,1,1,0.74,1,1,1,1,1,1,1,1,1,1,1,1,1,1,1,1,1,1,1,1,1,1,1,1,1,1,1,1,0.96,1,1,1,1,1,1,1,1,1,1,1,1,1,1,1,1,1,1,1,1,1,1,1,1,1,1,1,1,1,1,1,1,1,1,1,1,1,1,1,1,0.99,1,1,1,1,1,0.98,1,1,1,1,1,1,1,1,1,1,1,1,1,1,1,1,1,1,1,1,1,1,1,1,1,1,1,1,1,1,1,1,1,0.59,1,1,1,1,1,1,1
R-015,1,1,0.58,1,1,1,1,1,0.91,0,0.56,1,1,1,1,1,1,1,1,0.91,0.93,1,1,0.13,1,1,1,-0.01,1,1,0.31,1,1,1,1,1,1,0.9,1,1,-1,1,1,1,1,0.92,1,1,1,1,-0.31,0.98,0.6,1,1,1,1,1,1,-0.91,1,-0.31,1,1,1,0.99,1,1,0.52,1,1,1,1,0.93,0.96,1,1,1,0.08,1,1,0.92,0.99,1,0.99,1,1,0.82,1,0.93,1,1,1,1,1,1,1,1,-0.4,1,-0.92,1,1,1,1,0.41,-1,1,1,-0.99,0.89,1,0.97,1,1,1,1,1,0.98,1,1,1,0.69,1,1,1,0.97,1,1,1,-0.08,1,1,0.99,1,1,1,1,1,1,-1,1,1,0.88,1,1,1,1
R-016,1,1,0.98,1,1,1,1,1,1,0.56,0,1,1,1,1,1,1,1,1,1,1,1,1,1,1,1,1,0.98,1,1,0.77,1,1,1,1,1,1,1,1,1,1,1,1,1,1,0.68,1,1,1,1,1,1,0.96,1,1,1,1,1,1,0.62,1,1,1,1,1,1,1,1,1,1,1,0.42,1,1,1,1,1,1,1,1,1,1,0.53,1,1,1,1,1,1,1,1,1,1,1,1,1,1,1,1,1,0.87,1,1,1,1,1,0.94,1,1,1,1,1,1,1,1,1,1,1,1,1,1,1,0.99,1,1,1,1,1,1,1,1,1,1,1,1,1,1,1,1,1,-0.44,1,1,1,1,1,1,1
R-017,0.14,1,1,-1,1,1,-0.92,1,1,1,1,0,1,1,0.51,1,1,-0.95,-0.97,-0.02,1,0.89,1,1,1,1,1,1,0.66,0.23,-1,1,1,1,1,0.56,1,1,1,1,1,0.73,0.08,1,1,1,1,1,1,0.9,1,-0.99,1,1,1,1,0.97,-0.98,0.67,0.96,1,0.96,1,-0.98,1,1,1,0.19,1,1,0.76,1,1,1,1,1,-1,1,1,1,1,-1,1,0.78,1,1,1,1,-1,-0.94,1,0.82,1,-1,-1,1,1,1,1,1,1,1,1,1,1,-1,1,1,0.91,1,1,1,1,0.78,0.99,1,1,1,0.8,-0.98,1,1,1,1,-1,1,1,0.86,-1,-0.22,1,1,1,1,1,-0.99,1,0.82,1,0.86,1,1,0.55,1,1,1,1,1
R-018,1,1,1,-0.64,1,1,-0.84,1,1,1,1,1,0,1,1,0.76,1,1,1,0.94,1,0.94,1,1,0.98,1,1,1,1,1,1,1,1,1,0.97,0.87,1,1,1,1,1,1,1,1,1,1,1,1,1,0.46,1,0.77,1,1,1,1,1,0.94,0.67,1,1,1,0.81,1,1,1,1,1,1,1,1,1,1,1,1,1,0.94,1,1,1,1,0.33,1,1,1,1,1,1,0.97,1,1,1,1,0.86,0.97,1,0.91,1,1,1,1,1,1,1,1,0.48,1,1,1,1,1,1,1,0.97,1,1,1,1,0.97,0.82,1,1,1,1,0.86,1,1,0.99,-0.99,1,1,1,1,1,1,1,1,1,1,1,1,1,0.98,1,1,1,1,1
R-019,1,1,1,0.95,1,1,1,1,1,1,1,1,1,0,1,1,1,1,1,1,1,1,1,1,1,1,1,1,1,1,1,1,1,1,1,1,1,1,1,1,1,1,1,1,1,1,1,1,1,1,1,0.99,1,1,1,1,1,0.97,1,1,1,1,1,1,1,1,1,1,1,1,1,1,1,1,1,1,1,1,1,1,1,0.99,1,1,1,1,1,1,1,1,1,1,1,1,1,1,1,0.84,1,1,1,1,1,1,0.88,0.73,1,1,1,1,1,1,1,1,1,1,1,1,1,1,1,1,1,1,1,1,1,0.97,0.96,0.96,1,1,1,1,1,1,1,1,1,1,1,1,1,1,1,1,1,1
R-020,1,0.39,1,0.98,1,1,-0.09,1,1,1,1,0.51,1,1,0,1,1,1,1,-0.06,0.98,0.99,1,1,1,1,1,1,1,0.99,0.97,1,1,1,0.1,0.84,1,1,1,0.99,1,1,1,0.83,1,1,0.91,1,1,0.19,1,1,1,0.97,1,1,1,1,0.85,1,1,0.72,0.78,1,1,1,0.93,1,1,1,-0.95,1,0.97,1,1,0.82,1,0.99,1,1,0.76,0.95,1,1,1,1,0.26,1,1,1,1,1,1,0.88,0.99,1,0.3,1,1,1,1,1,0.98,1,1,0.99,1,1,1,1,1,1,0.97,0.98,1,0.97,0.92,1,0.74,0.98,1,1,1,1,1,0.46,1,1,-0.77,1,1,1,1,0.99,1,0.98,1,1,1,1,1,1,0.48,1,1,1,1,1
R-021,1,1,1,0.56,1,1,-1,1,1,1,1,1,0.76,1,1,0,1,1,1,0.99,1,0.97,1,1,0.32,1,1,1,1,1,1,1,1,1,1,-0.99,1,1,1,1,1,1,1,1,1,1,1,1,1,-1,1,1,1,1,1,0.99,1,1,-0.15,1,1,1,0.57,1,1,1,1,1,1,1,1,1,0.99,1,1,1,0.66,1,1,1,-0.47,0.96,1,1,1,1,1,1,1,1,-0.9,1,1,0.84,1,1,-0.02,1,1,1,1,1,0.99,1,1,1,1,1,1,1,1,1,1,1,1,0.97,1,1,0.82,-0.53,1,1,1,1,0.74,1,1,1,-1,1,1,1,1,1,1,1,1,1,1,1,1,1,1,1,1,1,1,1
R-022,1,1,1,1,1,1,1,1,1,1,1,1,1,1,1,1,0,1,1,1,1,1,1,1,1,1,1,1,1,1,1,1,1,1,1,1,1,1,1,1,1,1,1,1,1,1,1,1,1,1,1,1,1,1,1,1,1,1,1,1,1,1,1,1,1,1,1,1,1,1,1,1,1,1,1,1,1,1,1,1,1,1,1,1,1,1,1,1,1,1,1,1,1,1,1,1,1,1,1,1,1,1,1,1,1,1,1,1,1,1,1,1,1,1,1,1,1,1,1,1,1,1,1,1,1,1,1,1,1,1,1,1,1,1,1,1,1,1,1,1,1,1,1,1,1,1,1,1
R-023,-0.91,1,1,-1,1,1,0.78,-0.55,1,1,1,-0.95,1,1,1,1,1,0,-0.96,-0.99,0.98,0.96,1,1,1,-0.77,-0.82,1,-1,1,-0.99,-1,0.09,1,1,1,1,1,1,-0.27,1,-0.83,-0.98,0.5,1,1,1,1,1,1,1,-0.97,1,-0.07,1,1,-0.39,-1,1,0.97,1,0.94,1,-1,1,1,0.84,-0.97,1,1,1,1,1,1,1,1,-1,1,1,1,1,-1,1,1,1,1,1,1,-1,-1,1,-1,1,-1,-1,0.85,1,1,1,-0.29,1,1,1,1,1,-0.99,1,0.89,-0.56,1,0.64,1,1,0.95,1,1,0.98,1,0.7,-1,1,1,1,1,-1,1,1,-0.96,-0.88,-0.99,1,1,1,1,1,-1,0.99,-0.89,1,1,1,1,0.96,1,1,1,-0,1
R-024,0.48,1,1,-0.97,1,1,1,0.99,1,1,1,-0.97,1,1,1,1,1,-0.96,0,0.43,1,0.97,1,1,1,-0.88,0.73,1,-0.58,1,-1,1,-0.79,1,1,1,1,1,1,1,1,0.66,-1,1,1,1,1,0.88,1,1,1,-0.69,1,0.99,1,1,0.88,-1,1,0.99,1,1,1,-1,1,1,1,-1,1,1,1,1,1,1,1,1,-1,1,1,1,1,-1,1,1,1,1,1,1,-1,-1,1,-1,1,-1,-1,1,1,1,1,1,1,1,1,1,1,-1,1,0.57,-0.38,1,0.99,1,1,1,1,1,1,1,0.99,0.42,1,1,1,1,-1,1,1,-1,0.52,-1,1,1,1,1,1,-1,1,-1,1,1,1,1,1,1,1,1,0.97,1
R-025,-0.94,0.89,1,0.17,1,1,0.82,-1,1,0.91,1,-0.02,0.94,1,-0.06,0.99,1,-0.99,0.43,0,-0.14,-0.86,1,-0.23,0.99,0.74,0.38,1,-0.95,1,-0.6,-1,0.35,1,0.97,0.68,0.99,-0.86,1,-1,0.96,0.27,0.12,-0.99,0.99,1,0.72,1,0.99,0.99,1,-0.3,1,-0.99,1,0.98,-0.56,-0.53,0.91,0.35,1,-0.97,1,-0.49,1,0.99,-0.92,-0.41,0.05,1,0.33,1,0.98,1,1,-0.93,-0.13,0.82,-0.96,1,0.99,-0.52,1,0.98,1,0.95,0.91,0.98,-0.47,-0.82,0.99,-0.92,1,-0.96,0,-0.88,0.99,1,0.99,-0.93,0.98,1,-0.98,1,1,-0.78,0.31,0.44,0.67,1,-0.86,0.97,0.85,0.88,1,0.98,0.91,1,-0.99,-0.9,1,1,1,1,-0.26,-0.53,1,0.39,-0.76,-0.58,1,0.96,1,-0.98,1,-0.29,0.75,0.73,1,0.99,0.92,1,0.75,-0.68,1,1,-0.47,1
R-026,0.99,0.76,1,1,1,1,1,1,1,0.93,1,1,1,1,0.98,1,1,0.98,1,-0.14,0,1,1,-0.92,1,1,1,1,1,1,0.46,1,1,1,1,1,1,0.06,1,0.25,0.99,1,1,-0.74,1,1,1,1,1,1,1,1,1,0.96,1,1,0.98,0.98,1,-0.5,1,-0.99,1,1,1,1,0.98,0.96,-0.37,1,0.99,1,1,1,1,-0.05,1,1,-0.9,1,1,0.97,1,1,1,1,1,0.99,0.99,0.97,1,1,1,1,0.96,-0.91,1,1,0.95,1,0.99,1,0.37,1,1,0.96,0.78,1,1,1,1,1,1,1,1,1,1,1,0.72,1,1,0.99,1,1,1,0.25,1,1,-0.34,0.92,1,1,0.99,-1,1,1,1,1,1,1,0.95,1,1,-0.98,1,1,1,1
R-027,0.99,1,1,-0.81,1,1,0.93,0.73,1,1,1,0.89,0.94,1,0.99,0.97,1,0.96,0.97,-0.86,1,0,1,0.98,0.98,0.94,1,1,0.81,1,0.57,0.96,0.96,1,0.99,0.79,1,1,1,0.62,1,1,0.97,0.19,1,1,1,1,1,0.99,1,-0.44,1,-0.43,1,1,0.87,-0.01,0.98,1,1,0.55,1,0.93,1,1,-0.85,0.87,1,1,1,1,1,1,1,0.75,0.79,1,0.99,1,1,-0.52,1,0.99,1,1,1,1,0.4,0.65,0.99,1,1,-0.2,0.4,0.96,0.97,1,1,1,1,1,-0.37,1,1,-0.3,1,0.98,0.27,1,0.98,1,1,0.99,1,1,1,1,-0.98,0.75,1,1,1,1,0.73,0.75,1,0.81,-1,0.49,1,1,1,1,1,0.98,1,0.99,1,1,1,1,0.98,0.93,1,1,0.96,1
R-028,1,1,1,1,1,1,1,1,1,1,1,1,1,1,1,1,1,1,1,1,1,1,0,1,-0.34,1,1,1,1,1,0.99,1,1,1,1,1,1,1,1,1,1,1,1,1,1,0.96,1,1,1,1,1,1,1,1,1,1,1,1,1,0.99,1,1,1,1,1,1,1,1,1,1,1,1,1,1,1,1,1,1,1,1,1,1,1,1,1,1,1,1,1,1,1,1,1,1,1,1,1,1,1,1,1,1,1,1,1,1,1,1,1,1,1,1,1,1,1,1,1,1,1,1,1,1,1,1,1,1,1,1,1,1,1,1,1,1,1,1,1,1,1,1,1,1,1,1,1,1,1,1
R-043,1,0.99,1,1,1,1,1,0.94,1,0.13,1,1,1,1,1,1,1,1,1,-0.23,-0.92,0.98,1,0,1,1,1,1,1,1,0.34,1,1,1,1,1,1,0.53,1,0.86,0.9,1,1,-0.16,1,1,1,1,1,1,1,0.92,1,1,1,1,1,0.99,1,-0.46,1,-1,1,1,1,1,0.85,1,-0.35,1,1,1,1,1,1,0.45,1,1,-1,1,1,0.85,1,1,1,1,1,0.97,0.99,0.99,1,1,1,1,0.94,-0.26,1,1,0.99,1,0.92,1,0.09,1,1,0.81,0.71,1,1,1,1,1,1,1,1,1,1,1,-0.68,1,1,1,1,1,1,0.08,1,1,0.46,1,1,1,1,-0.81,1,1,1,1,1,1,0.72,1,1,-0.89,1,1,1,1
R-057,1,1,1,0.97,1,1,-0.13,1,1,1,1,1,0.98,1,1,0.32,1,1,1,0.99,1,0.98,-0.34,1,0,1,1,1,1,1,1,1,1,1,1,-0.64,1,1,1,1,1,1,1,0.98,1,1,1,1,1,0.63,1,1,1,1,1,1,1,1,0.45,1,1,1,1,1,1,1,1,1,1,1,1,1,0.94,1,1,1,0.99,1,1,1,0.83,0.99,1,1,1,0.99,1,1,1,1,0.77,1,1,0.97,1,1,0.96,1,1,1,1,1,0.96,1,1,1,1,1,1,1,1,1,1,1,1,1,1,1,0.82,0.92,1,1,1,1,0.99,1,1,1,-0.92,1,1,1,1,1,1,1,1,1,1,0.87,1,1,1,1,1,1,1,1
R-058,0.99,1,1,-1,1,1,1,1,1,1,1,1,1,1,1,1,1,-0.77,-0.88,0.74,1,0.94,1,1,1,0,0.88,1,0.23,1,-0.9,1,0.22,1,1,1,1,1,1,1,1,0.02,-0.75,1,1,1,1,1,1,1,1,-0.98,1,1,1,1,0.83,-1,1,1,1,1,1,0.04,1,1,1,-0.83,1,1,1,1,1,1,1,1,-0.86,1,1,1,1,-1,1,1,1,1,1,1,-1,-0.98,1,0.63,1,-0.99,-0.99,1,1,1,1,1,1,1,1,1,1,-1,1,0.85,-0.48,1,1,1,1,1,1,1,1,1,1,0.8,1,1,1,1,-0.49,1,1,-0.99,-0.72,-0.94,1,1,1,1,1,-0.13,1,0.19,1,1,1,1,1,1,1,1,0.99,1
R-059,-1,1,1,0.56,1,1,1,-0.94,1,1,1,1,1,1,1,1,1,-0.82,0.73,0.38,1,1,1,1,1,0.88,0,1,-1,1,0.22,0.1,0.55,1,1,1,1,1,1,1,1,-0.67,0.2,1,1,1,1,1,1,1,1,0.42,1,0.96,1,1,-1,0.83,1,1,1,1,1,0.45,1,1,1,0.58,1,1,1,1,1,1,1,1,0.36,1,1,1,1,0.42,1,1,1,1,1,1,-0.39,0.7,1,-0.88,1,-1,-0.65,1,1,1,1,-0.98,1,1,1,1,1,0.04,1,1,1,1,-0.59,1,1,1,1,1,1,1,1,0.14,1,1,1,1,0.45,1,1,0.81,0.9,0.68,1,1,1,1,1,-0.21,0.71,1,1,1,1,1,1,1,1,1,-1,1
R-060,1,1,1,1,1,1,1,0.82,1,-0.01,0.98,1,1,1,1,1,1,1,1,1,1,1,1,1,1,1,1,0,1,1,0.97,1,1,1,1,1,1,1,1,1,0.6,1,1,1,1,0.97,1,1,1,1,1,1,0.75,1,1,1,1,1,1,-0.19,1,1,1,1,1,1,1,1,-0.41,1,1,0.98,1,0.9,1,1,1,1,1,1,1,0.65,0.99,1,1,1,1,1,1,1,1,1,1,1,1,1,1,1,-0.68,1,-0.26,1,1,1,1,1,0.1,1,1,1,1,1,1,1,1,1,1,1,1,1,1,1,1,1,1,1,0.83,1,1,1,0.75,1,1,1,1,1,1,1,1,1,-0.38,1,1,0.71,1,1,1,1
R-061,-0.95,1,1,-1,1,1,0.34,-0.9,1,1,1,0.66,1,1,1,1,1,-1,-0.58,-0.95,1,0.81,1,1,1,0.23,-1,1,0,1,-0.87,-1,0.89,1,1,1,1,1,1,0.84,1,-0.98,-0.56,0.82,1,1,1,1,1,0.98,1,-0.78,1,0.48,1,0.99,-0.82,-1,1,1,1,1,1,-1,1,1,0.97,-0.75,1,1,1,1,1,1,1,0.99,-1,1,1,1,1,-1,1,1,1,1,1,1,-0.95,-0.79,1,-1,1,-1,-1,0.64,1,1,1,-0.01,1,1,0.72,1,1,-0.99,1,0.99,0.24,1,0.14,1,1,1,1,1,1,1,-0.46,-1,1,1,1,1,-1,1,1,-0.84,-1,-0.67,1,1,1,1,1,-1,0.98,0.47,1,1,1,1,1,1,1,1,-0.79,1
R-062,1,1,1,0.84,1,1,0.99,1,1,1,1,0.23,1,1,0.99,1,1,1,1,1,1,1,1,1,1,1,1,1,1,0,0.86,1,1,1,0.99,1,1,1,1,1,1,1,1,1,1,1,1,1,1,1,1,0.94,1,1,1,0.98,1,1,1,1,1,1,0.99,1,1,1,1,1,1,1,1,1,1,1,1,1,1,1,1,1,1,0.35,1,1,1,1,1,1,0.97,1,1,1,1,0.7,0.87,1,0.99,1,1,1,1,1,1,1,1,1,1,1,1,1,1,1,1,1,1,1,1,1,1,1,1,1,1,1,0.99,1,1,1,0.85,1,1,1,1,1,1,1,1,1,1,1,1,1,0.99,1,1,1,1,1
R-063,-0.85,0.96,1,-0.99,1,1,0.98,0.93,0.74,0.31,0.77,-1,1,1,0.97,1,1,-0.99,-1,-0.6,0.46,0.57,0.99,0.34,1,-0.9,0.22,0.97,-0.87,0.86,0,0.69,-0.85,1,1,0.97,1,0.63,1,0.81,0.99,0.19,-1,-0.43,1,0.98,0.99,0.03,1,1,1,-0.9,0.5,0.97,1,1,-0.82,-1,0.98,0.37,1,-0.4,1,-1,1,0.98,0.97,-1,0.61,1,0.96,1,1,0.95,1,0.46,-1,1,-0.17,1,1,-1,0.99,0.97,0.99,1,1,0.96,-1,-1,1,-1,1,-1,-1,0.85,0.99,1,0.83,0.91,0.27,1,0.66,0.99,1,-1,0.46,0.29,-0.98,0.99,0.4,1,0.69,0.88,0.99,1,1,1,0.15,-0.84,1,1,1,1,-1,0.96,1,-0.98,-0.17,-1,1,0.99,1,-0.15,1,-1,0.98,-1,0.81,0.99,0.49,1,-0.39,0.71,1,1,0.51,1
R-064,0.39,1,1,0.39,1,1,0.96,-0.91,1,1,1,1,1,1,1,1,1,-1,1,-1,1,0.96,1,1,1,1,0.1,1,-1,1,0.69,0,1,1,1,1,1,1,1,0.7,1,-0.1,0.92,0.96,1,1,1,1,1,1,1,-0.13,1,0.99,1,0.99,0.75,0.95,1,1,1,1,1,-0.33,1,1,0.98,0.92,1,1,1,1,1,1,1,1,-0.09,1,1,1,1,-0.29,1,1,1,1,1,1,0.7,0.6,1,-0.98,1,-0.91,-0.62,0.82,1,1,1,0.56,1,1,0.99,1,1,-0.25,1,1,0.99,1,0.91,1,1,1,1,1,0.98,1,0.84,-1,1,1,1,1,0.22,1,1,0.97,-0.16,0.77,1,1,1,1,1,0.01,1,1,1,1,1,1,1,1,1,1,0.1,1
R-066,0.96,1,1,-1,1,1,1,1,1,1,1,1,1,1,1,1,1,0.09,-0.79,0.35,1,0.96,1,1,1,0.22,0.55,1,0.89,1,-0.85,1,0,1,1,1,1,1,1,1,1,0.55,-1,1,1,1,1,1,1,1,1,-0.97,1,1,1,1,0.9,-1,1,1,1,1,1,0.57,1,1,1,-0.99,1,1,1,1,1,1,1,1,0.05,1,1,1,1,-0.99,1,1,1,1,1,1,-1,-0.98,1,0.98,1,-0.74,-0.98,1,1,1,1,1,1,1,1,1,1,-1,1,0.98,0.26,1,1,1,1,1,1,1,1,1,1,0.88,1,1,1,1,0.64,1,1,-0.99,-0.64,-1,1,1,1,1,1,0.83,1,0.77,1,1,1,1,1,1,1,1,0.98,1
R-067,1,1,1,1,1,1,1,1,1,1,1,1,1,1,1,1,1,1,1,1,1,1,1,1,1,1,1,1,1,1,1,1,1,0,1,1,1,1,1,1,1,1,1,1,1,1,1,1,1,1,1,1,1,1,1,1,1,1,1,1,1,1,1,1,1,1,1,1,1,1,1,1,1,1,1,1,1,1,1,1,1,1,1,1,1,1,1,1,1,1,1,1,1,1,1,1,1,1,1,1,1,1,1,1,1,1,1,1,1,1,1,1,1,1,1,1,1,1,1,1,1,1,1,1,1,1,1,1,1,1,1,1,1,1,1,1,1,1,1,1,1,1,1,1,1,1,1,1
R-068,1,1,1,0.58,1,1,-0.41,1,1,1,1,1,0.97,1,0.1,1,1,1,1,0.97,1,0.99,1,1,1,1,1,1,1,0.99,1,1,1,1,0,0.94,1,1,1,1,1,1,1,1,1,1,1,1,1,0.88,1,0.71,1,1,1,1,1,1,0.99,1,1,1,-0.11,1,1,1,1,1,1,1,0.87,1,0.99,1,1,1,0.98,1,1,1,1,0.7,1,1,1,1,1,1,1,1,1,1,1,0.95,0.98,1,0.99,1,1,1,1,1,1,1,1,0.93,1,1,1,1,1,1,1,0.76,1,1,1,1,0.99,0.98,1,1,1,1,0.99,1,1,1,-0.74,1,1,1,1,1,1,1,1,1,1,1,1,1,1,1,1,1,1,1
R-069,1,1,1,0.77,1,1,-1,0.98,1,1,1,0.56,0.87,1,0.84,-0.99,1,1,1,0.68,1,0.79,1,1,-0.64,1,1,1,1,1,0.97,1,1,1,0.94,0,1,1,1,1,1,1,1,0.84,1,1,1,1,1,-0.99,1,0.84,1,0.99,1,1,1,1,-0.26,1,1,0.99,0.74,1,1,1,0.99,1,1,1,0.96,1,-0.86,1,1,1,0.78,1,1,1,-0.83,0.68,1,0.99,1,0.98,1,1,1,1,-0.08,1,1,0.59,0.94,1,0.64,1,1,1,1,1,0.85,1,1,0.93,1,1,1,1,1,1,1,0.94,1,0.52,1,1,0.29,0.21,1,1,1,1,0.8,0.74,1,1,-1,1,1,0.99,1,1,1,0.99,1,1,1,0.96,1,1,0.95,1,1,1,1,1
R-070,1,1,1,1,1,1,1,1,1,1,1,1,1,1,1,1,1,1,1,0.99,1,1,1,1,1,1,1,1,1,1,1,1,1,1,1,1,0,1,1,1,1,1,1,1,1,1,1,1,1,1,1,1,1,1,1,1,1,1,1,1,1,0.85,1,1,1,1,1,1,1,1,1,1,1,1,1,1,1,1,1,1,1,1,1,1,1,1,1,1,1,1,1,1,1,1,1,1,1,1,1,1,1,1,1,1,1,1,1,1,1,1,1,1,1,1,1,1,1,1,1,1,1,1,1,1,1,1,1,1,0.88,1,1,1,1,1,1,1,1,1,1,1,1,1,1,1,1,1,1,1
R-071,1,1,1,1,1,1,1,0.99,1,0.9,1,1,1,1,1,1,1,1,1,-0.86,0.06,1,1,0.53,1,1,1,1,1,1,0.63,1,1,1,1,1,1,0,1,0.99,1,1,1,1,1,1,1,1,1,1,1,1,1,1,1,1,1,1,1,0.97,1,0.28,1,1,1,1,0.99,1,0.6,1,1,1,1,1,1,-0.98,1,1,0.87,1,1,1,1,1,1,1,1,1,1,1,1,1,1,1,1,0.93,1,1,1,1,1,1,1,1,1,0.99,0.95,1,1,1,1,1,1,1,1,1,1,1,-0.56,1,1,1,1,1,1,1,1,1,-0.35,1,1,1,1,0.95,1,1,1,1,1,1,1,1,1,-0.52,1,1,1,1
R-072,1,1,1,1,1,1,1,1,1,1,1,1,1,1,1,1,1,1,1,1,1,1,1,1,1,1,1,1,1,1,1,1,1,1,1,1,1,1,0,1,1,1,1,1,1,1,1,1,1,1,1,1,1,1,1,1,1,1,1,1,1,1,1,1,1,1,1,1,1,1,1,1,1,1,1,1,1,1,1,1,1,1,1,1,1,1,1,1,1,1,1,1,1,1,1,1,1,0.37,1,1,1,1,1,1,1,0.99,1,1,1,1,1,1,1,1,1,1,1,1,1,1,1,1,1,1,1,1,1,1,1,1,1,1,1,1,1,1,1,1,1,1,1,1,1,1,1,1,1,1
R-073,0.97,1,1,0.99,1,1,1,-0.84,1,1,1,1,1,1,0.99,1,1,-0.27,1,-1,0.25,0.62,1,0.86,1,1,1,1,0.84,1,0.81,0.7,1,1,1,1,1,0.99,1,0,1,0.97,1,0.99,1,1,1,1,1,1,1,0.94,1,-0.98,1,1,-0.09,0.75,1,0.96,1,0.41,1,0.84,1,1,0.06,0.94,0.91,1,1,1,1,1,1,-0.85,0.97,1,0.94,1,1,0.13,1,1,1,1,1,1,0.86,0.99,1,1,1,-0.13,0.9,-0.21,1,1,1,0.52,1,1,0.87,1,1,0.87,1,1,1,1,0.94,1,1,1,1,1,1,1,-1,0.66,1,1,1,1,1,1,1,1,-1,0.94,1,1,1,0.92,1,1,1,1,1,1,1,1,1,0.48,1,1,0.83,1
R-074,1,1,1,1,1,1,1,1,1,-1,1,1,1,1,1,1,1,1,1,0.96,0.99,1,1,0.9,1,1,1,0.6,1,1,0.99,1,1,1,1,1,1,1,1,1,0,1,1,1,1,1,1,1,1,1,1,0.99,1,1,1,1,1,1,1,-1,1,0.9,1,1,1,1,1,1,0.55,1,1,1,1,1,1,1,1,1,0.98,1,1,0.99,1,1,1,1,1,1,1,1,1,1,1,1,1,1,1,1,0.45,1,-0.99,1,1,1,1,0.9,-1,1,1,-0.85,1,1,1,1,1,1,1,1,0.98,1,1,1,1,1,1,1,1,1,1,1,0.97,1,1,1,1,1,1,1,1,1,-1,1,1,1,1,1,1,1
R-075,0.24,1,1,-0.51,1,1,1,0.48,1,1,1,0.73,1,1,1,1,1,-0.83,0.66,0.27,1,1,1,1,1,0.02,-0.67,1,-0.98,1,0.19,-0.1,0.55,1,1,1,1,1,1,0.97,1,0,-0.07,1,1,1,1,1,1,1,1,-0.13,1,1,1,1,0.45,-0.68,1,1,1,1,1,-0.71,1,1,1,0.21,1,1,1,1,1,1,1,1,-0.43,1,1,1,1,-0.34,1,1,1,1,1,1,-0.08,0,1,-0.69,1,-1,-0.92,0.95,1,1,1,0.66,1,1,1,1,1,-0.48,1,0.99,0.37,1,0.9,1,1,1,1,1,1,1,0.99,-0.6,1,1,1,1,-0.37,1,1,0.57,-0.25,0.5,1,1,1,1,1,-0.5,0.89,0.8,1,0.99,1,1,0.99,1,1,1,-0.95,1
R-076,0.54,1,1,-1,1,1,1,1,1,1,1,0.08,1,1,1,1,1,-0.98,-1,0.12,1,0.97,1,1,1,-0.75,0.2,1,-0.56,1,-1,0.92,-1,1,1,1,1,1,1,1,1,-0.07,0,1,1,1,1,1,1,1,1,-1,1,1,1,1,0.58,-1,1,1,1,1,1,-1,1,1,1,-1,1,1,1,1,1,1,1,1,-1,1,1,1,1,-1,1,1,1,1,1,1,-1,-1,1,-1,1,-1,-1,0.93,1,1,1,1,1,1,1,1,1,-1,1,0.99,-0.11,1,1,1,1,1,1,1,1,1,0.99,0.05,1,1,1,1,-0.99,1,1,-1,-0.62,-1,1,1,1,1,1,-0.95,1,-1,1,1,1,1,1,1,1,1,0.96,1
R-077,0.95,1,1,-0.18,1,1,-0.3,0.98,1,1,1,1,1,1,0.83,1,1,0.5,1,-0.99,-0.74,0.19,1,-0.16,0.98,1,1,1,0.82,1,-0.43,0.96,1,1,1,0.84,1,1,1,0.99,1,1,1,0,1,1,1,1,1,1,1,-0.14,1,-0.08,1,1,0.99,0.5,1,0.94,1,-0.99,1,0.5,1,1,1,0.92,1,1,0.99,1,1,1,1,0.64,-0.45,1,0.15,1,1,-0.74,1,1,1,1,1,1,0.65,0.88,1,1,1,-0.53,0.21,-0.51,1,1,1,1,1,1,0.27,1,1,-0.47,1,1,1,1,1,1,1,1,1,1,1,1,-0.98,-0.76,1,1,1,1,0.5,-0.55,1,0.98,-1,0.99,1,1,1,0.09,1,0.98,1,1,1,1,1,1,1,0.54,1,1,0.99,1
R-078,1,1,1,1,1,1,1,1,1,1,1,1,1,1,1,1,1,1,1,0.99,1,1,1,1,1,1,1,1,1,1,1,1,1,1,1,1,1,1,1,1,1,1,1,1,0,1,1,1,1,1,1,1,1,1,1,1,1,1,1,1,1,1,1,1,1,1,1,1,1,1,1,1,1,1,1,1,1,1,1,1,1,1,1,1,1,1,1,1,1,1,1,1,1,1,1,1,1,1,1,1,1,1,1,1,1,1,1,1,1,1,1,1,1,1,1,1,1,1,1,1,1,1,1,1,1,1,1,1,0.83,1,1,1,1,1,1,1,1,1,1,0.89,1,1,1,1,1,1,1,1
R-079,1,1,0.97,1,1,1,1,1,1,0.92,0.68,1,1,1,1,1,1,1,1,1,1,1,0.96,1,1,1,1,0.97,1,1,0.98,1,1,1,1,1,1,1,1,1,1,1,1,1,1,0,1,1,1,1,0.6,1,0.86,1,1,1,1,1,1,0.77,1,1,1,1,1,0.88,1,1,1,1,1,0.99,1,0.78,0.87,1,1,1,1,1,1,1,0.44,1,1,1,1,0.99,1,1,1,1,1,1,1,1,1,1,0.79,1,0.99,1,1,1,1,1,1,1,1,0.99,1,1,0.95,1,1,1,1,1,1,1,1,1,0.95,1,1,1,0.14,1,1,1,1,1,1,1,1,1,1,1,1,1,0.9,1,1,0.99,1,1,1,1
R-080,1,1,1,1,1,1,1,1,1,1,1,1,1,1,0.91,1,1,1,1,0.72,1,1,1,1,1,1,1,1,1,1,0.99,1,1,1,1,1,1,1,1,1,1,1,1,1,1,1,0,1,1,1,1,1,1,1,1,1,1,1,1,1,1,0.98,1,1,1,1,1,1,1,1,0.98,1,1,1,1,0.98,1,1,1,1,1,0.99,1,1,1,1,1,1,1,1,1,1,1,1,1,1,1,1,1,1,1,1,1,1,1,1,1,1,1,1,1,1,1,1,1,1,1,1,0.93,1,1,1,1,1,1,1,1,1,-0.67,1,1,1,1,1,1,1,1,1,1,1,1,1,1,0.99,1,1,1,1
R-083,1,1,1,0.69,1,1,1,1,1,1,1,1,1,1,1,1,1,1,0.88,1,1,1,1,1,1,1,1,1,1,1,0.03,1,1,1,1,1,1,1,1,1,1,1,1,1,1,1,1,0,1,1,1,0.58,1,1,1,1,1,0.94,1,1,1,1,1,1,1,1,1,1,1,1,1,1,1,1,1,1,0.99,1,1,1,1,-0.06,1,1,1,0.97,1,1,0.72,0.99,1,1,1,0.78,-0.57,1,1,1,1,1,1,1,1,1,1,0.32,1,1,1,1,1,1,1,1,1,1,1,1,1,1,1,1,1,1,1,1,1,1,0.53,0.97,1,1,1,1,1,1,1,1,1,0.99,1,1,1,1,1,1,1,1
R-084,1,1,1,1,1,1,1,1,1,1,1,1,1,1,1,1,1,1,1,0.99,1,1,1,1,1,1,1,1,1,1,1,1,1,1,1,1,1,1,1,1,1,1,1,1,1,1,1,1,0,1,1,1,1,1,1,1,1,1,1,1,1,1,1,1,1,1,1,1,1,1,0.99,1,1,1,1,1,1,1,1,1,1,1,1,1,1,1,1,1,1,1,1,1,1,1,1,1,1,1,1,1,1,1,1,1,1,1,1,1,1,1,1,1,1,1,1,1,1,1,1,1,1,1,1,1,1,1,1,1,0.91,1,1,1,1,1,1,1,1,1,1,1,1,1,1,1,1,1,1,1
R-141,1,1,1,0.82,1,1,-1,1,1,1,1,0.9,0.46,1,0.19,-1,1,1,1,0.99,1,0.99,1,1,0.63,1,1,1,0.98,1,1,1,1,1,0.88,-0.99,1,1,1,1,1,1,1,1,1,1,1,1,1,0,1,0.99,1,1,1,1,1,1,-0.87,1,1,1,-0.23,1,1,1,1,1,1,1,0.87,1,0.71,1,1,1,0.6,1,1,1,-1,0.8,1,1,1,1,0.99,1,1,1,-0.89,1,1,0.75,0.89,1,-0.43,1,1,1,1,1,0.99,1,1,0.95,1,1,1,1,1,1,1,0.86,1,0.86,0.02,1,0.9,-0.81,1,1,1,1,0.16,1,1,1,-1,1,1,1,1,1,1,0.98,1,1,1,1,1,1,0.93,1,1,1,1,1
R-142,1,1,0.98,1,1,1,1,1,1,-0.31,1,1,1,1,1,1,1,1,1,1,1,1,1,1,1,1,1,1,1,1,1,1,1,1,1,1,1,1,1,1,1,1,1,1,1,0.6,1,1,1,1,0,1,1,1,1,1,1,1,1,0.14,1,1,1,1,1,1,1,1,1,1,1,1,1,1,0.99,1,1,1,1,1,1,1,1,1,1,1,1,1,1,1,1,1,1,1,1,1,1,1,1,1,0.91,1,1,1,1,1,-0.27,1,1,1,1,1,1,1,1,1,1,1,1,1,1,1,0.95,1,1,1,1,1,1,1,1,1,1,1,1,1,1,1,1,1,-0.93,1,1,1,1,1,1,1
R-143,0.54,1,1,-1,1,1,0.83,0.74,1,0.98,1,-0.99,0.77,0.99,1,1,1,-0.97,-0.69,-0.3,1,-0.44,1,0.92,1,-0.98,0.42,1,-0.78,0.94,-0.9,-0.13,-0.97,1,0.71,0.84,1,1,1,0.94,0.99,-0.13,-1,-0.14,1,1,1,0.58,1,0.99,1,0,1,0.96,0.61,1,0.45,-1,1,-0.05,1,0.36,0.76,-0.94,1,1,0.74,-1,1,1,0.99,1,1,1,1,0.95,-0.79,1,0.97,1,1,-1,1,0.84,1,1,1,1,-1,-1,0.99,-0.95,1,-0.82,-1,0.98,0.91,1,1,0.96,0.91,1,0.96,1,1,-1,0.99,-0.95,-1,1,0.67,1,1,0.31,0.99,1,0.96,1,0.76,-0.72,1,1,1,1,-0.64,0.95,1,-0.93,-0.26,-0.99,1,0.99,1,0.98,1,-0.92,1,-0.99,0.99,1,1,1,-0.33,1,1,1,-0.07,1
R-144,1,1,1,1,1,1,1,1,1,0.6,0.96,1,1,1,1,1,1,1,1,1,1,1,1,1,1,1,1,0.75,1,1,0.5,1,1,1,1,1,1,1,1,1,1,1,1,1,1,0.86,1,1,1,1,1,1,0,1,1,1,1,1,1,0.88,1,1,1,1,1,1,1,1,0.95,1,1,1,1,0.99,1,1,1,1,1,1,1,0.93,0.99,1,1,1,1,1,1,1,1,1,1,1,1,1,1,1,0.67,1,0.75,1,1,1,1,1,1,1,1,0.99,1,1,1,1,1,1,1,1,1,1,1,1,1,1,1,1,0.99,1,1,1,0.73,1,1,1,1,1,1,1,1,1,0.36,1,1,0.95,1,1,1,1
R-145,1,1,1,0.51,1,1,0.93,0.63,1,1,1,1,1,1,0.97,1,1,-0.07,0.99,-0.99,0.96,-0.43,1,1,1,1,0.96,1,0.48,1,0.97,0.99,1,1,1,0.99,1,1,1,-0.98,1,1,1,-0.08,1,1,1,1,1,1,1,0.96,1,0,1,1,0.83,0.46,1,1,1,0.86,1,0.95,1,1,0.02,0.94,1,1,1,1,1,1,1,0.77,0.76,1,1,1,1,0.6,1,1,1,1,1,1,0.98,0.98,1,1,1,-0.43,0.77,0.24,1,1,1,0.99,1,1,0.01,1,1,0.92,1,1,1,1,1,1,1,1,1,1,1,1,-0.92,0.63,1,1,1,1,0.87,0.89,1,0.67,-1,0.72,1,1,1,1,1,0.97,1,1,1,1,1,1,1,0.99,1,1,0.99,1
R-146,1,1,1,0.39,1,1,0.98,1,1,1,1,1,1,1,1,1,1,1,1,1,1,1,1,1,1,1,1,1,1,1,1,1,1,1,1,1,1,1,1,1,1,1,1,1,1,1,1,1,1,1,1,0.61,1,1,0,1,1,1,1,1,1,1,1,1,1,1,1,1,1,1,1,1,1,1,1,1,1,1,1,1,1,0.64,1,0.84,1,1,1,1,0.39,1,1,1,1,0.95,0.9,1,1,1,1,1,1,1,1,1,1,0.53,1,1,1,1,1,1,1,0.99,1,1,1,1,1,1,1,1,1,1,1,1,1,1,0.49,1,1,1,1,1,1,1,1,1,1,1,1,1,0.98,1,1,1,1,1
R-147,0.99,1,1,1,0.98,0.92,1,0.94,1,1,1,1,1,1,1,0.99,1,1,1,0.98,1,1,1,1,1,1,1,1,0.99,0.98,1,0.99,1,1,1,1,1,1,1,1,1,1,1,1,1,1,1,1,1,1,1,1,1,1,1,0,1,1,0.95,1,1,1,1,1,1,1,0.99,1,0.99,1,1,1,1,1,1,1,1,1,1,1,1,1,1,1,1,0.53,1,1,1,1,1,1,1,0.93,0.99,1,1,1,1,1,1,0.99,1,1,1,1,1,1,1,1,1,1,1,1,0.97,1,1,0.98,0.99,1,1,1,1,1,0.99,1,1,1,0.97,1,1,1,1,1,1,0.99,1,1,1,0.96,1,1,1,1,1,1,1,0.95
R-148,-1,1,1,0.75,1,1,1,-1,1,1,1,0.97,1,1,1,1,1,-0.39,0.88,-0.56,0.98,0.87,1,1,1,0.83,-1,1,-0.82,1,-0.82,0.75,0.9,1,1,1,1,1,1,-0.09,1,0.45,0.58,0.99,1,1,1,1,1,1,1,0.45,1,0.83,1,1,0,-0.25,1,1,1,1,1,-0.39,1,1,1,0.66,0.93,1,1,1,1,1,1,0.99,0.2,1,1,1,1,-0.95,1,1,1,1,1,1,0.25,0.12,1,-0.33,1,-1,-0.23,0.92,1,1,1,-0.99,1,1,0.68,1,1,0.34,1,1,0.8,1,-1,1,1,1,1,1,1,1,0.2,0.47,1,1,1,1,-0.2,1,1,0.41,-0.5,-0.3,1,1,1,0.98,1,-0.77,0.13,0.99,1,1,1,1,1,0.97,1,1,-0.98,1
R-149,0.72,1,1,-1,1,1,0.98,0.86,1,1,1,-0.98,0.94,0.97,1,1,1,-1,-1,-0.53,0.98,-0.01,1,0.99,1,-1,0.83,1,-1,1,-1,0.95,-1,1,1,1,1,1,1,0.75,1,-0.68,-1,0.5,1,1,1,0.94,1,1,1,-1,1,0.46,1,1,-0.25,0,1,1,1,0.93,1,-1,1,1,0.7,-1,1,1,1,1,1,1,1,0.99,-1,1,1,1,1,-1,1,1,1,1,1,1,-1,-1,1,-1,1,-1,-1,0.93,0.98,1,1,1,1,1,0.58,1,1,-1,1,0.12,-1,1,0.89,1,1,0.97,1,1,1,1,0,-0.6,1,1,1,1,-1,1,1,-1,-0.98,-1,1,1,1,1,0.99,-1,1,-1,1,1,1,1,0.8,1,1,1,0.94,1
R-150,1,1,1,0.87,1,1,-1,1,1,1,1,0.67,0.67,1,0.85,-0.15,1,1,1,0.91,1,0.98,1,1,0.45,1,1,1,1,1,0.98,1,1,1,0.99,-0.26,1,1,1,1,1,1,1,1,1,1,1,1,1,-0.87,1,1,1,1,1,0.95,1,1,0,1,1,1,0.9,1,1,1,1,1,1,1,1,1,1,1,1,1,0.97,1,1,1,-0.55,0.78,1,0.99,1,1,1,1,1,1,0.65,1,1,0.86,1,1,-0.04,1,1,1,1,1,1,1,1,1,1,1,1,1,1,1,1,0.83,1,1,1,1,0.85,0.91,1,1,1,1,0.95,1,1,1,-1,1,1,1,1,1,1,1,1,1,1,1,1,1,0.89,1,1,1,1,1
R-152,0.94,0.38,-0.52,0.99,1,1,1,0.95,0.96,-0.91,0.62,0.96,1,1,1,1,1,0.97,0.99,0.35,-0.5,1,0.99,-0.46,1,1,1,-0.19,1,1,0.37,1,1,1,1,1,1,0.97,1,0.96,-1,1,1,0.94,1,0.77,1,1,1,1,0.14,-0.05,0.88,1,1,1,1,1,1,0,1,-0.87,1,1,1,0.63,0.99,1,0.66,0.99,0.97,0.56,1,0.57,0.9,0.99,1,0.99,-0.26,1,1,0.87,0.87,1,0.85,1,1,-0.4,0.79,0.94,1,1,1,1,0.4,1,1,1,-1,1,-1,1,0.99,0.59,1,0.83,-0.99,1,0.96,-0.9,0.75,1,0.72,1,0.99,1,1,1,0.78,1,1,1,-0,1,1,0.83,0.33,1,0.99,0.99,-0.12,1,1,-0.95,1,1,1,1,1,1,-1,0.97,1,0.88,1,1,1,1
R-153,1,1,1,1,1,1,1,1,1,1,1,1,1,1,1,1,1,1,1,1,1,1,1,1,1,1,1,1,1,1,1,1,1,1,1,1,1,1,1,1,1,1,1,1,1,1,1,1,1,1,1,1,1,1,1,1,1,1,1,1,0,1,1,1,1,1,1,1,1,1,1,1,1,1,1,1,1,0.99,1,1,1,1,1,1,1,1,1,1,1,1,1,1,1,1,1,1,1,1,1,1,1,1,1,1,1,1,1,1,1,1,1,1,1,1,1,1,1,1,1,1,1,1,1,1,1,1,1,1,1,1,1,1,1,1,1,1,1,1,1,1,1,1,1,1,1,1,1,1
R-154,0.93,0.83,1,0.98,1,1,0.98,0.98,1,-0.31,1,0.96,1,1,0.72,1,1,0.94,1,-0.97,-0.99,0.55,1,-1,1,1,1,1,1,1,-0.4,1,1,1,1,0.99,0.85,0.28,1,0.41,0.9,1,1,-0.99,1,1,0.98,1,1,1,1,0.36,1,0.86,1,1,1,0.93,1,-0.87,1,0,1,0.96,1,1,0.7,0.95,-0.17,1,0.63,1,1,1,1,-0.8,0.98,1,-1,1,1,-0.05,1,1,1,1,1,0.94,0.91,0.83,1,1,1,0.87,0.62,-0.23,1,1,0.95,1,0.94,1,-0.92,1,1,-0.43,0.06,1,1,1,0.99,1,0.98,1,1,1,1,1,-0.99,0.96,1,1,1,1,1,-0.93,1,1,-0.9,0.83,1,1,1,-1,1,1,1,1,1,1,0.29,1,0.98,-0.98,1,1,0.98,1
R-155,1,1,1,0.03,1,1,-0.99,1,1,1,1,1,0.81,1,0.78,0.57,1,1,1,1,1,1,1,1,1,1,1,1,1,0.99,1,1,1,1,-0.11,0.74,1,1,1,1,1,1,1,1,1,1,1,1,1,-0.23,1,0.76,1,1,1,1,1,1,0.9,1,1,1,0,1,1,1,1,1,1,1,1,1,0.98,1,1,1,0.83,1,1,1,1,0.39,1,1,1,1,1,1,1,1,1,1,1,0.4,0.91,1,-0.03,1,1,1,1,1,1,1,1,0.85,1,1,1,1,1,1,1,0.04,1,1,1,1,1,0.83,1,1,1,1,0.71,1,1,1,-0.98,1,1,1,1,1,1,0.99,1,1,1,1,1,1,0.98,1,1,1,1,1
R-156,-0.28,1,1,-1,1,1,0.91,0.81,1,1,1,-0.98,1,1,1,1,1,-1,-1,-0.49,1,0.93,1,1,1,0.04,0.45,1,-1,1,-1,-0.33,0.57,1,1,1,1,1,1,0.84,1,-0.71,-1,0.5,1,1,1,1,1,1,1,-0.94,1,0.95,1,1,-0.39,-1,1,1,1,0.96,1,0,1,1,0.92,-1,1,1,1,1,1,1,1,1,-1,1,1,1,1,-1,1,1,1,1,1,1,-1,-1,1,-1,1,-1,-1,0.71,1,1,1,0.98,1,1,0.97,1,1,-0.98,1,0.99,-0.67,1,0.86,1,1,0.99,1,1,1,1,0.45,-1,1,1,1,1,-1,1,1,-0.84,-0.96,-1,1,1,1,1,1,-1,1,-0.99,1,1,1,1,0.98,1,1,1,-0.15,1
R-157,1,1,1,1,1,0.99,1,1,1,1,1,1,1,1,1,1,1,1,1,1,1,1,1,1,1,1,1,1,1,1,1,1,1,1,1,1,1,1,1,1,1,1,1,1,1,1,1,1,1,1,1,1,1,1,1,1,1,1,1,1,1,1,1,1,0,1,1,1,1,1,1,1,1,1,1,1,1,-0.72,1,1,1,1,1,1,1,1,1,1,1,1,1,1,-0.83,1,1,1,1,1,1,1,1,1,1,1,1,1,1,1,1,1,1,1,1,1,1,1,1,1,1,1,-1,1,1,1,1,1,1,1,1,1,1,1,1,1,1,1,1,1,1,1,1,1,1,1,1,1,1,1
R-158,1,1,1,1,1,1,1,1,1,0.99,1,1,1,1,1,1,1,1,1,0.99,1,1,1,1,1,1,1,1,1,1,0.98,1,1,1,1,1,1,1,1,1,1,1,1,1,1,0.88,1,1,1,1,1,1,1,1,1,1,1,1,1,0.63,1,1,1,1,1,0,1,1,1,1,1,1,1,1,1,1,1,1,1,1,1,1,1,1,1,1,1,0.99,1,1,1,1,1,1,1,1,1,1,1,1,1,1,1,1,1,1,0.99,1,1,1,1,1,1,1,1,1,1,1,1,1,1,1,1,1,1,1,1,1,1,1,1,1,1,1,1,1,1,1,1,1,0.98,1,1,1,1,1,1,1
R-159,1,1,1,0.38,1,1,0.99,0.84,1,1,1,1,1,1,0.93,1,1,0.84,1,-0.92,0.98,-0.85,1,0.85,1,1,1,1,0.97,1,0.97,0.98,1,1,1,0.99,1,0.99,1,0.06,1,1,1,1,1,1,1,1,1,1,1,0.74,1,0.02,1,0.99,1,0.7,1,0.99,1,0.7,1,0.92,1,1,0,1,1,1,1,1,1,1,1,-0.43,0.96,1,1,1,1,0.71,1,1,1,1,1,1,0.98,1,1,1,1,0.72,0.64,0.87,1,1,1,1,1,1,0.92,1,1,0.78,1,1,1,1,1,1,1,1,1,1,1,1,-1,0.93,1,1,1,1,1,0.99,1,1,-1,0.97,1,1,1,1,1,1,1,1,1,1,1,1,1,0.93,1,1,1,1
R-160,0.79,1,1,-1,1,1,1,1,1,1,1,0.19,1,1,1,1,1,-0.97,-1,-0.41,0.96,0.87,1,1,1,-0.83,0.58,1,-0.75,1,-1,0.92,-0.99,1,1,1,1,1,1,0.94,1,0.21,-1,0.92,1,1,1,1,1,1,1,-1,1,0.94,1,1,0.66,-1,1,1,1,0.95,1,-1,1,1,1,0,1,1,1,1,1,1,1,0.98,-1,1,1,1,1,-1,1,1,1,1,1,1,-1,-1,1,-1,1,-1,-1,0.86,1,1,1,1,1,1,1,1,1,-1,1,0.4,-0.68,1,1,1,1,1,1,1,1,1,0.96,-0.15,1,1,1,1,-1,1,1,-1,-0.83,-1,1,1,1,1,1,-1,1,-1,1,1,1,1,1,1,1,1,0.88,1
R-161,0.99,1,1,1,1,1,1,0.15,1,0.52,1,1,1,1,1,1,1,1,1,0.05,-0.37,1,1,-0.35,1,1,1,-0.41,1,1,0.61,1,1,1,1,1,1,0.6,1,0.91,0.55,1,1,1,1,1,1,1,1,1,1,1,0.95,1,1,0.99,0.93,1,1,0.66,1,-0.17,1,1,1,1,1,1,0,1,1,1,1,0.31,1,0.61,1,1,-0.27,1,1,-0.16,1,1,1,1,1,1,1,1,1,1,1,1,1,-0.1,1,1,0.85,1,0.96,1,-0.99,1,1,1,0.85,1,1,1,0.92,1,1,1,1,1,1,1,0.5,1,1,1,1,1,1,0.37,1,1,0.64,0.99,0.95,1,1,-0.66,1,1,1,1,1,1,0.96,1,1,-0.99,1,1,1,1
R-162,1,1,1,1,1,1,1,1,1,1,1,1,1,1,1,1,1,1,1,1,1,1,1,1,1,1,1,1,1,1,1,1,1,1,1,1,1,1,1,1,1,1,1,1,1,1,1,1,1,1,1,1,1,1,1,1,1,1,1,0.99,1,1,1,1,1,1,1,1,1,0,1,1,1,1,1,1,1,1,1,1,1,1,1,1,1,1,1,1,1,1,1,1,1,1,1,1,1,1,1,1,1,1,1,1,1,1,1,1,1,1,1,1,1,1,0.97,1,1,1,1,1,1,1,1,1,1,1,1,1,1,1,1,1,1,1,1,1,1,1,1,1,1,1,1,1,1,1,1,1
R-163,1,0.25,1,1,1,1,0.84,1,1,1,1,0.76,1,1,-0.95,1,1,1,1,0.33,0.99,1,1,1,1,1,1,1,1,1,0.96,1,1,1,0.87,0.96,1,1,1,1,1,1,1,0.99,1,1,0.98,1,0.99,0.87,1,0.99,1,1,1,1,1,1,1,0.97,1,0.63,1,1,1,1,1,1,1,1,0,1,1,1,1,0.92,1,0.99,1,1,0.9,0.98,1,1,1,1,0.38,1,1,1,1,1,1,0.99,0.94,1,1,1,1,1,1,1,0.99,1,1,1,1,1,1,1,1,1,0.99,1,1,0.99,0.98,1,0.91,1,1,1,1,1,1,0.65,1,1,0.4,1,1,1,1,0.99,1,1,1,1,1,1,1,1,0.64,1,1,1,1,1
R-164,1,1,1,1,1,1,1,1,1,1,0.42,1,1,1,1,1,1,1,1,1,1,1,1,1,1,1,1,0.98,1,1,1,1,1,1,1,1,1,1,1,1,1,1,1,1,1,0.99,1,1,1,1,1,1,1,1,1,1,1,1,1,0.56,1,1,1,1,1,1,1,1,1,1,1,0,1,1,1,1,1,1,1,1,1,1,0.95,1,1,1,1,1,1,1,1,1,1,1,1,1,1,1,1,1,0.97,1,1,1,1,1,1,1,1,1,1,1,1,1,1,1,1,1,1,1,1,1,0.93,1,1,1,1,1,1,1,1,1,1,1,1,1,1,1,1,1,0.98,1,1,1,1,1,1,1
R-165,1,1,1,0.99,1,1,0.7,1,1,1,1,1,1,1,0.97,0.99,1,1,1,0.98,1,1,1,1,0.94,1,1,1,1,1,1,1,1,1,0.99,-0.86,1,1,1,1,1,1,1,1,1,1,1,1,1,0.71,1,1,1,1,1,1,1,1,1,1,1,1,0.98,1,1,1,1,1,1,1,1,1,0,1,1,1,1,1,1,1,0.94,0.99,1,1,1,1,1,1,1,1,1,1,1,0.9,0.99,1,1,1,1,1,1,1,1,1,1,1,1,1,1,1,1,1,1,1,1,0.95,1,1,1,1,1,1,1,1,1,1,1,1,0.1,1,1,1,1,1,1,1,1,1,1,0.97,1,1,1,1,1,1,1,1
R-167,1,1,1,1,1,1,1,0.92,1,0.93,1,1,1,1,1,1,1,1,1,1,1,1,1,1,1,1,1,0.9,1,1,0.95,1,1,1,1,1,1,1,1,1,1,1,1,1,1,0.78,1,1,1,1,1,1,0.99,1,1,1,1,1,1,0.57,1,1,1,1,1,1,1,1,0.31,1,1,1,1,0,1,1,1,1,1,1,1,0.34,1,1,1,1,1,0.95,1,1,1,1,1,1,1,1,1,1,0.94,1,1,1,1,1,1,1,0.99,1,1,1,1,1,1,1,1,1,1,1,1,1,1,1,1,1,1,1,0.99,1,1,1,1,1,1,1,1,1,1,1,1,1,0.94,1,1,0.9,1,1,1,1
R-197,1,1,1,1,1,1,1,1,1,0.96,1,1,1,1,1,1,1,1,1,1,1,1,1,1,1,1,1,1,1,1,1,1,1,1,1,1,1,1,1,1,1,1,1,1,1,0.87,1,1,1,1,0.99,1,1,1,1,1,1,1,1,0.9,1,1,1,1,1,1,1,1,1,1,1,1,1,1,0,1,1,1,1,1,1,1,1,1,1,1,1,1,1,1,1,1,1,1,1,1,1,1,1,1,1,1,1,1,1,1,1,1,1,1,1,1,1,1,1,1,1,1,1,1,1,1,1,1,1,1,1,1,1,1,1,1,1,1,1,1,1,1,1,1,0.8,1,1,1,1,1,1,1
R-198,0.99,0.99,1,1,1,1,1,0.97,1,1,1,1,1,1,0.82,1,1,1,1,-0.93,-0.05,0.75,1,0.45,1,1,1,1,0.99,1,0.46,1,1,1,1,1,1,-0.98,1,-0.85,1,1,1,0.64,1,1,0.98,1,1,1,1,0.95,1,0.77,1,1,0.99,0.99,1,0.99,1,-0.8,1,1,1,1,-0.43,0.98,0.61,1,0.92,1,1,1,1,0,1,1,-0.25,1,1,0.96,1,1,1,1,0.95,1,1,0.98,1,1,1,0.97,0.99,0.16,1,1,1,1,1,1,-0.4,1,1,0.97,0.91,0.97,1,1,0.99,1,1,1,1,1,1,1,-0.84,1,1,1,1,1,1,0.93,1,1,-0.86,0.97,1,1,1,0.18,1,1,1,1,1,1,1,1,1,0.13,1,1,0.97,1
R-200,-0.22,1,1,-1,1,1,0.1,0.94,1,1,1,-1,0.94,1,1,0.66,1,-1,-1,-0.13,1,0.79,1,1,0.99,-0.86,0.36,1,-1,1,-1,-0.09,0.05,1,0.98,0.78,1,1,1,0.97,1,-0.43,-1,-0.45,1,1,1,0.99,1,0.6,1,-0.79,1,0.76,1,1,0.2,-1,0.97,1,1,0.98,0.83,-1,1,1,0.96,-1,1,1,1,1,1,1,1,1,0,1,1,1,0.7,-1,1,0.96,1,1,1,1,-1,-1,0.76,-1,1,-1,-1,0.99,0.38,1,1,0.96,1,1,0.8,1,1,-0.99,1,0.84,-0.95,1,0.47,1,1,0.34,1,0.98,0.96,1,0.53,-1,1,1,1,1,-1,0.93,1,-1,-0.99,-1,1,1,1,1,1,-1,0.82,-1,1,1,1,1,0.81,1,1,1,0.21,1
R-201,1,1,1,1,1,1,1,1,1,1,1,1,1,1,0.99,1,1,1,1,0.82,1,1,1,1,1,1,1,1,1,1,1,1,1,1,1,1,1,1,1,1,1,1,1,1,1,1,1,1,1,1,1,1,1,1,1,1,1,1,1,0.99,0.99,1,1,1,-0.72,1,1,1,1,1,0.99,1,1,1,1,1,1,0,1,1,1,0.98,1,1,1,0.98,1,1,1,1,1,1,-0.2,1,1,1,1,1,1,1,1,1,1,1,1,1,1,1,1,1,1,1,1,1,1,1,1,1,0.7,1,0.59,1,1,1,1,1,1,1,-0.17,1,1,1,1,1,1,1,1,1,1,0.99,1,1,1,1,1,1,1,1
R-202,1,1,1,1,1,1,1,0.92,1,0.08,1,1,1,1,1,1,1,1,1,-0.96,-0.9,0.99,1,-1,1,1,1,1,1,1,-0.17,1,1,1,1,1,1,0.87,1,0.94,0.98,1,1,0.15,1,1,1,1,1,1,1,0.97,1,1,1,1,1,1,1,-0.26,1,-1,1,1,1,1,1,1,-0.27,1,1,1,1,1,1,-0.25,1,1,0,1,1,0.92,1,1,1,1,1,1,1,1,1,1,1,0.97,0.98,-0.65,1,1,1,1,0.89,1,0.47,1,1,0.82,-0.12,1,1,1,1,1,1,1,1,1,1,1,-0.97,1,1,1,1,1,1,0.35,1,1,0.07,1,1,1,1,-0.84,1,1,1,1,1,1,0.85,1,1,-0.94,1,1,1,1
R-203,1,1,1,1,1,1,1,1,1,1,1,1,1,1,1,1,1,1,1,1,1,1,1,1,1,1,1,1,1,1,1,1,1,1,1,1,1,1,1,1,1,1,1,1,1,1,1,1,1,1,1,1,1,1,1,1,1,1,1,1,1,1,1,1,1,1,1,1,1,1,1,1,1,1,1,1,1,1,1,0,1,1,1,1,1,1,1,1,1,1,1,1,1,1,1,1,1,1,1,1,1,1,1,1,1,1,1,1,1,1,1,1,1,1,1,1,1,1,1,1,1,1,1,1,1,1,1,1,1,1,1,1,1,1,1,1,1,1,1,1,1,1,1,1,1,1,1,1
R-204,1,1,1,0.93,1,1,-1,1,1,1,1,1,1,1,0.76,-0.47,1,1,1,0.99,1,1,1,1,0.83,1,1,1,1,1,1,1,1,1,1,-0.83,1,1,1,1,1,1,1,1,1,1,1,1,1,-1,1,1,1,1,1,1,1,1,-0.55,1,1,1,1,1,1,1,1,1,1,1,0.9,1,0.94,1,1,1,0.7,1,1,1,0,0.97,1,1,1,1,1,1,1,1,0.73,1,1,0.65,1,1,0.99,1,1,1,1,1,1,1,1,1,1,1,1,1,1,1,1,0.99,1,1,0.89,1,0.98,-0.39,1,1,1,1,0.51,1,1,1,-1,1,1,1,1,1,1,0.99,1,1,1,1,1,1,1,1,1,1,1,1
R-205,-0.89,1,1,-1,1,1,0.63,-0.59,1,0.92,1,-1,0.33,0.99,0.95,0.96,1,-1,-1,-0.52,0.97,-0.52,1,0.85,0.99,-1,0.42,0.65,-1,0.35,-1,-0.29,-0.99,1,0.7,0.68,1,1,1,0.13,0.99,-0.34,-1,-0.74,1,1,0.99,-0.06,1,0.8,1,-1,0.93,0.6,0.64,1,-0.95,-1,0.78,0.87,1,-0.05,0.39,-1,1,1,0.71,-1,-0.16,1,0.98,1,0.99,0.34,1,0.96,-1,0.98,0.92,1,0.97,0,1,0.35,1,0.99,1,1,-1,-1,0.88,-1,1,-1,-1,0.94,0.51,1,0.8,0.75,0.98,0.99,-0.82,1,0.98,-1,0.99,-0.66,-1,1,-0.66,1,0.94,-0.13,0.96,0.98,0.91,1,-0.18,-0.98,1,1,1,1,-1,-0.33,1,-1,-0.75,-1,0.95,0.95,1,0.92,0.92,-1,0.97,-1,1,0.97,0.99,1,-0.77,0.85,1,1,-0.21,1
R-206,1,1,1,1,1,1,1,1,1,0.99,0.53,1,1,1,1,1,1,1,1,1,1,1,1,1,1,1,1,0.99,1,1,0.99,1,1,1,1,1,1,1,1,1,1,1,1,1,1,0.44,1,1,1,1,1,1,0.99,1,1,1,1,1,1,0.87,1,1,1,1,1,1,1,1,1,1,1,0.95,1,1,1,1,1,1,1,1,1,1,0,1,1,1,1,1,1,1,1,1,1,1,1,1,1,1,0.96,1,0.98,1,1,1,1,1,1,1,1,1,1,1,1,1,1,1,1,1,1,1,1,1,0.97,1,1,1,0.63,1,1,1,1,1,1,1,1,1,1,1,1,1,0.84,1,1,1,1,1,1,1
R-207,1,1,1,0.77,1,1,0.68,1,1,1,1,0.78,1,1,1,1,1,1,1,0.98,1,0.99,1,1,1,1,1,1,1,1,0.97,1,1,1,1,0.99,1,1,1,1,1,1,1,1,1,1,1,1,1,1,1,0.84,1,1,0.84,1,1,1,0.99,1,1,1,1,1,1,1,1,1,1,1,1,1,1,1,1,1,0.96,1,1,1,1,0.35,1,0,1,0.98,1,1,0.98,1,1,1,1,0.59,0.46,1,1,1,1,1,1,1,1,1,1,0.73,1,1,1,1,1,1,1,0.91,1,1,1,1,1,0.99,1,1,1,1,0.99,1,1,1,-0.38,1,1,1,1,1,1,1,1,1,1,0.92,1,1,0.7,1,1,1,1,1
R-208,1,1,1,1,1,1,1,1,1,0.99,1,1,1,1,1,1,1,1,1,1,1,1,1,1,1,1,1,1,1,1,0.99,1,1,1,1,1,1,1,1,1,1,1,1,1,1,1,1,1,1,1,1,1,1,1,1,1,1,1,1,0.85,1,1,1,1,1,1,1,1,1,1,1,1,1,1,1,1,1,1,1,1,1,1,1,1,0,1,1,1,1,1,1,1,1,1,1,1,1,1,1,1,1,1,1,1,1,1,1,1,1,1,1,1,1,1,1,1,1,1,1,1,1,1,1,1,1,1,1,1,1,1,1,1,1,1,1,1,1,1,1,1,0.92,1,1,1,1,1,1,1
R-209,1,1,1,1,0.6,0.95,1,1,1,1,1,1,1,1,1,1,1,1,1,0.95,1,1,1,1,0.99,1,1,1,1,1,1,1,1,1,1,0.98,1,1,1,1,1,1,1,1,1,1,1,0.97,1,1,1,1,1,1,1,0.53,1,1,1,1,1,1,1,1,1,1,1,1,1,1,1,1,1,1,1,1,1,0.98,1,1,1,0.99,1,0.98,1,0,1,1,1,1,1,1,1,1,1,1,1,1,1,1,1,1,1,1,1,1,1,1,1,1,1,1,1,1,1,1,0.97,1,1,0.99,1,1,1,1,1,1,1,1,0.91,1,1,0.94,1,1,1,1,1,1,1,0.7,1,0.99,1,1,1,1,1,0.27
R-210,1,1,1,1,1,1,1,1,1,1,1,1,1,1,0.26,1,1,1,1,0.91,1,1,1,1,1,1,1,1,1,1,1,1,1,1,1,1,1,1,1,1,1,1,1,1,1,1,1,1,1,0.99,1,1,1,1,1,1,1,1,1,1,1,1,1,1,1,1,1,1,1,1,0.38,1,1,1,1,0.95,1,1,1,1,1,1,1,1,1,1,0,1,1,1,1,1,1,1,0.98,1,1,1,1,1,1,1,1,1,1,1,1,1,1,1,1,1,1,1,1,1,1,1,1,1,1,1,1,1,1,1,1,1,0.98,1,1,1,1,1,1,1,1,1,1,1,1,1,1,1,1,1,1,1
R-211,1,1,1,1,1,1,1,1,1,0.82,1,1,1,1,1,1,1,1,1,0.98,0.99,1,1,0.97,1,1,1,1,1,1,0.96,1,1,1,1,1,1,1,1,1,1,1,1,1,1,0.99,1,1,1,1,1,1,1,1,1,1,1,1,1,-0.4,1,0.94,1,1,1,0.99,1,1,1,1,1,1,1,0.95,1,1,1,1,1,1,1,1,1,1,1,1,1,0,1,1,1,1,1,1,1,1,1,1,1,1,1,1,1,1,1,1,0.9,1,1,1,1,1,1,1,1,1,1,1,1,1,1,1,1,1,1,1,1,1,1,1,1,1,1,1,1,1,1,1,1,1,0.72,1,1,1,1,1,1,1
R-212,-0.7,1,1,-1,1,1,0.97,0.88,1,1,1,-1,0.97,1,1,1,1,-1,-1,-0.47,0.99,0.4,1,0.99,1,-1,-0.39,1,-0.95,0.97,-1,0.7,-1,1,1,1,1,1,1,0.86,1,-0.08,-1,0.65,1,1,1,0.72,1,1,1,-1,1,0.98,0.39,1,0.25,-1,1,0.79,1,0.91,1,-1,1,1,0.98,-1,1,1,1,1,1,1,1,1,-1,1,1,1,1,-1,1,0.98,1,1,1,1,0,-1,1,-1,1,-1,-1,1,1,1,1,0.98,0.98,1,1,1,1,-1,1,-0.24,-0.98,1,0.86,1,1,0.6,0.97,1,1,1,0.96,-0.33,1,1,1,1,-1,1,1,-1,-0.2,-1,1,1,1,1,0.98,-0.99,1,-1,1,1,1,1,-0.52,1,1,1,-0.05,1
R-213,0.28,1,1,-1,1,1,1,0.99,1,0.93,1,-0.94,1,1,1,1,1,-1,-1,-0.82,0.97,0.65,1,0.99,1,-0.98,0.7,1,-0.79,1,-1,0.6,-0.98,1,1,1,1,1,1,0.99,1,0,-1,0.88,1,1,1,0.99,1,1,1,-1,1,0.98,1,1,0.12,-1,1,0.94,1,0.83,1,-1,1,1,1,-1,1,1,1,1,1,1,1,0.98,-1,1,1,1,1,-1,1,1,1,1,1,1,-1,0,1,-1,1,-1,-1,0.98,1,1,1,1,1,1,1,1,1,-1,1,-0.66,-0.99,1,1,1,1,0.98,1,1,1,1,0.44,-0.79,1,1,1,1,-1,1,1,-1,-0.96,-1,1,1,1,1,1,-1,1,-1,1,0.99,1,1,0.94,1,1,1,0.69,1
R-214,1,1,1,0.39,1,1,-1,1,1,1,1,1,1,1,1,-0.9,1,1,1,0.99,1,0.99,1,1,0.77,1,1,1,1,1,1,1,1,1,1,-0.08,1,1,1,1,1,1,1,1,1,1,1,1,1,-0.89,1,0.99,1,1,1,1,1,1,0.65,1,1,1,1,1,1,1,1,1,1,1,1,1,1,1,1,1,0.76,1,1,1,0.73,0.88,1,1,1,1,1,1,1,1,0,1,1,0.26,0.95,1,0.99,1,1,1,1,1,1,1,1,0.88,1,1,1,1,1,1,1,1,1,1,1,1,0.95,-0.57,1,1,1,1,0.35,1,1,1,-1,1,1,1,1,1,1,0.98,1,1,1,1,1,1,1,1,1,1,1,1
R-215,-0.82,1,1,-1,1,1,1,0.61,1,1,1,0.82,1,1,1,1,1,-1,-1,-0.92,1,1,1,1,1,0.63,-0.88,1,-1,1,-1,-0.98,0.98,1,1,1,1,1,1,1,1,-0.69,-1,1,1,1,1,1,1,1,1,-0.95,1,1,1,1,-0.33,-1,1,1,1,1,1,-1,1,1,1,-1,1,1,1,1,1,1,1,1,-1,1,1,1,1,-1,1,1,1,1,1,1,-1,-1,1,0,1,-1,-1,0.98,1,1,1,0.96,1,1,1,1,1,-1,1,1,0.92,1,0.99,1,1,1,1,1,1,1,0.99,-1,1,1,1,1,-1,1,1,-0.66,-0.38,-0.95,1,1,1,1,1,-1,1,-0.32,1,1,1,1,1,1,1,1,0.18,1
R-216,1,1,1,1,1,1,1,1,1,1,1,1,1,1,1,1,1,1,1,1,1,1,1,1,1,1,1,1,1,1,1,1,1,1,1,1,1,1,1,1,1,1,1,1,1,1,1,1,1,1,1,1,1,1,1,1,1,1,1,1,1,1,1,1,-0.83,1,1,1,1,1,1,1,1,1,1,1,1,-0.2,1,1,1,1,1,1,1,1,1,1,1,1,1,1,0,1,1,1,1,1,1,1,1,1,1,1,1,1,1,1,1,1,1,1,1,1,1,1,1,1,1,1,-0.94,1,1,1,1,1,1,1,1,1,1,1,1,1,1,1,1,1,1,1,1,1,1,1,1,1,1,1
R-217,-1,1,1,-1,1,1,0.81,-0.99,1,1,1,-1,0.86,1,0.88,0.84,1,-1,-1,-0.96,1,-0.2,1,1,0.97,-0.99,-1,1,-1,0.7,-1,-0.91,-0.74,1,0.95,0.59,1,1,1,-0.13,1,-1,-1,-0.53,1,1,1,0.78,1,0.75,1,-0.82,1,-0.43,0.95,0.93,-1,-1,0.86,1,1,0.87,0.4,-1,1,1,0.72,-1,1,1,0.99,1,0.9,1,1,0.97,-1,1,0.97,1,0.65,-1,1,0.59,1,1,1,1,-1,-1,0.26,-1,1,0,-1,0.76,0.02,1,1,-1,1,1,-0.66,1,1,-0.99,1,0.19,-0.98,1,-1,1,1,0.1,0.97,-0.04,0.88,1,-0.13,-0.99,1,1,1,1,-1,0.89,1,-1,-0.81,-1,1,0.49,1,0.99,1,-1,-1,-1,1,0.94,1,1,-0.32,1,1,1,-1,1
R-218,-0.81,1,1,-1,1,1,0.89,0.99,1,1,1,-1,0.97,1,0.99,1,1,-1,-1,0,0.96,0.4,1,0.94,1,-0.99,-0.65,1,-1,0.87,-1,-0.62,-0.98,1,0.98,0.94,1,1,1,0.9,1,-0.92,-1,0.21,1,1,1,-0.57,1,0.89,1,-1,1,0.77,0.9,0.99,-0.23,-1,1,0.4,1,0.62,0.91,-1,1,1,0.64,-1,1,1,0.94,1,0.99,1,1,0.99,-1,1,0.98,1,1,-1,1,0.46,1,1,0.98,1,-1,-1,0.95,-1,1,-1,0,0.96,0.89,0.98,1,0.77,0.88,1,0.96,1,0.97,-1,1,-0.88,-1,1,0.82,1,1,0.23,0.68,1,0.92,1,0.9,-0.96,1,1,1,1,-1,1,1,-0.99,0.25,-1,1,0.73,1,0.94,0.97,-1,0.76,-1,0.68,0.96,0.99,0.99,-0.61,0.96,1,1,-0.16,0.99
R-219,0.98,1,1,1,1,1,1,0.44,1,1,1,1,1,1,1,1,1,0.85,1,-0.88,-0.91,0.96,1,-0.26,1,1,1,1,0.64,1,0.85,0.82,1,1,1,1,1,0.93,1,-0.21,1,0.95,0.93,-0.51,1,1,1,1,1,1,1,0.98,1,0.24,1,1,0.92,0.93,1,1,1,-0.23,1,0.71,1,1,0.87,0.86,-0.1,1,1,1,1,1,1,0.16,0.99,1,-0.65,1,1,0.94,1,1,1,1,1,1,1,0.98,1,0.98,1,0.76,0.96,0,1,1,1,0.99,1,1,-0.77,1,1,1,1,1,1,1,0.99,1,1,1,1,1,1,1,0.35,1,1,1,1,1,1,0.97,1,0.98,-0.55,0.96,1,1,1,-0.98,1,1,1,1,1,1,1,1,1,-0.99,1,1,1,1
R-220,1,1,1,-0.54,1,1,-1,1,1,1,1,1,0.91,1,0.3,-0.02,1,1,1,0.99,1,0.97,1,1,0.96,1,1,1,1,0.99,0.99,1,1,1,0.99,0.64,1,1,1,1,1,1,1,1,1,1,1,1,1,-0.43,1,0.91,1,1,1,1,1,0.98,-0.04,1,1,1,-0.03,1,1,1,1,1,1,1,1,1,1,1,1,1,0.38,1,1,1,0.99,0.51,1,1,1,1,1,1,1,1,0.99,1,1,0.02,0.89,1,0,1,1,1,1,1,1,1,1,0.91,1,1,1,1,1,1,1,0.37,1,1,1,1,0.96,0.03,1,1,1,1,0.07,1,1,1,-1,1,1,1,1,1,1,0.93,1,1,1,1,1,1,1,1,1,1,1,1
R-221,1,1,1,1,1,1,1,1,1,1,1,1,1,0.84,1,1,1,1,1,1,1,1,1,1,1,1,1,1,1,1,1,1,1,1,1,1,1,1,0.37,1,1,1,1,1,1,1,1,1,1,1,1,1,1,1,1,1,1,1,1,1,1,1,1,1,1,1,1,1,1,1,1,1,1,1,1,1,1,1,1,1,1,1,1,1,1,1,1,1,1,1,1,1,1,1,0.98,1,1,0,1,1,1,1,1,1,1,0.8,1,1,1,1,1,1,1,1,1,1,1,1,1,1,1,1,1,1,1,1,1,1,1,1,1,1,1,1,1,1,1,1,1,1,1,1,1,1,1,1,1,1
R-222,1,1,1,1,1,1,1,0.97,1,-0.4,1,1,1,1,1,1,1,1,1,0.99,0.95,1,1,0.99,1,1,1,-0.68,1,1,0.83,1,1,1,1,1,1,1,1,1,0.45,1,1,1,1,0.79,1,1,1,1,1,1,0.67,1,1,1,1,1,1,-1,1,0.95,1,1,1,1,1,1,0.85,1,1,1,1,0.94,1,1,1,1,1,1,1,0.8,0.96,1,1,1,1,1,1,1,1,1,1,1,1,1,1,1,0,1,-0.95,1,1,1,1,1,-0.75,1,1,1,1,1,1,1,1,1,1,1,1,1,1,1,1,1,1,1,0.86,1,1,1,0.92,1,1,0.74,1,1,1,1,1,1,-0.98,1,1,0.99,1,1,1,1
R-223,-1,1,1,1,1,1,1,-1,1,1,1,1,1,1,1,1,1,-0.29,1,-0.93,1,1,1,1,1,1,-0.98,1,-0.01,1,0.91,0.56,1,1,1,1,1,1,1,0.52,1,0.66,1,1,1,1,1,1,1,1,1,0.96,1,0.99,1,1,-0.99,1,1,1,1,1,1,0.98,1,1,1,1,1,1,1,1,1,1,1,1,0.96,1,1,1,1,0.75,1,1,1,1,1,1,0.98,1,1,0.96,1,-1,0.77,0.99,1,1,1,0,1,1,1,1,1,1,1,1,1,1,-0.99,1,1,1,1,1,1,1,0.92,0.72,1,1,1,1,0.98,1,1,1,0.88,1,1,1,1,1,1,0.98,-0.86,1,1,1,1,1,1,1,1,1,-0.79,1
R-224,1,1,0.89,1,1,1,1,1,0.99,-0.92,0.87,1,1,1,1,1,1,1,1,0.98,0.99,1,1,0.92,1,1,1,-0.26,1,1,0.27,1,1,1,1,1,1,1,1,1,-0.99,1,1,1,1,0.99,1,1,1,1,0.91,0.91,0.75,1,1,1,1,1,1,-1,1,0.94,1,1,1,1,1,1,0.96,1,1,0.97,1,1,1,1,1,1,0.89,1,1,0.98,0.98,1,1,1,1,1,0.98,1,1,1,1,1,0.88,1,1,1,-0.95,1,0,1,1,1,1,1,-0.55,1,1,-0.74,1,1,0.93,1,1,1,1,1,0.9,1,1,1,0.83,1,1,1,0.99,1,1,1,0.64,1,1,0.98,1,1,1,1,1,1,-0.98,1,1,0.98,1,1,1,1
R-281,1,1,1,1,1,1,1,1,1,1,1,1,1,1,1,1,1,1,1,1,1,1,1,1,1,1,1,1,1,1,1,1,1,1,1,1,1,1,1,1,1,1,1,1,1,1,1,1,1,1,1,1,1,1,1,0.99,1,1,1,1,1,1,1,1,1,1,1,1,1,1,1,1,1,1,1,1,1,1,1,1,1,0.99,1,1,1,1,1,1,1,1,1,1,1,1,1,1,1,1,1,1,1,0,1,1,1,1,1,1,1,1,1,1,1,1,1,1,1,1,1,1,1,1,1,1,1,1,1,1,1,1,1,1,1,1,1,1,1,1,1,1,1,1,1,1,1,1,1,1
R-282,0.89,1,1,0.91,1,1,-0.13,-0.92,1,1,1,1,1,1,0.98,0.99,1,1,1,-0.98,0.37,-0.37,1,0.09,0.96,1,1,1,0.72,1,0.66,0.99,1,1,1,0.85,1,1,1,0.87,1,1,1,0.27,1,1,1,1,1,0.99,1,0.96,1,0.01,1,1,0.68,0.58,1,0.99,1,-0.92,1,0.97,1,1,0.92,1,-0.99,1,0.99,1,1,1,1,-0.4,0.8,1,0.47,1,1,-0.82,1,1,1,1,1,1,1,1,1,1,1,-0.66,0.96,-0.77,1,1,1,1,1,1,0,1,1,0.61,0.98,1,1,1,0.84,1,1,1,1,1,1,1,-1,0.04,1,1,1,1,0.51,-0.8,1,1,-1,1,1,1,1,0.36,1,0.96,1,1,1,1,1,1,1,-0.97,1,1,0.98,1
R-283,1,1,1,1,1,1,1,1,1,1,1,1,1,1,1,1,1,1,1,1,1,1,1,1,1,1,1,1,1,1,0.99,1,1,1,1,1,1,1,1,1,1,1,1,1,1,1,1,1,1,1,1,1,1,1,1,1,1,1,1,0.59,1,1,1,1,1,1,1,1,1,1,1,1,1,1,1,1,1,1,1,1,1,1,1,1,1,1,1,1,1,1,1,1,1,1,1,1,1,1,1,1,1,1,1,0,1,1,1,1,1,1,1,1,1,1,1,1,1,1,1,1,1,1,1,1,1,1,1,1,1,1,1,1,1,1,1,1,1,1,1,1,0.98,1,1,1,1,1,1,1
R-284,1,1,1,0.95,1,1,1,1,1,1,1,1,1,0.88,1,1,1,1,1,1,1,1,1,1,1,1,1,1,1,1,1,1,1,1,1,1,1,1,1,1,1,1,1,1,1,1,1,1,1,1,1,1,1,1,1,1,1,1,1,1,1,1,1,1,1,1,1,1,1,1,1,1,1,1,1,1,1,1,1,1,1,0.98,1,1,1,1,1,1,1,1,1,1,1,1,0.97,1,1,1,1,1,1,1,1,1,0,-0.02,1,1,1,1,1,1,1,1,1,1,1,1,1,1,1,1,1,1,1,1,1,0.96,0.96,0.94,1,1,1,1,1,1,1,1,1,1,1,1,1,1,1,1,1,1
R-285,0.43,1,1,-1,1,1,0.8,0.86,1,0.41,1,-1,0.48,0.73,0.99,1,1,-0.99,-1,-0.78,0.96,-0.3,1,0.81,1,-1,0.04,1,-0.99,1,-1,-0.25,-1,1,0.93,0.93,1,0.99,0.99,0.87,0.9,-0.48,-1,-0.47,1,1,1,0.32,1,0.95,1,-1,1,0.92,0.53,1,0.34,-1,1,0.83,1,-0.43,0.85,-0.98,1,1,0.78,-1,1,1,1,1,1,1,1,0.97,-0.99,1,0.82,1,1,-1,1,0.73,1,1,1,1,-1,-1,0.88,-1,1,-0.99,-1,1,0.91,0.8,1,1,1,1,0.61,1,-0.02,0,0.95,-0.96,-0.99,1,0.82,1,0.95,0.02,0.99,0.99,0.93,1,0.46,-0.98,1,1,1,1,-0.94,0.93,1,-1,-0.89,-1,0.99,0.9,1,0.99,0.53,-0.99,0.98,-1,0.95,0.98,0.95,1,-0.58,0.99,1,1,-0.65,0.91
R-286,1,1,0.89,1,1,1,1,1,0.98,-1,0.94,1,1,1,1,1,1,1,1,0.31,0.78,1,1,0.71,1,1,1,0.1,1,1,0.46,1,1,1,1,1,1,0.95,1,1,-1,1,1,1,1,1,1,1,1,1,-0.27,0.99,1,1,1,1,1,1,1,-0.99,1,0.06,1,1,1,0.99,1,1,0.85,1,1,1,1,0.99,1,0.91,1,1,-0.12,1,1,0.99,1,1,1,1,1,0.9,1,1,1,1,1,1,1,1,1,1,-0.75,1,-0.55,1,0.98,1,1,0.95,0,1,1,-1,1,1,1,1,1,1,1,1,0.93,1,1,1,0.87,1,1,1,0.99,1,0.95,1,0.82,1,1,0.84,1,1,1,1,1,1,-1,0.99,1,0.85,1,1,1,1
R-287,1,1,1,-0.79,1,1,1,1,1,1,1,1,1,1,1,1,1,0.89,0.57,0.44,1,0.98,1,1,1,0.85,1,1,0.99,1,0.29,1,0.98,1,1,1,1,1,1,1,1,0.99,0.99,1,1,1,1,1,1,1,1,-0.95,1,1,1,1,1,0.12,1,1,1,1,1,0.99,1,1,1,0.4,1,1,1,1,1,1,1,0.97,0.84,1,1,1,1,-0.66,1,1,1,1,1,1,-0.24,-0.66,1,1,1,0.19,-0.88,1,1,1,1,1,1,1,1,1,1,-0.96,1,0,-0.25,1,1,1,1,1,1,1,1,1,1,0.77,1,1,1,1,1,1,1,0.88,-0.17,0.44,1,1,1,1,1,0.99,1,0.99,1,1,1,1,1,1,1,1,0.95,1
R-288,0.98,1,1,-1,1,1,1,0.97,1,1,1,0.91,1,1,1,1,1,-0.56,-0.38,0.67,1,0.27,1,1,1,-0.48,1,1,0.24,1,-0.98,0.99,0.26,1,1,1,1,1,1,1,1,0.37,-0.11,1,1,1,1,1,1,1,1,-1,1,1,1,1,0.8,-1,1,0.96,1,1,1,-0.67,1,1,1,-0.68,1,1,1,1,1,1,1,1,-0.95,1,1,1,1,-1,1,1,1,1,1,1,-0.98,-0.99,1,0.92,1,-0.98,-1,1,1,1,1,1,1,1,1,1,1,-0.99,1,-0.25,0,1,1,1,1,1,1,1,1,1,0.52,-0.26,1,1,1,1,-0.48,1,1,-0.36,-0.94,-0.8,1,1,1,1,1,0.02,1,0.44,1,0.98,1,1,1,1,1,1,0.86,1
R-289,1,1,1,1,1,1,1,1,1,-0.99,1,1,1,1,1,1,1,1,1,1,1,1,1,1,1,1,1,1,1,1,0.99,1,1,1,1,1,1,1,1,1,-0.85,1,1,1,1,0.99,1,1,1,1,1,1,0.99,1,1,1,1,1,1,-0.9,1,1,1,1,1,1,1,1,1,1,1,1,1,1,1,1,1,1,1,1,1,1,1,1,1,1,1,1,1,1,1,1,1,1,1,1,1,1,1,1,-0.74,1,1,1,1,1,-1,1,1,0,1,1,1,1,1,1,1,1,1,1,1,1,1,1,1,1,1,1,1,1,1,1,1,1,1,1,1,1,1,1,-1,1,1,1,1,1,1,1
R-291,-0.97,1,1,0.98,1,1,1,-1,1,0.89,1,1,1,1,1,1,1,0.64,0.99,-0.86,1,0.98,1,1,1,1,-0.59,1,0.14,1,0.4,0.91,1,1,1,1,1,1,1,0.94,1,0.9,1,1,1,1,1,1,1,1,1,0.67,1,1,1,1,-1,0.89,1,0.75,1,0.99,1,0.86,1,1,1,1,0.92,1,1,1,1,1,1,0.99,0.47,1,1,1,1,-0.66,1,1,1,1,1,1,0.86,1,1,0.99,1,-1,0.82,0.99,1,1,1,-0.99,1,1,0.84,1,1,0.82,1,1,1,1,0,1,1,1,1,1,1,1,-0.11,0.94,1,1,1,1,0.93,1,1,1,0.11,0.99,1,1,1,1,1,0.72,0.98,1,1,1,1,1,1,0.92,1,1,-0.93,1
R-292,1,1,1,1,1,1,1,1,1,1,1,1,1,1,1,1,1,1,1,0.97,1,1,1,1,1,1,1,1,1,1,1,1,1,1,1,1,1,1,1,1,1,1,1,1,1,1,1,1,1,1,1,1,1,1,1,1,1,1,1,1,1,1,1,1,1,1,1,1,1,1,1,1,1,1,1,1,1,1,1,1,1,1,1,1,1,1,1,1,1,1,1,1,1,1,1,1,1,1,1,1,1,1,1,1,1,1,1,1,1,1,1,0,1,1,1,1,1,1,1,1,1,1,1,1,1,1,1,1,0.98,1,1,1,1,1,1,1,1,1,1,1,1,1,1,1,1,1,1,1
R-293,1,1,1,1,1,1,0.98,1,1,0.97,1,1,1,1,0.97,1,1,1,1,0.85,1,1,1,1,1,1,1,1,1,1,0.69,1,1,1,1,1,1,1,1,1,1,1,1,1,1,0.95,1,1,1,1,1,1,1,1,1,1,1,1,1,0.72,1,0.98,1,1,1,1,1,1,1,1,0.99,1,1,1,1,1,1,1,1,1,1,0.94,1,1,1,1,1,1,1,1,1,1,1,1,1,1,1,1,1,1,0.93,1,1,1,1,0.95,1,1,1,1,1,1,0,1,1,1,1,1,0.99,1,1,1,1,1,1,1,1,1,0.07,1,1,1,1,1,1,1,1,1,1,1,0.94,1,1,1,1,1,1,1
R-294,1,1,1,-0.19,1,1,-0.76,1,1,1,1,0.78,0.97,1,0.98,1,1,0.95,1,0.88,1,0.99,1,1,1,1,1,1,1,1,0.88,1,1,1,0.76,0.94,1,1,1,1,1,1,1,1,1,1,1,1,1,0.86,1,0.31,1,1,0.99,1,1,0.97,0.83,1,1,1,0.04,0.99,1,1,1,1,1,1,1,1,1,1,1,1,0.34,1,1,1,0.99,-0.13,1,0.91,1,1,1,1,0.6,0.98,1,1,1,0.1,0.23,1,0.37,1,1,1,1,1,1,1,1,0.02,1,1,1,1,1,1,1,0,1,1,1,1,0.98,0.23,1,1,1,1,0.79,1,1,1,-0.99,1,1,1,1,1,1,0.95,1,1,1,0.98,1,1,-0.25,1,1,1,1,1
R-295,1,1,1,0.99,1,0.99,0.94,1,1,1,1,0.99,1,1,1,1,1,1,1,1,1,1,1,1,1,1,1,1,1,1,0.99,1,1,1,1,1,1,1,1,1,1,1,1,1,1,1,1,1,1,1,1,0.99,1,1,1,0.97,1,1,1,0.99,1,1,1,1,1,1,1,1,1,0.97,1,1,1,1,1,1,1,1,1,1,1,0.96,1,1,1,1,1,1,0.97,1,1,1,1,0.97,0.68,1,1,1,1,1,1,1,1,1,1,0.99,1,1,1,1,1,1,1,1,0,1,1,1,1,1,1,1,1,1,1,1,1,1,0.97,1,1,1,1,1,1,1,1,1,1,1,1,1,0.98,1,1,1,1,1
R-296,1,1,1,0.99,1,1,0.56,1,1,1,1,1,1,1,0.97,0.97,1,1,1,0.98,1,1,1,1,1,1,1,1,1,1,1,1,1,1,1,0.52,1,1,1,1,1,1,1,1,1,1,1,1,1,0.86,1,1,1,1,1,1,1,1,1,1,1,1,1,1,1,1,1,1,1,1,0.99,1,0.95,1,1,1,0.98,1,1,1,1,0.98,1,1,1,1,1,1,1,1,1,1,1,-0.04,1,1,1,1,1,1,1,1,1,1,1,0.99,1,1,1,1,1,1,1,1,1,0,1,1,0.99,0.86,1,1,1,1,0.96,1,1,1,-0.88,1,1,1,1,1,1,1,1,1,1,0.99,1,1,1,1,1,1,1,1
R-297,1,1,1,0.99,1,0.9,-0.97,1,1,1,1,1,1,1,0.92,1,1,0.98,1,0.91,1,1,1,1,1,1,1,1,1,1,1,0.98,1,1,1,1,1,1,1,1,1,1,1,1,1,1,1,1,1,0.02,1,0.96,1,1,1,1,1,1,1,1,1,1,1,1,1,1,1,1,1,1,0.98,1,1,1,1,1,0.96,1,1,1,0.89,0.91,1,1,1,0.97,1,1,1,1,1,1,1,0.88,0.92,1,1,1,1,1,1,1,1,1,1,0.93,1,1,1,1,1,1,1,1,1,1,0,1,1,0.1,1,1,1,1,0.96,1,1,1,-0.2,1,1,1,1,1,1,0.9,1,1,0.92,0.99,1,1,1,1,1,1,1,1
R-298,1,1,1,1,1,1,1,1,1,1,1,1,1,1,1,1,1,1,1,1,1,1,1,1,1,1,1,1,1,1,1,1,1,1,1,1,1,1,1,1,1,1,1,1,1,1,1,1,1,1,1,1,1,1,1,0.98,1,1,1,1,1,1,1,1,1,1,1,1,1,1,1,1,1,1,1,1,1,1,1,1,1,1,1,1,1,1,1,1,1,1,1,1,1,1,1,1,1,1,1,1,1,1,1,1,1,1,1,1,1,1,1,1,1,1,1,1,1,0,1,1,1,1,1,1,1,1,1,1,1,1,1,1,1,1,1,1,1,1,1,1,1,1,1,1,1,1,1,1
R-301,0.89,1,1,0.31,1,1,0.73,-0.08,1,0.98,1,0.8,0.97,1,0.74,0.82,1,0.7,0.99,-0.99,0.72,-0.98,1,-0.68,0.82,1,1,1,-0.46,1,0.15,0.84,1,1,0.99,0.29,1,-0.56,1,-1,0.98,0.99,0.99,-0.98,1,1,0.93,1,1,0.9,1,0.76,1,-0.92,1,0.99,0.2,0,0.85,0.78,1,-0.99,1,0.45,1,1,-1,0.96,0.5,1,0.91,1,1,1,1,-0.84,0.53,0.7,-0.97,1,0.98,-0.18,1,1,1,1,1,1,0.96,0.44,0.95,0.99,1,-0.13,0.9,0.35,0.96,1,1,0.92,0.9,1,-1,1,1,0.46,0.93,1,0.52,1,-0.11,1,0.99,0.98,1,0.99,1,1,0,-0.3,1,1,1,1,0.4,-0.97,1,0.95,-1,0.95,1,1,1,0.12,1,0.94,0.94,1,1,0.99,0.98,1,1,-0,1,1,0.75,1
R-302,0.63,1,1,-0.99,1,1,-0.94,0.13,1,1,1,-0.98,0.82,1,0.98,-0.53,1,-1,0.42,-0.9,1,0.75,1,1,0.92,0.8,0.14,1,-1,1,-0.84,-1,0.88,1,0.98,0.21,1,1,1,0.66,1,-0.6,0.05,-0.76,1,1,1,1,1,-0.81,1,-0.72,1,0.63,1,1,0.47,-0.6,0.91,1,1,0.96,0.83,-1,1,1,0.93,-0.15,1,1,1,1,1,1,1,1,-1,1,1,1,-0.39,-0.98,1,0.99,1,0.99,1,1,-0.33,-0.79,-0.57,-1,1,-0.99,-0.96,1,0.03,1,1,0.72,1,1,0.04,1,1,-0.98,1,0.77,-0.26,1,0.94,1,1,0.23,1,0.86,0.1,1,-0.3,0,1,1,1,1,-1,0.99,1,-0.74,-1,-0.59,1,1,1,1,1,-1,0.97,0.2,1,0.97,1,1,0.64,1,1,1,-0.08,1
R-303,1,1,1,1,1,1,1,1,1,1,1,1,1,1,1,1,1,1,1,1,1,1,1,1,1,1,1,1,1,1,1,1,1,1,1,1,1,1,1,1,1,1,1,1,1,1,1,1,1,1,1,1,1,1,1,1,1,1,1,1,1,1,1,1,-1,1,1,1,1,1,1,1,1,1,1,1,1,0.59,1,1,1,1,1,1,1,1,1,1,1,1,1,1,-0.94,1,1,1,1,1,1,1,1,1,1,1,1,1,1,1,1,1,1,1,1,1,1,1,1,1,1,1,0,1,1,1,1,1,1,1,1,1,1,1,1,1,1,1,1,1,1,1,1,1,1,1,1,1,1,1
R-304,1,1,1,1,1,1,1,1,1,1,1,1,1,1,1,1,1,1,1,1,0.99,1,1,1,1,1,1,1,1,1,1,1,1,1,1,1,1,1,1,1,1,1,1,1,1,1,1,1,1,1,1,1,1,1,1,1,1,1,1,1,1,1,1,1,1,1,1,1,1,1,1,1,1,1,1,1,1,1,1,1,1,1,1,1,1,1,1,1,1,1,1,1,1,1,1,1,1,1,1,1,1,1,1,1,1,1,1,1,1,1,1,1,1,1,1,1,1,1,1,1,1,0,1,1,1,1,1,1,1,1,1,1,1,1,1,1,1,1,1,1,1,1,1,1,1,1,1,1
R-305,1,1,-0.37,1,1,1,1,1,1,0.69,0.99,1,1,1,1,1,1,1,1,1,1,1,1,1,1,1,1,1,1,1,1,1,1,1,1,1,1,1,1,1,1,1,1,1,1,0.95,1,1,1,1,0.95,1,1,1,1,1,1,1,1,-0,1,1,1,1,1,1,1,1,1,1,1,0.93,1,1,1,1,1,1,1,1,1,1,0.97,1,1,1,1,1,1,1,1,1,1,1,1,1,1,1,1,1,0.83,1,1,1,1,1,0.87,1,1,1,1,1,1,1,1,1,1,1,1,1,1,1,0,1,1,1,0.99,1,1,1,1,1,1,1,1,1,1,1,1,1,0.16,1,1,1,1,1,1,1
R-306,1,1,1,1,1,1,1,1,1,1,1,1,1,1,1,1,1,1,1,1,1,1,1,1,1,1,1,1,1,1,1,1,1,1,1,1,1,1,1,1,1,1,1,1,1,1,1,1,1,1,1,1,1,1,1,1,1,1,1,1,1,1,1,1,1,1,1,1,1,1,1,1,1,1,1,1,1,1,1,1,1,1,1,1,1,1,1,1,1,1,1,1,1,1,1,1,1,1,1,1,1,1,1,1,1,1,1,1,1,1,1,1,1,1,1,1,1,1,1,1,1,1,1,0,1,1,1,1,1,1,1,1,1,1,1,1,1,1,1,1,1,1,1,1,1,1,1,1
R-307,-0.38,1,1,-1,1,1,-0.21,0.81,1,1,1,-1,0.86,1,1,0.74,1,-1,-1,-0.26,1,0.73,1,1,0.99,-0.49,0.45,1,-1,0.99,-1,0.22,0.64,1,0.99,0.8,1,1,1,1,1,-0.37,-0.99,0.5,1,1,1,1,1,0.16,1,-0.64,1,0.87,1,0.99,-0.2,-1,0.95,1,1,1,0.71,-1,1,1,1,-1,1,1,1,1,1,1,1,1,-1,1,1,1,0.51,-1,1,0.99,1,1,1,1,-1,-1,0.35,-1,1,-1,-1,1,0.07,1,1,0.98,1,1,0.51,1,1,-0.94,1,1,-0.48,1,0.93,1,1,0.79,1,0.96,0.96,1,0.4,-1,1,1,1,1,0,0.99,1,-1,-1,-0.95,1,1,1,1,1,-1,0.81,-1,1,1,1,1,0.81,1,1,1,0.4,1
R-308,1,1,1,0.99,1,1,0.18,0.96,1,1,1,1,1,1,0.46,1,1,1,1,-0.53,0.25,0.75,1,0.08,1,1,1,1,1,1,0.96,1,1,1,1,0.74,1,1,1,1,1,1,1,-0.55,1,1,1,1,1,1,1,0.95,1,0.89,1,1,1,1,1,0.83,1,-0.93,1,1,1,1,0.99,1,0.37,1,0.65,1,1,1,1,0.93,0.93,1,0.35,1,1,-0.33,1,1,1,1,1,1,1,1,1,1,1,0.89,1,0.97,1,1,1,1,1,1,-0.8,1,1,0.93,1,1,1,1,1,1,1,1,1,1,1,1,-0.97,0.99,1,1,1,1,0.99,0,1,1,-1,1,1,1,1,0.43,1,1,1,1,1,1,1,1,1,-0.65,1,1,1,1
R-337,1,1,1,1,1,1,1,1,1,0.97,1,1,1,1,1,1,1,1,1,1,1,1,1,1,1,1,1,0.83,1,1,1,1,1,1,1,1,1,1,1,1,1,1,1,1,1,0.14,1,1,1,1,1,1,0.99,1,1,1,1,1,1,0.33,1,1,1,1,1,1,1,1,1,1,1,1,1,0.99,1,1,1,1,1,1,1,1,0.63,1,1,1,1,1,1,1,1,1,1,1,1,1,1,1,0.86,1,0.99,1,1,1,1,1,0.99,1,1,1,1,1,1,1,1,1,1,1,1,1,1,1,0.99,1,1,1,0,1,1,1,1,1,1,1,1,1,1,1,1,1,0.37,1,1,1,1,1,1,1
R-338,0.66,1,1,-1,1,1,0.99,0.95,1,1,1,0.86,0.99,0.97,1,1,1,-0.96,-1,0.39,1,0.81,1,1,1,-0.99,0.81,1,-0.84,1,-0.98,0.97,-0.99,1,1,1,1,1,1,1,1,0.57,-1,0.98,1,1,1,1,1,1,1,-0.93,1,0.67,1,1,0.41,-1,1,1,1,1,1,-0.84,1,1,1,-1,1,1,1,1,1,1,1,1,-1,1,1,1,1,-1,1,1,1,1,1,1,-1,-1,1,-0.66,1,-1,-0.99,0.98,1,1,1,1,1,1,1,1,0.96,-1,1,0.88,-0.36,1,1,1,1,1,1,1,1,1,0.95,-0.74,1,1,1,1,-1,1,1,0,-0.97,-1,1,1,1,1,1,-0.99,1,-0.82,1,1,1,1,1,1,1,1,0.96,1
R-340,0.74,0.99,1,-0.91,0.99,0.98,-1,0.87,1,1,1,-1,-0.99,0.96,-0.77,-1,1,-0.88,0.52,-0.76,-0.34,-1,1,0.46,-0.92,-0.72,0.9,1,-1,0.85,-0.17,-0.16,-0.64,1,-0.74,-1,0.88,-0.35,1,-1,1,-0.25,-0.62,-1,0.83,1,-0.67,0.53,0.91,-1,1,-0.26,1,-1,0.49,0.97,-0.5,-0.98,-1,0.99,1,-0.9,-0.98,-0.96,1,1,-1,-0.83,0.64,1,0.4,1,0.1,1,1,-0.86,-0.99,-0.17,0.07,1,-1,-0.75,1,-0.38,1,0.91,0.98,1,-0.2,-0.96,-1,-0.38,1,-0.81,0.25,-0.55,-1,1,1,0.88,1,1,-1,1,0.96,-0.89,0.95,-0.17,-0.94,1,0.11,0.98,0.07,-0.99,0.97,-0.88,-0.2,1,-1,-1,1,1,1,1,-1,-1,1,-0.97,0,-0.96,1,0.39,1,0.11,0.98,-0.95,-0.58,-0.64,1,0.66,1,1,-0.97,0.43,1,0.95,-0.76,0.97
R-341,0.42,1,1,-1,1,1,0.99,0.93,1,1,1,-0.22,1,0.96,1,1,1,-0.99,-1,-0.58,0.92,0.49,1,1,1,-0.94,0.68,1,-0.67,1,-1,0.77,-1,1,1,1,1,1,1,0.94,1,0.5,-1,0.99,1,1,1,0.97,1,1,1,-0.99,1,0.72,1,1,-0.3,-1,1,0.99,1,0.83,1,-1,1,1,0.97,-1,0.99,1,1,1,1,1,1,0.97,-1,1,1,1,1,-1,1,1,1,1,1,1,-1,-1,1,-0.95,1,-1,-1,0.96,1,1,1,1,1,1,1,1,0.94,-1,1,0.44,-0.8,1,0.99,1,1,1,1,1,1,1,0.95,-0.59,1,1,1,1,-0.95,1,1,-1,-0.96,0,1,1,1,1,1,-0.97,1,-0.93,1,0.99,1,1,0.9,0.98,1,1,0.87,1
R-342,1,1,1,1,1,1,1,1,1,-0.08,1,1,1,1,1,1,1,1,1,1,1,1,1,1,1,1,1,0.75,1,1,1,1,1,1,1,1,1,1,1,1,0.97,1,1,1,1,1,1,1,1,1,1,1,0.73,1,1,1,1,1,1,-0.12,1,1,1,1,1,1,1,1,0.95,1,1,1,1,1,1,1,1,1,1,1,1,0.95,1,1,1,1,1,1,1,1,1,1,1,1,1,1,1,1,0.92,1,0.64,1,1,1,1,0.99,0.82,1,1,1,1,1,1,1,1,1,1,1,1,1,1,1,1,1,1,1,1,1,1,1,0,1,1,1,1,1,1,1,1,1,0.29,1,1,0.73,1,1,1,1
R-343,1,1,1,1,1,1,1,1,1,1,1,1,1,1,1,1,1,1,1,0.96,1,1,1,1,1,1,1,1,1,1,0.99,1,1,1,1,0.99,1,1,1,1,1,1,1,1,1,1,1,1,1,1,1,0.99,1,1,1,1,1,1,1,1,1,1,1,1,1,1,1,1,1,1,1,1,1,1,1,1,1,1,1,1,1,0.95,1,1,1,0.94,1,1,1,1,1,1,1,0.49,0.73,1,1,1,1,1,1,1,1,1,1,0.9,1,1,1,1,1,1,1,1,1,1,1,1,1,1,1,1,1,1,1,1,1,1,0.39,1,1,0,1,1,1,1,1,1,1,0.4,1,1,1,1,1,1,0.99,1
R-344,1,1,1,1,1,1,1,1,1,1,1,1,1,1,1,1,1,1,1,1,0.99,1,1,1,1,1,1,1,1,1,1,1,1,1,1,1,1,1,1,1,1,1,1,1,1,1,1,1,1,1,1,1,1,1,1,1,1,1,1,1,1,1,1,1,1,1,1,1,1,1,1,1,1,1,1,1,1,1,1,1,1,1,1,1,1,1,1,1,1,1,1,1,1,1,1,1,1,1,1,1,1,1,1,1,1,1,1,1,1,1,1,1,1,1,1,1,1,1,1,1,1,1,1,1,1,1,1,1,1,1,1,1,0,1,1,1,1,1,1,1,1,1,1,1,1,1,1,1
R-345,0.81,0.62,1,1,1,1,1,0.65,1,0.99,1,1,1,1,0.99,1,1,1,1,-0.98,-1,1,1,-0.81,1,1,1,1,1,1,-0.15,1,1,1,1,1,1,0.95,1,0.92,1,1,1,0.09,1,1,1,1,1,1,1,0.98,1,1,1,1,0.98,1,1,-0.95,1,-1,1,1,1,1,1,1,-0.66,1,0.99,1,1,1,1,0.18,1,1,-0.84,1,1,0.92,1,1,1,1,1,1,1,1,1,1,1,0.99,0.94,-0.98,1,1,0.74,1,0.98,1,0.36,1,1,0.99,0.84,1,1,1,1,1,1,1,1,1,1,1,0.12,1,1,1,1,1,1,0.43,1,1,0.11,1,1,1,1,0,1,1,1,1,1,1,0.98,1,1,-1,1,1,1,1
R-346,1,1,1,1,1,1,1,1,1,1,1,1,1,1,1,1,1,1,1,1,1,1,1,1,1,1,1,1,1,1,1,1,1,1,1,1,1,1,1,1,1,1,1,1,1,1,1,1,1,1,1,1,1,1,1,1,1,0.99,1,1,1,1,1,1,1,1,1,1,1,1,1,1,1,1,1,1,1,1,1,1,1,0.92,1,1,1,1,1,1,0.98,1,1,1,1,1,0.97,1,1,1,1,1,1,1,1,1,1,0.53,1,1,1,1,1,1,1,1,1,1,1,1,1,1,1,1,1,1,1,1,1,1,0.98,1,1,1,1,1,0,1,1,1,1,1,1,1,1,1,1,1,1,1
R-347,-0.93,1,1,-0.99,1,1,0.85,0.37,1,1,1,-0.99,1,1,0.98,1,1,-1,-1,-0.29,1,0.98,1,1,1,-0.13,-0.21,1,-1,1,-1,0.01,0.83,1,1,0.99,1,1,1,1,1,-0.5,-0.95,0.98,1,1,1,1,1,0.98,1,-0.92,1,0.97,1,0.99,-0.77,-1,1,1,1,1,0.99,-1,1,1,1,-1,1,1,1,1,1,1,1,1,-1,1,1,1,0.99,-1,1,1,1,1,1,1,-0.99,-1,0.98,-1,1,-1,-1,1,0.93,1,1,0.98,1,1,0.96,1,1,-0.99,1,0.99,0.02,1,0.72,1,1,0.95,1,1,0.9,1,0.94,-1,1,1,1,1,-1,1,1,-0.99,-0.95,-0.97,1,1,1,1,1,0,0.8,-1,1,1,1,1,0.96,1,1,1,-0.11,1
R-348,-1,1,1,0.88,1,1,1,-0.9,1,1,1,1,1,1,1,1,1,0.99,1,0.75,1,1,1,1,1,1,0.71,1,0.98,1,0.98,1,1,1,1,1,1,1,1,1,1,0.89,1,1,1,1,1,1,1,1,1,1,1,1,1,1,0.13,1,1,1,1,1,1,1,1,1,1,1,1,1,1,1,1,1,1,1,0.82,1,1,1,1,0.97,1,1,1,1,1,1,1,1,1,1,1,-1,0.76,1,1,1,1,-0.86,1,1,1,1,1,0.98,1,1,1,1,0.98,1,1,1,1,1,1,1,0.94,0.97,1,1,1,1,0.81,1,1,1,-0.58,1,1,1,1,1,1,0.8,0,1,1,1,1,1,1,1,1,1,0.51,1
R-350,0.89,1,1,-1,1,1,1,1,1,1,1,0.82,1,1,1,1,1,-0.89,-1,0.73,1,0.99,1,1,1,0.19,1,1,0.47,1,-1,1,0.77,1,1,1,1,1,1,1,1,0.8,-1,1,1,1,1,1,1,1,1,-0.99,1,1,1,1,0.99,-1,1,1,1,1,1,-0.99,1,1,1,-1,1,1,1,1,1,1,1,1,-1,1,1,1,1,-1,1,1,1,1,1,1,-1,-1,1,-0.32,1,-1,-1,1,1,1,1,1,1,1,1,1,1,-1,1,0.99,0.44,1,1,1,1,1,1,1,1,1,1,0.2,1,1,1,1,-1,1,1,-0.82,-0.64,-0.93,1,1,1,1,1,-1,1,0,1,1,1,1,1,1,1,1,1,1
R-351,1,1,1,1,1,0.93,0.9,1,1,1,1,1,1,1,1,1,1,1,1,1,1,1,1,1,1,1,1,1,1,1,0.81,1,1,1,1,1,1,1,1,1,1,1,1,1,1,1,1,1,1,1,1,0.99,1,1,1,1,1,1,1,1,1,1,1,1,1,1,1,1,1,1,1,1,1,1,1,1,1,1,1,1,1,1,1,1,1,1,1,1,1,1,1,1,1,1,0.68,1,1,1,1,1,1,1,1,1,1,0.95,1,1,1,1,1,1,1,1,1,1,0.92,1,1,1,1,1,1,1,1,1,1,1,1,1,1,1,1,1,1,1,1,1,0,1,1,1,1,1,1,1,1,1
R-352,1,1,1,1,0.97,1,1,1,1,1,1,0.86,1,1,1,1,1,1,1,0.99,1,1,1,1,0.87,1,1,1,1,1,0.99,1,1,1,1,0.96,1,1,1,1,1,0.99,1,1,0.89,1,1,0.99,1,1,1,1,1,1,1,0.96,1,1,1,1,1,1,1,1,1,1,1,1,1,1,1,1,0.97,1,1,1,1,0.99,1,1,1,0.97,1,0.92,1,0.7,1,1,1,0.99,1,1,1,0.94,0.96,1,1,1,1,1,1,1,1,1,1,0.98,1,1,0.98,1,1,1,1,0.98,1,0.99,0.99,1,0.99,0.97,1,1,1,1,1,1,1,1,0.66,0.99,1,0.4,1,1,1,1,1,1,1,0,1,0.99,1,1,1,1,0.98,0.8
R-354,1,1,-0.03,1,1,1,1,1,0.59,-1,-0.44,1,1,1,1,1,1,1,1,0.92,0.95,1,1,0.72,1,1,1,-0.38,1,1,0.49,1,1,1,1,1,1,1,1,1,-1,1,1,1,1,0.9,1,1,1,1,-0.93,1,0.36,1,1,1,1,1,1,-1,1,0.29,1,1,1,0.98,1,1,0.96,1,1,0.98,1,0.94,0.8,1,1,1,0.85,1,1,0.99,0.84,1,0.92,1,1,0.72,1,1,1,1,1,1,0.99,1,1,1,-0.98,1,-0.98,1,1,0.98,1,0.95,-1,1,1,-1,1,1,0.94,1,1,1,1,1,0.98,1,1,1,0.16,1,1,1,0.37,1,1,1,0.29,1,1,0.98,1,1,1,1,1,1,0,0.98,1,0.99,1,1,1,1
R-355,1,1,1,1,1,1,1,1,1,1,1,1,1,1,1,1,1,1,1,1,1,1,1,1,1,1,1,1,1,1,1,1,1,1,1,1,1,1,1,1,1,1,1,1,1,1,1,1,1,1,1,1,1,1,1,1,1,1,1,0.97,1,1,1,1,1,1,1,1,1,1,1,1,1,1,1,1,1,1,1,1,1,1,1,1,1,0.99,1,1,1,1,1,1,1,1,0.99,1,1,1,1,1,1,1,1,1,1,1,0.99,1,1,1,1,1,1,1,1,1,1,1,1,1,1,1,1,1,1,1,1,1,1,1,1,1,1,1,1,1,1,1,1,0.99,0.98,0,1,1,1,1,1,1
R-356,1,1,1,-0.4,1,1,-0.91,1,1,1,1,0.55,0.98,1,0.48,1,1,0.96,1,0.75,1,0.98,1,1,1,1,1,1,1,0.99,-0.39,1,1,1,1,0.95,1,1,1,1,1,0.99,1,1,1,1,1,1,1,0.93,1,-0.33,1,1,0.98,1,1,0.8,0.89,1,1,0.98,0.98,0.98,1,1,1,1,1,1,0.64,1,1,1,1,1,0.81,1,1,1,1,-0.77,1,0.7,1,1,1,1,-0.52,0.94,1,1,1,-0.32,-0.61,1,1,1,1,1,1,1,1,1,1,-0.58,1,1,1,1,1,1,1,-0.25,0.98,1,1,1,1,0.64,1,1,1,1,0.81,1,1,1,-0.97,0.9,1,1,1,1,1,0.96,1,1,1,1,1,1,0,1,1,1,1,1
R-357,0.85,1,1,1,1,1,1,0.94,1,0.88,1,1,1,1,1,1,1,1,1,-0.68,-0.98,0.93,1,-0.89,1,1,1,0.71,1,1,0.71,1,1,1,1,1,1,-0.52,1,0.48,1,1,1,0.54,1,0.99,0.99,1,1,1,1,1,0.95,0.99,1,1,0.97,1,1,0.88,1,-0.98,1,1,1,1,0.93,1,-0.99,1,1,1,1,0.9,1,0.13,1,1,-0.94,1,1,0.85,1,1,1,1,1,1,1,1,1,1,1,1,0.96,-0.99,1,1,0.99,1,0.98,1,-0.97,1,1,0.99,0.85,1,1,1,0.92,1,1,1,1,1,1,1,-0,1,1,1,1,1,1,-0.65,1,1,0.43,0.98,0.73,1,1,-1,1,1,1,1,1,1,0.99,1,1,0,1,1,1,1
R-360,1,1,1,1,1,1,1,1,1,1,1,1,1,1,1,1,1,1,1,1,1,1,1,1,1,1,1,1,1,1,1,1,1,1,1,1,1,1,1,1,1,1,1,1,1,1,1,1,1,1,1,1,1,1,1,1,1,1,1,1,1,1,1,1,1,1,1,1,1,1,1,1,1,1,1,1,1,1,1,1,1,1,1,1,1,1,1,1,1,1,1,1,1,1,1,1,1,1,1,1,1,1,1,1,1,1,1,1,1,1,1,1,1,1,1,1,1,1,1,1,1,1,1,1,1,1,1,1,1,1,1,1,1,1,1,1,1,1,1,1,1,1,1,1,0,1,1,1
R-361,1,1,1,1,1,1,1,1,1,1,1,1,1,1,1,1,1,1,1,1,1,1,1,1,1,1,1,1,1,1,1,1,1,1,1,1,1,1,1,1,1,1,1,1,1,1,1,1,1,1,1,1,1,1,1,1,1,1,1,1,1,1,1,1,1,1,1,1,1,1,1,1,1,1,1,1,1,1,1,1,1,1,1,1,1,1,1,1,1,1,1,1,1,1,1,1,1,1,1,1,1,1,1,1,1,1,1,1,1,1,1,1,1,1,1,1,1,1,1,1,1,1,1,1,1,1,1,1,0.95,1,1,1,1,1,1,1,1,1,1,1,1,1,1,1,1,0,1,1
R-363,-0.93,1,1,0.43,1,1,1,-0.9,1,1,1,1,1,1,1,1,1,-0,0.97,-0.47,1,0.96,1,1,1,0.99,-1,1,-0.79,1,0.51,0.1,0.98,1,1,1,1,1,1,0.83,1,-0.95,0.96,0.99,1,1,1,1,1,1,1,-0.07,1,0.99,1,1,-0.98,0.94,1,1,1,0.98,1,-0.15,1,1,1,0.88,1,1,1,1,1,1,1,0.97,0.21,1,1,1,1,-0.21,1,1,1,1,1,1,-0.05,0.69,1,0.18,1,-1,-0.16,1,1,1,1,-0.79,1,1,0.98,1,1,-0.65,1,0.95,0.86,1,-0.93,1,1,1,1,1,1,1,0.75,-0.08,1,1,1,1,0.4,1,1,0.96,-0.76,0.87,1,0.99,1,1,1,-0.11,0.51,1,1,0.98,1,1,1,1,1,1,0,1
R-364,1,1,1,1,1,1,1,1,1,1,1,1,1,1,1,1,1,1,1,1,1,1,1,1,1,1,1,1,1,1,1,1,1,1,1,1,1,1,1,1,1,1,1,1,1,1,1,1,1,1,1,1,1,1,1,0.95,1,1,1,1,1,1,1,1,1,1,1,1,1,1,1,1,1,1,1,1,1,1,1,1,1,1,1,1,1,0.27,1,1,1,1,1,1,1,1,0.99,1,1,1,1,1,1,1,1,1,1,0.91,1,1,1,1,1,1,1,1,1,1,1,1,1,1,1,1,1,1,1,1,1,1,0.97,1,1,1,1,1,1,1,1,1,1,0.8,1,1,1,1,1,1,1,0
