UniqueID,Block,UniqueID_2,Block_2,SeedSpecies,DroughtTrt,SoilInoculum,BurnFrequency,TrueLeafNum.Nov,TruLeafNum.Dec,TruLeafNum.Jan,TruLeafNum.Feb,TruLeafNum.Mar,TruLeafNum.May,TruLeafNum.June,TruLeafNum.Aug,Height.Nov,Height.Dec,Height.Jan,Height.May,Height.June,Height.July,Height.Aug,TruLength.Nov,TruLength.Dec,TruLength.Jan,TruLength.May,TruLength.June,TruLength.July,TruLength.Aug,CountDate.Nov,MeasDate.Nov,MeasDate.Dec,MeasDate.Jan,MeasDate.Feb,MeasDate.Mar,MeasDate.May,MeasDate.June,MeasDate.July,MeasDate.Aug
Y308,11,Q001,1,GrandFir,D,1Burn_W4,1,0,3,3,3,18,35,64,69,6.5,6.8,6.6,8.2,8.9,8.8,8.8,0,0.6,0.7,3.1,3.1,3.1,3.2,11/16/2021,11/21/2021,12/14/2021,1/21/2022,2/15/2022,3/22/2022,5/11/2022,6/16/2022,7/27/2022,9/2/2022
Y229,9,Q002,1,Snowbrush,D,1Burn_W3,1,0,0,2,5,5,6,7,19,1.7,2.4,2,4.8,2.2,2.6,3.9,0,0,0.5,0.6,0.8,0.8,2.7,11/16/2021,11/21/2021,12/14/2021,1/21/2022,2/15/2022,3/22/2022,5/11/2022,6/16/2022,7/27/2022,9/2/2022
Y175,7,Q003,1,Snowbrush,D,Sterile,NA,0,3,3,5,5,8,17,24,2.1,2.5,2.7,3.3,3.5,3.9,5.5,0,1,1.2,1.5,2.3,2.1,3.3,11/16/2021,11/20/2021,12/14/2021,1/21/2022,2/15/2022,3/22/2022,5/11/2022,6/16/2022,7/27/2022,9/2/2022
Y127,5,Q004,1,GrandFir,ND,0Burn_W2,0,0,5,5,5,24,39,40,40,3.8,3.2,4,4.5,4.7,4.7,4.9,0,0.5,0.4,1.6,1.7,1.8,1.8,11/16/2021,11/20/2021,12/14/2021,1/21/2022,2/15/2022,3/22/2022,5/11/2022,6/16/2022,7/27/2022,9/2/2022
Y024,1,Q005,1,GrandFir,ND,3Burn_W6,3,0,5,5,5,14,29,48,56,2.1,2,1.9,3.9,4.7,5.1,5.1,0,0.5,0.5,2.2,2.3,2.3,2.3,11/15/2021,11/18/2021,12/14/2021,1/21/2022,2/15/2022,3/22/2022,5/11/2022,6/16/2022,7/27/2022,9/2/2022
Y209,8,Q006,1,GrandFir,D,Sterile,NA,5,6,6,6,23,34,34,44,4.9,5,5,4.8,5.1,5.1,5.6,0.1,0.5,0.9,1,1.2,1.2,1.3,11/16/2021,11/21/2021,12/14/2021,1/21/2022,2/15/2022,3/22/2022,5/11/2022,6/16/2022,7/27/2022,9/2/2022
Y114,5,Q007,1,Snowbrush,ND,1Burn_W4,1,2,3,3,4,16,27,25,31,1.9,2,2,4.5,4.7,5,5.1,0.5,0.7,0.9,3,4,3.1,3.2,11/16/2021,11/20/2021,12/14/2021,1/21/2022,2/15/2022,3/22/2022,5/11/2022,6/16/2022,7/27/2022,9/2/2022
Y324,12,Q008,1,Snowbrush,ND,0Burn_W2,0,0,3,4,6,26,27,28,28,4.2,2.1,2.9,3.9,4,4.2,4.2,0,0.6,0.8,2.4,2.5,2.4,2.5,11/16/2021,11/21/2021,12/14/2021,1/21/2022,2/15/2022,3/22/2022,5/11/2022,6/16/2022,7/27/2022,9/2/2022
Y208,8,Q009,1,GrandFir,ND,1Burn_W3,1,0,3,3,3,13,23,24,24,4,4.2,4.1,4.9,5.1,5.2,5.2,0,0.2,0.4,1.7,1.7,1.7,1.7,11/16/2021,11/21/2021,12/14/2021,1/21/2022,2/15/2022,3/22/2022,5/11/2022,6/16/2022,7/27/2022,9/2/2022
Y058,3,Q010,1,GrandFir,D,3Burn_W6,3,0,1,3,4,18,42,42,113,4.5,3.8,3.7,6,6.5,6.7,6.8,0,0.2,0.2,2.3,2.5,2.4,2.4,11/15/2021,11/20/2021,12/14/2021,1/21/2022,2/15/2022,3/22/2022,5/11/2022,6/16/2022,7/27/2022,9/2/2022
Y113,5,Q011,1,GrandFir,ND,3Burn_W5,3,0,4,4,4,5,29,47,52,4.7,4.9,4.8,7.1,7.2,7.1,7.2,0,0.3,0.3,2.8,3.2,2.8,2.8,11/16/2021,11/20/2021,12/14/2021,1/21/2022,2/15/2022,3/22/2022,5/11/2022,6/16/2022,7/27/2022,9/2/2022
Y197,8,Q012,1,Snowbrush,D,0Burn_W2,0,2,3,4,5,9,18,22,20,3.5,3.7,3.7,4.7,4.7,5.1,6,0.5,0.7,0.7,2,2.5,2.5,2.5,11/16/2021,11/20/2021,12/14/2021,1/21/2022,2/15/2022,3/22/2022,5/11/2022,6/16/2022,7/27/2022,9/2/2022
Y331,12,Q013,1,GrandFir,ND,1Burn_W4,1,4,5,5,5,28,60,66,87,4.2,4,4,7.4,8,7.8,8,0.6,1,0.8,2.8,2.8,2.8,2.8,11/16/2021,11/21/2021,12/14/2021,1/21/2022,2/15/2022,3/22/2022,5/11/2022,6/16/2022,7/27/2022,9/2/2022
Y202,8,Q014,1,Snowbrush,ND,3Burn_W5,3,2,4,6,7,19,25,26,29,3.8,3.6,4.3,4.6,5.7,5.9,6.5,0.6,0.9,1.1,2.9,3.1,3.1,3.4,11/16/2021,11/20/2021,12/14/2021,1/21/2022,2/15/2022,3/22/2022,5/11/2022,6/16/2022,7/27/2022,9/2/2022
Y053,2,Q015,1,GrandFir,ND,Sterile,NA,0,5,5,5,23,34,34,35,3.6,4.2,4,4.8,5,5,5,0,0.7,0.7,2.3,2.3,2.3,2.3,11/15/2021,11/20/2021,12/14/2021,1/21/2022,2/15/2022,3/22/2022,5/11/2022,6/16/2022,7/27/2022,9/2/2022
Y215,8,Q016,1,Snowbrush,ND,Sterile,NA,0,2,4,5,6,8,20,35,3.7,3.8,4.2,4.1,4.9,4.9,6.5,0,0.9,1,1.1,1.6,1.6,2.6,11/16/2021,11/21/2021,12/14/2021,1/21/2022,2/15/2022,3/22/2022,5/11/2022,6/16/2022,7/27/2022,9/2/2022
Y142,6,Q017,1,Snowbrush,ND,3Burn_W6,3,0,0,0,2,5,18,20,23,1.4,1.8,1.8,2.3,3.7,3.7,5.5,0,0,0,0.9,1.8,1.5,2.6,11/16/2021,11/20/2021,12/14/2021,1/21/2022,2/15/2022,3/22/2022,5/11/2022,6/16/2022,7/27/2022,9/2/2022
Y282,11,Q018,1,Snowbrush,D,3Burn_W6,3,2,2,3,5,8,16,25,25,3,3.1,3,4.3,4.6,4.8,5.4,0.5,0.3,0.6,2.1,2.2,2.5,2.5,11/16/2021,11/21/2021,12/14/2021,1/21/2022,2/15/2022,3/22/2022,5/11/2022,6/16/2022,7/27/2022,9/2/2022
Y194,7,Q019,1,Snowbrush,D,3Burn_W5,3,2,4,4,6,19,22,24,32,3,3.3,3.6,4.3,5.5,5.4,5.5,0.5,0.8,1,2.4,3,2.5,2.8,11/16/2021,11/20/2021,12/14/2021,1/21/2022,2/15/2022,3/22/2022,5/11/2022,6/16/2022,7/27/2022,9/2/2022
Y105,4,Q020,1,Snowbrush,D,0Burn_W1,0,2,2,3,3,4,10,15,23,2.9,2.8,3.1,3.6,4.2,4.2,4.3,0.6,0.9,0.9,1.4,1.4,1.7,2.2,11/16/2021,11/20/2021,12/14/2021,1/21/2022,2/15/2022,3/22/2022,5/11/2022,6/16/2022,7/27/2022,9/2/2022
Y038,2,Q021,1,Snowbrush,D,1Burn_W4,1,0,3,4,6,18,25,26,35,2.6,3.3,3.3,3.9,5.2,5.2,8,0,1,1.1,2.5,2.8,2.5,2.9,11/15/2021,11/18/2021,12/14/2021,1/21/2022,2/15/2022,3/22/2022,5/11/2022,6/16/2022,7/27/2022,9/2/2022
Y166,6,Q022,1,Snowbrush,ND,0Burn_W1,0,2,3,3,4,13,20,21,26,2.6,3,3,3.9,4.4,4.2,4.5,0.7,0.8,0.7,2,2.1,2.2,2.3,11/16/2021,11/20/2021,12/14/2021,1/21/2022,2/15/2022,3/22/2022,5/11/2022,6/16/2022,7/27/2022,9/2/2022
Y204,8,Q023,1,GrandFir,D,0Burn_W2,0,0,0,0,0,16,40,46,57,5,5,5.2,6.5,6.9,7.3,7.3,0,0,0,2.2,2.2,2.4,2.4,11/16/2021,11/20/2021,12/14/2021,1/21/2022,2/15/2022,3/22/2022,5/11/2022,6/16/2022,7/27/2022,9/2/2022
Y060,3,Q024,1,GrandFir,D,3Burn_W5,3,0,3,3,3,18,45,46,46,4.5,4.4,4.2,7.4,7.7,7.7,7.7,0,0.5,0.6,3.8,4,3.9,4,11/15/2021,11/20/2021,12/14/2021,1/21/2022,2/15/2022,3/22/2022,5/11/2022,6/16/2022,7/27/2022,9/2/2022
Y095,4,Q025,1,GrandFir,D,0Burn_W1,0,0,1,3,3,17,43,45,53,4.9,4.8,4.8,6,6.1,6.3,6.3,0,0.1,0.1,2.1,2.2,2.2,2.2,11/16/2021,11/20/2021,12/14/2021,1/21/2022,2/15/2022,3/22/2022,5/11/2022,6/16/2022,7/27/2022,9/2/2022
Y217,8,Q026,1,GrandFir,D,1Burn_W3,1,3,4,4,4,17,25,26,26,4,4.1,4,5,5.4,5.4,5.5,0.6,0.6,0.8,1,1.3,1.2,1.3,11/16/2021,11/21/2021,12/14/2021,1/21/2022,2/15/2022,3/22/2022,5/11/2022,6/16/2022,7/27/2022,9/2/2022
Y174,7,Q027,1,GrandFir,ND,0Burn_W1,0,0,0,1,1,21,36,58,66,3.3,3.3,3.2,5.4,6,6.1,6.5,0,0,0.1,2.3,2.4,2.4,2.3,11/16/2021,11/20/2021,12/14/2021,1/21/2022,2/15/2022,3/22/2022,5/11/2022,6/16/2022,7/27/2022,9/2/2022
Y253,10,Q028,1,Snowbrush,ND,1Burn_W3,1,0,2,2,4,16,16,16,32,0.6,1.2,1.4,2.5,2.5,2.5,4.4,0,0.1,0.8,2,2,2.1,2.6,11/16/2021,11/21/2021,12/14/2021,1/21/2022,2/15/2022,3/22/2022,5/11/2022,6/16/2022,7/27/2022,9/2/2022
Y100,4,Q029,2,GrandFir,D,3Burn_W5,3,0,2,2,2,8,35,43,45,3.7,3.7,4,5.8,6.4,6.4,6.4,0,0.3,0.3,3.2,3.2,3.2,3.2,11/16/2021,11/20/2021,12/14/2021,1/21/2022,2/15/2022,3/22/2022,5/11/2022,6/16/2022,7/27/2022,9/2/2022
Y022,1,Q030,2,Snowbrush,ND,3Burn_W5,3,0,2,3,5,21,22,25,25,1.9,2,2,3.5,4.3,4.3,4.6,0,0.8,0.7,3.2,3.3,2.9,2.9,11/15/2021,11/18/2021,12/14/2021,1/21/2022,2/15/2022,3/22/2022,5/11/2022,6/16/2022,7/27/2022,9/2/2022
Y327,12,Q031,2,Snowbrush,D,Sterile,NA,0,2,4,6,6,6,8,15,2.8,4,3.6,3.9,3.9,4,5.5,0,0.6,1,0.9,0.9,1.3,2.6,11/16/2021,11/21/2021,12/14/2021,1/21/2022,2/15/2022,3/22/2022,5/11/2022,6/16/2022,7/27/2022,9/2/2022
Y141,6,Q032,2,Snowbrush,ND,1Burn_W4,1,2,4,4,4,19,21,25,25,2.8,3.3,4,4,4,4,4.3,0.7,1.1,1.4,2.5,2.6,2.5,2.5,11/16/2021,11/20/2021,12/14/2021,1/21/2022,2/15/2022,3/22/2022,5/11/2022,6/16/2022,7/27/2022,9/2/2022
Y045,2,Q033,2,GrandFir,D,1Burn_W3,1,0,2,3,3,14,23,25,25,2.5,2.5,2.5,3.5,3.8,3.7,3.7,0,0.2,0.2,1.4,1.5,1.4,1.4,11/15/2021,11/18/2021,12/14/2021,1/21/2022,2/15/2022,3/22/2022,5/11/2022,6/16/2022,7/27/2022,9/2/2022
Y187,7,Q034,2,Snowbrush,ND,3Burn_W6,3,0,2,2,4,7,12,18,34,3.3,3.2,3.3,4,4,4.7,6.9,0,0.9,0.8,1.9,2,2.3,2.8,11/16/2021,11/20/2021,12/14/2021,1/21/2022,2/15/2022,3/22/2022,5/11/2022,6/16/2022,7/27/2022,9/2/2022
Y019,1,Q035,2,GrandFir,ND,3Burn_W5,3,0,0,0,0,24,33,39,42,3.7,4.1,5,6,6.9,6.9,7,0,0,0,3.2,3.2,3.2,3.2,11/15/2021,11/18/2021,12/14/2021,1/21/2022,2/15/2022,3/22/2022,5/11/2022,6/16/2022,7/27/2022,9/2/2022
Y359,13,Q036,2,GrandFir,ND,Sterile,NA,0,3,3,3,20,26,30,36,4,4,4,5.4,5.6,5.3,5.4,0,0.2,0.4,1.6,1.7,1.7,1.7,11/16/2021,11/21/2021,12/14/2021,1/21/2022,2/15/2022,3/22/2022,5/11/2022,6/16/2022,7/27/2022,9/2/2022
Y206,8,Q037,2,GrandFir,D,1Burn_W4,1,0,0,0,0,14,32,53,53,4.3,4,3.8,5,5.9,5.9,5.9,0,0,1.9,2.1,2.3,2.3,2.3,11/16/2021,11/20/2021,12/14/2021,1/21/2022,2/15/2022,3/22/2022,5/11/2022,6/16/2022,7/27/2022,9/2/2022
Y320,12,Q038,2,Snowbrush,D,0Burn_W2,0,0,3,4,5,16,20,22,22,1.8,2,2.1,3,3.2,3.2,3.2,0,0.8,0.7,1.8,2.1,2.1,2.1,11/16/2021,11/21/2021,12/14/2021,1/21/2022,2/15/2022,3/22/2022,5/11/2022,6/16/2022,7/27/2022,9/2/2022
Y163,6,Q039,2,Snowbrush,D,1Burn_W4,1,0,0,2,4,14,24,25,39,2.7,1.5,1.9,4,4.1,4,5.4,0,0,0.9,3.6,3.5,3,3.3,11/16/2021,11/20/2021,12/14/2021,1/21/2022,2/15/2022,3/22/2022,5/11/2022,6/16/2022,7/27/2022,9/2/2022
Y112,4,Q040,2,Snowbrush,ND,1Burn_W3,1,0,2,2,2,3,4,13,25,2.8,3.2,3.3,3,3.7,3.7,6.1,0,0.8,0.8,0.6,2.3,2.3,3.9,11/16/2021,11/20/2021,12/14/2021,1/21/2022,2/15/2022,3/22/2022,5/11/2022,6/16/2022,7/27/2022,9/2/2022
Y028,1,Q041,2,Snowbrush,D,3Burn_W5,3,2,3,4,4,13,21,21,23,3.5,3.6,3.4,4.3,4.8,4.8,5.4,0.6,0.8,1.1,2.4,2.4,2.6,2.6,11/15/2021,11/18/2021,12/14/2021,1/21/2022,2/15/2022,3/22/2022,5/11/2022,6/16/2022,7/27/2022,9/2/2022
Y268,10,Q042,2,GrandFir,ND,0Burn_W1,0,3,4,4,4,23,42,43,45,4.5,4.4,4.8,5.9,6,6,6,0.2,0.6,0.9,2.9,2.9,3,3,11/16/2021,11/21/2021,12/14/2021,1/21/2022,2/15/2022,3/22/2022,5/11/2022,6/16/2022,7/27/2022,9/2/2022
Y167,6,Q043,2,GrandFir,ND,1Burn_W3,1,0,1,1,1,16,23,23,25,2.5,2.5,2.6,3.7,3.8,3.8,3.8,0,0.3,0.3,1.1,1.1,1.1,1.1,11/16/2021,11/20/2021,12/14/2021,1/21/2022,2/15/2022,3/22/2022,5/11/2022,6/16/2022,7/27/2022,9/2/2022
Y131,5,Q044,2,GrandFir,ND,0Burn_W2,0,0,0,0,0,15,28,37,32,3.4,3.6,3.7,4.2,4.3,4.4,4.4,0,0,0,1.6,1.8,1.8,1.9,11/16/2021,11/20/2021,12/14/2021,1/21/2022,2/15/2022,3/22/2022,5/11/2022,6/16/2022,7/27/2022,9/2/2022
Y040,2,Q045,2,Snowbrush,ND,0Burn_W1,0,2,4,4,4,6,15,18,19,1.9,2.4,2.5,3,3.5,3.5,3.5,0.6,0.8,0.9,1,1.2,1.7,1.7,11/15/2021,11/18/2021,12/14/2021,1/21/2022,2/15/2022,3/22/2022,5/11/2022,6/16/2022,7/27/2022,9/2/2022
Y013,1,Q046,2,GrandFir,D,3Burn_W6,3,0,0,0,1,23,38,39,46,1.5,1.4,1.3,3.9,4.2,4.2,4.2,0,0,1.8,2.4,2.5,2.4,2.5,11/15/2021,11/18/2021,12/13/2021,1/21/2022,2/15/2022,3/22/2022,5/11/2022,6/16/2022,7/27/2022,9/2/2022
Y118,5,Q047,2,Snowbrush,ND,0Burn_W2,0,2,2,2,4,12,26,26,25,2.5,2.5,2.5,3.5,4.5,4.1,4.5,0.5,0.7,0.8,3.2,3.2,3.5,3.6,11/16/2021,11/20/2021,12/14/2021,1/21/2022,2/15/2022,3/22/2022,5/11/2022,6/16/2022,7/27/2022,9/2/2022
Y172,7,Q048,2,GrandFir,ND,3Burn_W6,3,0,0,0,0,15,24,42,42,3.5,4,4,4.3,6,6,6.5,0,0,0,1.5,3,3,3.1,11/16/2021,11/20/2021,12/14/2021,1/21/2022,2/15/2022,3/22/2022,5/11/2022,6/16/2022,7/27/2022,9/2/2022
Y067,3,Q049,2,GrandFir,ND,1Burn_W4,1,0,0,1,1,20,42,47,70,3.9,4,4.4,6.1,6.5,6.5,6.5,0,0,0.1,2.1,2,2.1,2.2,11/15/2021,11/20/2021,12/14/2021,1/21/2022,2/15/2022,3/22/2022,5/11/2022,6/16/2022,7/27/2022,9/2/2022
Y121,5,Q050,2,GrandFir,D,0Burn_W1,0,0,5,5,5,5,22,45,32,2.7,2.9,2.9,4.2,4.4,4.7,4.9,0,0.4,0.3,1.9,2.1,2,2.1,11/16/2021,11/20/2021,12/14/2021,1/21/2022,2/15/2022,3/22/2022,5/11/2022,6/16/2022,7/27/2022,9/2/2022
Y193,7,Q051,2,Snowbrush,D,3Burn_W6,3,2,3,4,6,8,13,23,37,3.4,3.7,4,4,4,4.4,6.6,0.5,0.8,0.7,1.8,2.3,2.1,3.3,11/16/2021,11/20/2021,12/14/2021,1/21/2022,2/15/2022,3/22/2022,5/11/2022,6/16/2022,7/27/2022,9/2/2022
Y344,13,Q052,2,GrandFir,D,Sterile,NA,4,4,4,4,21,31,32,41,5.9,6,5.9,5.7,6.1,5.9,6.4,0.1,0.5,0.4,1.5,1.5,1.5,1.5,11/16/2021,11/21/2021,12/14/2021,1/21/2022,2/15/2022,3/22/2022,5/11/2022,6/16/2022,7/27/2022,9/2/2022
Y246,9,Q053,2,Snowbrush,D,0Burn_W1,0,2,3,3,5,5,5,12,14,2.8,3.5,3.5,3.5,4,4,4,0.6,1,1.1,1,1.2,1.4,1.9,11/16/2021,11/21/2021,12/14/2021,1/21/2022,2/15/2022,3/22/2022,5/11/2022,6/16/2022,7/27/2022,9/2/2022
Y343,13,Q054,2,GrandFir,D,0Burn_W2,0,0,0,0,0,16,28,45,77,4.6,4,4.2,5.1,5.4,5.7,5.9,0,0,0,1.3,1.5,1.5,1.6,11/16/2021,11/21/2021,12/14/2021,1/21/2022,2/15/2022,3/22/2022,5/11/2022,6/16/2022,7/27/2022,9/2/2022
Y334,12,Q055,2,Snowbrush,ND,Sterile,NA,0,2,3,5,5,5,16,18,2.5,2.6,2.5,2.8,2.9,3,3.5,0,0.5,1,0.6,1.5,1.6,1.8,11/16/2021,11/21/2021,12/14/2021,1/21/2022,2/15/2022,3/22/2022,5/11/2022,6/16/2022,7/27/2022,9/2/2022
Y002,1,Q056,2,Snowbrush,D,1Burn_W3,1,0,4,4,4,4,6,6,16,2.6,2.9,3.5,2.6,3.1,3.1,4.2,0,0.9,0.9,0.7,1.2,1.2,1.8,11/15/2021,11/18/2021,12/13/2021,1/21/2022,2/15/2022,3/22/2022,5/11/2022,6/16/2022,7/27/2022,9/2/2022
Y171,7,Q057,3,Snowbrush,ND,1Burn_W4,1,0,2,4,6,19,19,22,22,3.9,4.1,4.2,5.4,5.7,5.9,6.4,0,0.6,1.4,2.1,2.4,2.8,2.8,11/16/2021,11/20/2021,12/14/2021,1/21/2022,2/15/2022,3/22/2022,5/11/2022,6/16/2022,7/27/2022,9/2/2022
Y223,8,Q058,3,GrandFir,D,3Burn_W6,3,0,5,5,5,22,32,33,33,3.8,4,4,4.6,5.2,5.2,5.2,0,0.6,0.8,1.6,1.6,1.7,1.7,11/16/2021,11/21/2021,12/14/2021,1/21/2022,2/15/2022,3/22/2022,5/11/2022,6/16/2022,7/27/2022,9/2/2022
Y221,8,Q059,3,GrandFir,ND,1Burn_W4,1,5,5,5,5,22,41,46,46,5.1,5,4.9,6.7,7.7,7.6,7.9,0.7,1,0.6,2.2,2.3,2.5,2.5,11/16/2021,11/21/2021,12/14/2021,1/21/2022,2/15/2022,3/22/2022,5/11/2022,6/16/2022,7/27/2022,9/2/2022
Y230,9,Q060,3,GrandFir,ND,Sterile,NA,5,6,6,6,21,28,28,28,6,6,6,5.6,5.9,6.1,6.1,0.2,0.9,0.8,1.1,1.1,1.1,1.1,11/16/2021,11/21/2021,12/14/2021,1/21/2022,2/15/2022,3/22/2022,5/11/2022,6/16/2022,7/27/2022,9/2/2022
Y075,3,Q061,3,GrandFir,ND,0Burn_W2,0,0,3,3,3,22,30,35,35,4,4.4,4.5,5.5,6.5,5.7,6.4,0,0.5,0.6,2,2,2.2,2.2,11/15/2021,11/20/2021,12/14/2021,1/21/2022,2/15/2022,3/22/2022,5/11/2022,6/16/2022,7/27/2022,9/2/2022
Y289,11,Q062,3,Snowbrush,ND,3Burn_W6,3,0,0,1,3,10,14,18,32,0.8,1.5,1.5,2.9,2.9,3.7,5.8,0,0,0.1,2.8,3.2,3.2,3.6,11/16/2021,11/21/2021,12/14/2021,1/21/2022,2/15/2022,3/22/2022,5/11/2022,6/16/2022,7/27/2022,9/2/2022
Y277,10,Q063,3,GrandFir,ND,3Burn_W6,3,0,0,0,0,15,22,36,32,2.9,2.8,3,3.6,4.2,4.1,4.1,0,0,0,1.4,1.9,2,2.1,11/16/2021,11/21/2021,12/14/2021,1/21/2022,2/15/2022,3/22/2022,5/11/2022,6/16/2022,7/27/2022,9/2/2022
Y014,1,Q064,3,GrandFir,D,0Burn_W2,0,0,2,2,2,22,40,42,55,3.6,3.6,4,6.1,6.1,6.3,6.5,0,0.9,1.1,2.2,2.2,2.2,2.2,11/15/2021,11/18/2021,12/14/2021,1/21/2022,2/15/2022,3/22/2022,5/11/2022,6/16/2022,7/27/2022,9/2/2022
Y003,1,Q065,3,Snowbrush,ND,Sterile,NA,0,3,4,8,8,8,13,22,2.5,2.9,3.5,3.4,3.7,3.9,5.4,0,0,0.9,0.6,0.7,1.5,3,11/15/2021,11/18/2021,12/13/2021,1/21/2022,2/15/2022,3/22/2022,5/11/2022,6/16/2022,7/27/2022,9/2/2022
Y207,8,Q066,3,GrandFir,ND,3Burn_W5,3,0,2,3,3,19,36,38,38,5.2,5.3,5.5,6.5,7.1,7,7,0,0.2,0.3,2.4,2.4,2.2,2.2,11/16/2021,11/20/2021,12/14/2021,1/21/2022,2/15/2022,3/22/2022,5/11/2022,6/16/2022,7/27/2022,9/2/2022
Y054,2,Q067,3,Snowbrush,ND,0Burn_W2,0,2,3,4,5,14,23,23,30,3,3.2,3.4,4.8,5,5.2,5.4,0.6,1.1,1,2.7,2.7,2.7,2.7,11/15/2021,11/20/2021,12/14/2021,1/21/2022,2/15/2022,3/22/2022,5/11/2022,6/16/2022,7/27/2022,9/2/2022
Y005,1,Q068,3,Snowbrush,D,3Burn_W6,3,0,2,2,4,6,16,20,20,3.3,3.4,4,4.9,6,5.4,5.4,0,0.4,0.6,2,2,2.3,2.6,11/15/2021,11/18/2021,12/13/2021,1/21/2022,2/15/2022,3/22/2022,5/11/2022,6/16/2022,7/27/2022,9/2/2022
Y286,11,Q069,3,Snowbrush,D,1Burn_W4,1,0,2,3,5,15,15,25,25,3.7,3.7,3.3,4.1,4.4,4.5,4.8,0,0.8,0.9,2.3,2.3,2.3,2.3,11/16/2021,11/21/2021,12/14/2021,1/21/2022,2/15/2022,3/22/2022,5/11/2022,6/16/2022,7/27/2022,9/2/2022
Y027,1,Q070,3,Snowbrush,ND,1Burn_W3,1,0,2,3,3,7,9,10,27,2.5,2.8,3.1,3.4,3.5,3.6,5,0,0.9,1,1.7,1.9,1.9,2.8,11/15/2021,11/18/2021,12/14/2021,1/21/2022,2/15/2022,3/22/2022,5/11/2022,6/16/2022,7/27/2022,9/2/2022
Y020,1,Q071,3,GrandFir,ND,0Burn_W1,0,0,4,4,4,18,26,31,31,3.5,3.6,4.5,4.2,5.5,5.5,5.5,0,0.3,0.3,1.8,1.8,1.8,1.9,11/15/2021,11/18/2021,12/14/2021,1/21/2022,2/15/2022,3/22/2022,5/11/2022,6/16/2022,7/27/2022,9/2/2022
Y152,6,Q072,3,Snowbrush,D,3Burn_W5,3,0,2,3,4,14,19,20,23,1.8,2.4,2.4,3.7,4,4,4,0,0.5,1,2.5,3,3,2.8,11/16/2021,11/20/2021,12/14/2021,1/21/2022,2/15/2022,3/22/2022,5/11/2022,6/16/2022,7/27/2022,9/2/2022
Y104,4,Q073,3,GrandFir,D,0Burn_W1,0,0,0,1,1,9,31,34,34,3.9,4,4,5,5.4,5.4,5.4,0,0,0.1,1.7,1.7,1.9,1.9,11/16/2021,11/20/2021,12/14/2021,1/21/2022,2/15/2022,3/22/2022,5/11/2022,6/16/2022,7/27/2022,9/2/2022
Y116,5,Q074,3,GrandFir,D,Sterile,NA,0,3,3,3,21,26,31,10,4.4,4.9,4.9,5.1,5.5,5.4,4.5,0,0.7,0.7,1.4,1.5,1.5,0.8,11/16/2021,11/20/2021,12/14/2021,1/21/2022,2/15/2022,3/22/2022,5/11/2022,6/16/2022,7/27/2022,9/2/2022
Y111,4,Q075,3,GrandFir,D,1Burn_W4,1,0,0,0,0,14,36,42,61,3.7,4,4,6.1,6.6,6.1,6.5,0,0,0,2.3,2.6,2.7,2.7,11/16/2021,11/20/2021,12/14/2021,1/21/2022,2/15/2022,3/22/2022,5/11/2022,6/16/2022,7/27/2022,9/2/2022
Y226,9,Q076,3,GrandFir,D,3Burn_W5,3,0,0,0,0,19,37,39,35,4.6,4.3,4.3,4.9,5.5,5.5,5.5,0,0,0,2.1,2.1,2.1,2.1,11/16/2021,11/21/2021,12/14/2021,1/21/2022,2/15/2022,3/22/2022,5/11/2022,6/16/2022,7/27/2022,9/2/2022
Y120,5,Q077,3,GrandFir,D,1Burn_W3,1,0,1,3,3,12,24,24,24,4.1,4.3,4.5,4.8,4.7,4.7,4.8,0,0.1,0.1,1,1,1,1.1,11/16/2021,11/20/2021,12/14/2021,1/21/2022,2/15/2022,3/22/2022,5/11/2022,6/16/2022,7/27/2022,9/2/2022
Y109,4,Q078,3,Snowbrush,ND,0Burn_W1,0,2,2,3,4,6,16,18,22,3.4,3.3,3.2,4.1,4.5,4.6,5.3,0.6,0.7,0.7,2.5,2.7,2.5,2.6,11/16/2021,11/20/2021,12/14/2021,1/21/2022,2/15/2022,3/22/2022,5/11/2022,6/16/2022,7/27/2022,9/2/2022
Y375,14,Q079,3,Snowbrush,D,Sterile,NA,0,2,3,3,4,4,8,14,2.4,3,3.4,3.4,3.5,3.5,4.9,0,0.8,1,0.8,1,1.3,2.5,11/16/2021,11/21/2021,12/14/2021,1/21/2022,2/15/2022,3/22/2022,5/11/2022,6/16/2022,7/27/2022,9/2/2022
Y367,14,Q080,3,Snowbrush,D,1Burn_W3,1,0,2,3,4,5,6,6,6,2.8,3,3.1,2.9,3.3,3.4,3.4,0,0.6,1.2,0.8,0.8,1,1.1,11/16/2021,11/21/2021,12/14/2021,1/21/2022,2/15/2022,3/22/2022,5/11/2022,6/16/2022,7/27/2022,9/2/2022
Y233,9,Q081,3,Snowbrush,D,0Burn_W2,0,2,3,4,6,12,18,19,16,2.4,2.4,2.5,3,3,3.1,4,0.6,1.1,1,2.2,2.2,2.2,2.4,11/16/2021,11/21/2021,12/14/2021,1/21/2022,2/15/2022,3/22/2022,5/11/2022,6/16/2022,7/27/2022,9/2/2022
Y080,3,Q082,3,GrandFir,ND,1Burn_W3,1,0,0,0,0,0,20,22,20,3.5,3.6,3.9,3.8,4.4,4.3,4.3,0,0,0,0.7,1,0.9,0.9,11/15/2021,11/20/2021,12/14/2021,1/21/2022,2/15/2022,3/22/2022,5/11/2022,6/16/2022,7/27/2022,9/2/2022
Y317,12,Q083,3,Snowbrush,ND,3Burn_W5,3,0,2,3,6,16,20,24,23,2.3,2.6,2.7,4,4,4.3,5.5,0,1,1,2.3,2.4,2.5,2.6,11/16/2021,11/21/2021,12/14/2021,1/21/2022,2/15/2022,3/22/2022,5/11/2022,6/16/2022,7/27/2022,9/2/2022
Y338,13,Q084,3,Snowbrush,D,0Burn_W1,0,0,2,3,4,4,6,10,18,2.7,2.6,2.7,2.8,3.3,3.5,4.7,0,0.3,0.6,0.7,0.9,1,1.9,11/16/2021,11/21/2021,12/14/2021,1/21/2022,2/15/2022,3/22/2022,5/11/2022,6/16/2022,7/27/2022,9/2/2022
Y314,12,Q085,4,GrandFir,ND,3Burn_W6,3,1,3,3,3,18,30,32,34,6,5.9,6,7.3,7.2,7.2,7.2,0.8,0.6,0.5,2.5,2.5,2.7,2.8,11/16/2021,11/21/2021,12/14/2021,1/21/2022,2/15/2022,3/22/2022,5/11/2022,6/16/2022,7/27/2022,9/2/2022
Y373,14,Q086,4,GrandFir,ND,1Burn_W3,1,0,0,0,0,13,19,21,19,4.8,4.7,4.9,5.5,6.2,5.6,5.7,0,0,0,1.9,1.9,1.9,1.9,11/16/2021,11/21/2021,12/14/2021,1/21/2022,2/15/2022,3/22/2022,5/11/2022,6/16/2022,7/27/2022,9/2/2022
Y252,9,Q087,4,Snowbrush,D,0Burn_W2,0,0,2,3,5,14,16,19,19,3.4,3.4,3.5,4.8,4.8,5,5.9,0,0.8,0.8,2.2,2.4,2.5,2.5,11/16/2021,11/21/2021,12/14/2021,1/21/2022,2/15/2022,3/22/2022,5/11/2022,6/16/2022,7/27/2022,9/2/2022
Y108,4,Q088,4,Snowbrush,D,3Burn_W5,3,2,3,4,4,10,18,19,19,2.5,2.5,2.5,4,4.5,4.5,4.5,0.5,0.3,0.6,2.2,2.5,2.2,2.2,11/16/2021,11/20/2021,12/14/2021,1/21/2022,2/15/2022,3/22/2022,5/11/2022,6/16/2022,7/27/2022,9/2/2022
Y106,4,Q089,4,GrandFir,ND,Sterile,NA,0,1,1,1,16,25,27,34,4,4.1,4.3,4.4,4.5,4.6,4.6,0,0.1,0.1,1.6,1.6,1.6,1.6,11/16/2021,11/20/2021,12/14/2021,1/21/2022,2/15/2022,3/22/2022,5/11/2022,6/16/2022,7/27/2022,9/2/2022
Y176,7,Q090,4,GrandFir,ND,1Burn_W4,1,0,5,5,5,5,23,45,70,5,4.8,4.7,5.6,6,6.4,6.5,0,0.3,0.3,2.3,2.3,2.3,2.3,11/16/2021,11/20/2021,12/14/2021,1/21/2022,2/15/2022,3/22/2022,5/11/2022,6/16/2022,7/27/2022,9/2/2022
Y031,2,Q091,4,GrandFir,D,0Burn_W2,0,0,2,2,2,13,41,41,41,3.8,4,3.8,5.3,5.3,5.4,5.5,0,0.5,0.5,2.1,2,2.1,2.1,11/15/2021,11/18/2021,12/14/2021,1/21/2022,2/15/2022,3/22/2022,5/11/2022,6/16/2022,7/27/2022,9/2/2022
Y368,14,Q092,4,GrandFir,D,3Burn_W5,3,0,0,0,7,24,37,39,118,4.9,4.8,5.1,6.5,7.3,7,7,0,0,0,3,3,3.1,3.1,11/16/2021,11/21/2021,12/14/2021,1/21/2022,2/15/2022,3/22/2022,5/11/2022,6/16/2022,7/27/2022,9/2/2022
Y059,3,Q093,4,Snowbrush,ND,1Burn_W3,1,2,4,4,4,6,6,9,15,3.8,3.9,4.4,4.1,4.7,4.7,5.7,0.5,0.7,0.9,1.2,1.5,1.5,3.4,11/15/2021,11/20/2021,12/14/2021,1/21/2022,2/15/2022,3/22/2022,5/11/2022,6/16/2022,7/27/2022,9/2/2022
Y293,11,Q094,4,GrandFir,D,1Burn_W4,1,0,0,0,0,9,26,42,42,4.1,4.1,4.1,5.1,6.6,6.7,6.7,0,0,0,1.6,2.2,2.2,2.2,11/16/2021,11/21/2021,12/14/2021,1/21/2022,2/15/2022,3/22/2022,5/11/2022,6/16/2022,7/27/2022,9/2/2022
Y119,5,Q095,4,GrandFir,D,1Burn_W3,1,0,0,0,0,9,16,20,17,4.8,4.7,4.7,4.8,5,5,5,0,0,0,1.9,2,2,2,11/16/2021,11/20/2021,12/14/2021,1/21/2022,2/15/2022,3/22/2022,5/11/2022,6/16/2022,7/27/2022,9/2/2022
Y201,8,Q096,4,Snowbrush,ND,1Burn_W4,1,2,3,4,5,15,22,22,27,2.8,3,3,4.1,4.4,4.9,6.3,0.5,0.8,0.7,2.6,2.8,3,3,11/16/2021,11/20/2021,12/14/2021,1/21/2022,2/15/2022,3/22/2022,5/11/2022,6/16/2022,7/27/2022,9/2/2022
Y110,4,Q097,4,GrandFir,ND,0Burn_W1,0,0,0,0,0,6,25,29,25,3.5,3,2.9,3.7,4,4,4,0,0,0,1.5,1.5,1.6,1.7,11/16/2021,11/20/2021,12/14/2021,1/21/2022,2/15/2022,3/22/2022,5/11/2022,6/16/2022,7/27/2022,9/2/2022
Y250,9,Q098,4,Snowbrush,ND,3Burn_W5,3,2,2,2,5,10,14,23,23,3.6,3.4,3.1,4.7,4.9,4.9,5.6,0.6,0.9,0.9,3,3,3.1,3.3,11/16/2021,11/21/2021,12/14/2021,1/21/2022,2/15/2022,3/22/2022,5/11/2022,6/16/2022,7/27/2022,9/2/2022
Y157,6,Q099,4,GrandFir,ND,3Burn_W5,3,5,5,5,5,19,32,32,46,4.3,4.1,4,5.5,5.8,5.7,5.7,0.5,0.8,0.7,2.5,2.5,2.5,2.5,11/16/2021,11/20/2021,12/14/2021,1/21/2022,2/15/2022,3/22/2022,5/11/2022,6/16/2022,7/27/2022,9/2/2022
Y124,5,Q100,4,Snowbrush,ND,0Burn_W2,0,0,3,3,3,10,18,23,28,2.9,3,3,4,4.1,4.2,5,0,0.6,0.7,2,2.2,2.2,2.5,11/16/2021,11/20/2021,12/14/2021,1/21/2022,2/15/2022,3/22/2022,5/11/2022,6/16/2022,7/27/2022,9/2/2022
Y326,12,Q101,4,Snowbrush,ND,3Burn_W6,3,0,3,4,6,7,11,17,14,2.5,3.2,3.5,3.7,3.7,4,4,0,0.7,0.9,1.8,1.8,1.7,1.7,11/16/2021,11/21/2021,12/14/2021,1/21/2022,2/15/2022,3/22/2022,5/11/2022,6/16/2022,7/27/2022,9/2/2022
Y102,4,Q102,4,Snowbrush,D,0Burn_W1,0,2,4,4,4,5,5,8,17,3.5,3.4,3.8,3.4,4.4,4.4,6,0.6,1,1.1,0.7,0.9,1.5,2.4,11/16/2021,11/20/2021,12/14/2021,1/21/2022,2/15/2022,3/22/2022,5/11/2022,6/16/2022,7/27/2022,9/2/2022
Y066,3,Q103,4,Snowbrush,D,3Burn_W6,3,0,3,4,4,4,11,18,38,3.6,4.1,4,4.7,5.2,5,6.9,0,0.8,0.9,1.6,2.6,2.4,3,11/15/2021,11/20/2021,12/14/2021,1/21/2022,2/15/2022,3/22/2022,5/11/2022,6/16/2022,7/27/2022,9/2/2022
Y001,1,Q104,4,Snowbrush,D,1Burn_W4,1,0,3,3,5,15,21,23,26,2.7,3,3,4.4,4.7,4.4,4.4,0,0.6,0.9,2.2,2.3,2.3,2.5,11/15/2021,11/18/2021,12/13/2021,1/21/2022,2/15/2022,3/22/2022,5/11/2022,6/16/2022,7/27/2022,9/2/2022
Y039,2,Q105,4,GrandFir,ND,0Burn_W2,0,0,0,0,0,19,29,30,28,3,3.2,3.3,4.7,4.9,5,5,0,0,0,1.9,2,1.9,1.9,11/15/2021,11/18/2021,12/14/2021,1/21/2022,2/15/2022,3/22/2022,5/11/2022,6/16/2022,7/27/2022,9/2/2022
Y090,4,Q106,4,Snowbrush,D,Sterile,NA,0,3,4,4,5,5,7,16,4.4,5.4,5.3,5.1,5.6,5.9,6.9,0,0.9,0.8,0.9,1.3,2,2.8,11/15/2021,11/20/2021,12/14/2021,1/21/2022,2/15/2022,3/22/2022,5/11/2022,6/16/2022,7/27/2022,9/2/2022
Y032,2,Q107,4,Snowbrush,D,1Burn_W3,1,0,3,3,4,5,5,5,5,3.2,3.3,3.7,3.5,4.1,4.1,4.1,0,0.7,1,0.9,1,0.9,0.9,11/15/2021,11/18/2021,12/14/2021,1/21/2022,2/15/2022,3/22/2022,5/11/2022,6/16/2022,7/27/2022,9/2/2022
Y065,3,Q108,4,GrandFir,D,3Burn_W6,3,0,3,3,3,20,30,30,31,5.5,5.4,5.5,6.4,6.5,6.5,6.6,0,0.7,0.7,1.8,1.9,1.9,1.9,11/15/2021,11/20/2021,12/14/2021,1/21/2022,2/15/2022,3/22/2022,5/11/2022,6/16/2022,7/27/2022,9/2/2022
Y285,11,Q109,4,Snowbrush,ND,0Burn_W1,0,0,0,1,1,5,6,18,23,1,1.8,1.9,2,2.4,2.8,3.3,0,0,0.5,0.3,1.3,1.5,3.3,11/16/2021,11/21/2021,12/14/2021,1/21/2022,2/15/2022,3/22/2022,5/11/2022,6/16/2022,7/27/2022,9/2/2022
Y381,14,Q110,4,GrandFir,D,Sterile,NA,4,4,4,4,20,26,30,2,4.8,5,5.4,5.7,5.8,5.7,4.7,0.2,0.8,0.8,1,1.1,1,0.5,11/16/2021,11/21/2021,12/14/2021,1/21/2022,2/15/2022,3/22/2022,5/11/2022,6/16/2022,7/27/2022,9/2/2022
Y271,10,Q111,4,GrandFir,D,0Burn_W1,0,0,5,5,5,21,32,34,34,4.1,4.1,4.1,4.9,5,5.1,5.1,0,0.5,0.6,1.5,1.6,1.6,1.6,11/16/2021,11/21/2021,12/14/2021,1/21/2022,2/15/2022,3/22/2022,5/11/2022,6/16/2022,7/27/2022,9/2/2022
Y183,7,Q112,4,Snowbrush,ND,Sterile,NA,0,2,3,4,6,6,11,34,3.3,3.6,3.8,3.8,4.7,5.5,8,0,0.8,1,0.8,1.2,2.2,3.6,11/16/2021,11/20/2021,12/14/2021,1/21/2022,2/15/2022,3/22/2022,5/11/2022,6/16/2022,7/27/2022,9/2/2022
Y388,14,Q113,5,GrandFir,ND,3Burn_W6,3,0,0,0,0,15,31,32,57,4,4.2,4.1,5.7,5.7,5.7,5.8,0,0,0,2.4,2.6,2.6,2.6,11/16/2021,11/21/2021,12/14/2021,1/21/2022,2/15/2022,3/22/2022,5/11/2022,6/16/2022,7/27/2022,9/2/2022
Y189,7,Q114,5,GrandFir,ND,1Burn_W3,1,4,4,4,4,4,13,20,18,4.8,5.1,5.1,5.5,6,6,6,0.4,0.6,0.7,1.2,1.5,1.5,1.5,11/16/2021,11/20/2021,12/14/2021,1/21/2022,2/15/2022,3/22/2022,5/11/2022,6/16/2022,7/27/2022,9/2/2022
Y364,13,Q115,5,GrandFir,ND,0Burn_W1,0,0,3,3,3,14,22,22,22,3.3,3.9,3.6,3.8,4.6,4.3,4.3,0,0.6,0.6,1.2,1.1,1.2,1.2,11/16/2021,11/21/2021,12/14/2021,1/21/2022,2/15/2022,3/22/2022,5/11/2022,6/16/2022,7/27/2022,9/2/2022
Y071,3,Q116,5,GrandFir,D,0Burn_W2,0,0,3,3,3,16,33,34,34,4,3.8,4.3,5.5,5.9,5.9,5.9,0,0.7,0.6,2.4,2.6,2.5,2.5,11/15/2021,11/20/2021,12/14/2021,1/21/2022,2/15/2022,3/22/2022,5/11/2022,6/16/2022,7/27/2022,9/2/2022
Y185,7,Q117,5,Snowbrush,ND,3Burn_W5,3,0,3,4,6,18,20,21,21,3.6,4,4.2,5.6,6,6,6.5,0,0.9,1.1,3,3.6,3.3,3.5,11/16/2021,11/20/2021,12/14/2021,1/21/2022,2/15/2022,3/22/2022,5/11/2022,6/16/2022,7/27/2022,9/2/2022
Y411,15,Q118,5,GrandFir,D,0Burn_W1,0,0,2,2,2,21,30,34,34,4.1,4.5,4.6,5.4,5.3,5.4,5.4,0,0.8,0.7,1.7,1.8,1.9,1.9,11/16/2021,11/21/2021,12/14/2021,1/21/2022,2/15/2022,3/22/2022,5/11/2022,6/16/2022,7/27/2022,9/2/2022
Y306,11,Q119,5,GrandFir,D,Sterile,NA,0,0,1,1,20,26,28,28,4.4,3.7,3.8,5,5.5,5.3,5.3,0,0,0.1,1.4,1.5,1.6,1.8,11/16/2021,11/21/2021,12/14/2021,1/21/2022,2/15/2022,3/22/2022,5/11/2022,6/16/2022,7/27/2022,9/2/2022
Y128,5,Q120,5,Snowbrush,D,1Burn_W4,1,0,4,4,5,15,19,21,22,2,2.3,2.5,4.5,4.6,4.7,4.7,0,0.9,1.1,3,3.1,3,3,11/16/2021,11/20/2021,12/14/2021,1/21/2022,2/15/2022,3/22/2022,5/11/2022,6/16/2022,7/27/2022,9/2/2022
Y145,6,Q121,5,Snowbrush,ND,Sterile,NA,0,0,2,2,5,6,7,23,3.6,1,1.4,1.6,1.7,2.4,4.9,0,0,0.5,1,1,1.2,3,11/16/2021,11/20/2021,12/14/2021,1/21/2022,2/15/2022,3/22/2022,5/11/2022,6/16/2022,7/27/2022,9/2/2022
Y275,10,Q122,5,GrandFir,ND,Sterile,NA,4,7,8,8,17,26,24,26,4.6,5,5,5.5,6.3,6.3,6.4,0.6,0.8,1,1.2,1.3,1.4,1.4,11/16/2021,11/21/2021,12/14/2021,1/21/2022,2/15/2022,3/22/2022,5/11/2022,6/16/2022,7/27/2022,9/2/2022
Y133,5,Q123,5,GrandFir,D,1Burn_W4,1,0,1,1,1,13,33,38,38,5.2,5.1,5,5.8,7,7,7,0,0.1,0.1,2,2,2,2,11/16/2021,11/20/2021,12/14/2021,1/21/2022,2/15/2022,3/22/2022,5/11/2022,6/16/2022,7/27/2022,9/2/2022
Y168,6,Q124,5,GrandFir,ND,0Burn_W2,0,3,5,6,5,19,26,28,26,6.3,6.5,6.6,6.5,7,7.3,7.6,0.3,0.4,0.6,1.7,1.7,1.8,1.8,11/16/2021,11/20/2021,12/14/2021,1/21/2022,2/15/2022,3/22/2022,5/11/2022,6/16/2022,7/27/2022,9/2/2022
Y203,8,Q125,5,Snowbrush,ND,0Burn_W2,0,2,3,4,6,17,20,23,23,3.4,3.5,3.8,4.5,5.2,5.5,5.5,0.5,0.8,0.7,2.6,2.7,2.8,2.8,11/16/2021,11/20/2021,12/14/2021,1/21/2022,2/15/2022,3/22/2022,5/11/2022,6/16/2022,7/27/2022,9/2/2022
Y258,10,Q126,5,Snowbrush,D,Sterile,NA,0,1,2,2,5,6,7,11,4.4,4.2,4.5,4.8,4.2,4.8,5.5,0,0.2,0.8,0.9,0.8,0.8,2.3,11/16/2021,11/21/2021,12/14/2021,1/21/2022,2/15/2022,3/22/2022,5/11/2022,6/16/2022,7/27/2022,9/2/2022
Y136,5,Q127,5,GrandFir,ND,1Burn_W4,1,0,0,0,0,18,30,42,42,4.2,4.1,4,5.6,6.6,6.4,6.9,0,0,0,2.8,2.8,2.8,2.9,11/16/2021,11/20/2021,12/14/2021,1/21/2022,2/15/2022,3/22/2022,5/11/2022,6/16/2022,7/27/2022,9/2/2022
Y043,2,Q128,5,Snowbrush,D,1Burn_W3,1,0,3,4,4,4,4,5,4,2,2.1,2.5,2.5,2.7,2.8,2.9,0,0.7,0.9,0.7,1,0.8,1,11/15/2021,11/18/2021,12/14/2021,1/21/2022,2/15/2022,3/22/2022,5/11/2022,6/16/2022,7/27/2022,9/2/2022
Y322,12,Q129,5,Snowbrush,D,3Burn_W6,3,0,3,4,5,7,14,18,27,2.4,2.3,2.4,3,3,3.4,4.8,0,0.6,0.8,1.8,1.8,1.8,2.9,11/16/2021,11/21/2021,12/14/2021,1/21/2022,2/15/2022,3/22/2022,5/11/2022,6/16/2022,7/27/2022,9/2/2022
Y137,5,Q130,5,GrandFir,ND,3Burn_W5,3,0,2,2,2,17,28,28,28,3.8,3.5,3.5,4,4.3,4.3,4.3,0,0.1,0.2,1.9,1.5,1.4,1.4,11/16/2021,11/20/2021,12/14/2021,1/21/2022,2/15/2022,3/22/2022,5/11/2022,6/16/2022,7/27/2022,9/2/2022
Y081,3,Q131,5,GrandFir,D,3Burn_W5,3,0,0,0,0,17,38,38,38,4,4,4.1,5.5,6.2,6.1,6.1,0,0,0,2.9,3,2.9,2.9,11/15/2021,11/20/2021,12/14/2021,1/21/2022,2/15/2022,3/22/2022,5/11/2022,6/16/2022,7/27/2022,9/2/2022
Y036,2,Q132,5,Snowbrush,ND,3Burn_W6,3,0,0,3,5,8,13,15,17,3.1,3.5,3.1,4.2,5.4,5,6,0,0,0.6,2.9,2.9,3,3,11/15/2021,11/18/2021,12/14/2021,1/21/2022,2/15/2022,3/22/2022,5/11/2022,6/16/2022,7/27/2022,9/2/2022
Y266,10,Q133,5,Snowbrush,ND,1Burn_W3,1,0,2,2,2,2,5,7,12,2,2.9,2.9,2.8,2.8,3.4,5.5,0,0.4,0.5,0.6,1,1,3,11/16/2021,11/21/2021,12/14/2021,1/21/2022,2/15/2022,3/22/2022,5/11/2022,6/16/2022,7/27/2022,9/2/2022
Y227,9,Q134,5,Snowbrush,D,3Burn_W5,3,0,3,4,5,14,19,19,25,3.2,3,3.1,3.7,4.2,4.2,6.2,0,0.7,0.9,2,2.2,2,3,11/16/2021,11/21/2021,12/14/2021,1/21/2022,2/15/2022,3/22/2022,5/11/2022,6/16/2022,7/27/2022,9/2/2022
Y156,6,Q135,5,Snowbrush,D,0Burn_W2,0,0,0,2,5,12,17,18,25,2,3,2.9,3.3,3.4,3.8,6.4,0,0,0.4,1.5,2,1.5,2.4,11/16/2021,11/20/2021,12/14/2021,1/21/2022,2/15/2022,3/22/2022,5/11/2022,6/16/2022,7/27/2022,9/2/2022
Y418,15,Q136,5,Snowbrush,ND,1Burn_W4,1,0,2,3,4,8,21,22,22,2.5,2.8,2.7,3.8,3.9,3.9,3.9,0,0.9,1,2.1,2.4,2.2,2.2,11/16/2021,11/21/2021,12/14/2021,1/21/2022,2/15/2022,3/22/2022,5/11/2022,6/16/2022,7/27/2022,9/2/2022
Y395,15,Q137,5,GrandFir,D,1Burn_W3,1,3,3,3,3,16,19,20,20,3.6,4,4.1,4.5,5.2,4.5,4.6,0.1,0.3,0.5,1,0.9,1,1.1,11/16/2021,11/21/2021,12/14/2021,1/21/2022,2/15/2022,3/22/2022,5/11/2022,6/16/2022,7/27/2022,9/2/2022
Y029,2,Q138,5,GrandFir,D,3Burn_W6,3,0,3,3,3,17,29,29,30,3.4,3.4,3.7,4.8,5.4,5.1,5.1,0,0.5,0.7,1.7,1.7,1.8,1.8,11/15/2021,11/18/2021,12/14/2021,1/21/2022,2/15/2022,3/22/2022,5/11/2022,6/16/2022,7/27/2022,9/2/2022
Y015,1,Q139,5,Snowbrush,ND,0Burn_W1,0,0,3,4,4,4,4,16,19,2.6,3.3,3.5,3.2,4,4.3,6.3,0,0.6,1.3,0.7,2.1,2.2,3.4,11/15/2021,11/18/2021,12/13/2021,1/21/2022,2/15/2022,3/22/2022,5/11/2022,6/16/2022,7/27/2022,9/2/2022
Y273,10,Q140,5,Snowbrush,D,0Burn_W1,0,0,2,2,3,4,5,8,15,2.3,2.5,2.7,2.5,3.4,3.4,4.4,0,0.8,1,0.8,1,1.5,3.1,11/16/2021,11/21/2021,12/14/2021,1/21/2022,2/15/2022,3/22/2022,5/11/2022,6/16/2022,7/27/2022,9/2/2022
Y239,9,Q141,6,Snowbrush,D,0Burn_W2,0,0,0,0,6,14,18,18,19,2.2,2.8,3,3.5,3.5,3.8,4,0,0,0,1.5,1.7,1.8,2.5,11/16/2021,11/21/2021,12/14/2021,1/21/2022,2/15/2022,3/22/2022,5/11/2022,6/16/2022,7/27/2022,9/2/2022
Y047,2,Q142,6,Snowbrush,D,Sterile,NA,0,3,3,3,4,5,6,9,3.1,3.9,3.4,3.4,3.6,3.6,3.7,0,1,1,0.8,1,1,1.2,11/15/2021,11/18/2021,12/14/2021,1/21/2022,2/15/2022,3/22/2022,5/11/2022,6/16/2022,7/27/2022,9/2/2022
Y016,1,Q143,6,GrandFir,D,3Burn_W6,3,0,3,3,3,18,24,27,25,3.9,3.6,3.6,4.5,5.3,5.2,5.2,0,0.6,0.6,2,2.1,2.1,2.1,11/15/2021,11/18/2021,12/14/2021,1/21/2022,2/15/2022,3/22/2022,5/11/2022,6/16/2022,7/27/2022,9/2/2022
Y366,14,Q144,6,GrandFir,ND,Sterile,NA,0,0,0,0,12,23,24,24,3.4,2.8,3.4,4,4.3,4.3,4.3,0,0,0,1.1,1.1,1.1,1.1,11/16/2021,11/21/2021,12/14/2021,1/21/2022,2/15/2022,3/22/2022,5/11/2022,6/16/2022,7/27/2022,9/2/2022
Y224,8,Q145,6,GrandFir,D,0Burn_W1,0,3,4,4,4,4,10,29,25,4.6,5,5,4.4,5.4,5.5,5.6,0.8,0.9,0.8,0.7,1.7,2.1,2.1,11/16/2021,11/21/2021,12/14/2021,1/21/2022,2/15/2022,3/22/2022,5/11/2022,6/16/2022,7/27/2022,9/2/2022
Y248,9,Q146,6,Snowbrush,D,3Burn_W5,3,0,2,3,5,7,16,19,16,2.7,2.6,2.9,3.5,3.5,3.5,3.9,0,0.7,0.6,1.4,1.6,1.6,1.7,11/16/2021,11/21/2021,12/14/2021,1/21/2022,2/15/2022,3/22/2022,5/11/2022,6/16/2022,7/27/2022,9/2/2022
Y318,12,Q147,6,Snowbrush,ND,1Burn_W4,1,0,1,4,11,20,21,19,33,2.8,3.1,3.3,4,4,4,7.1,0,0.3,0.7,2.3,2.6,2.4,2.4,11/16/2021,11/21/2021,12/14/2021,1/21/2022,2/15/2022,3/22/2022,5/11/2022,6/16/2022,7/27/2022,9/2/2022
Y398,15,Q148,6,GrandFir,ND,1Burn_W4,1,3,4,4,4,18,40,40,67,5.1,5.8,5.5,7.1,7.6,7.6,7.6,0.1,0.5,0.6,2.2,2.2,2.4,2.4,11/16/2021,11/21/2021,12/14/2021,1/21/2022,2/15/2022,3/22/2022,5/11/2022,6/16/2022,7/27/2022,9/2/2022
Y231,9,Q149,6,GrandFir,ND,3Burn_W5,3,0,0,0,0,20,22,27,36,4.2,4.2,4.4,5.3,5.6,5.5,5.8,0,0,0,1.6,1.6,1.6,2,11/16/2021,11/21/2021,12/14/2021,1/21/2022,2/15/2022,3/22/2022,5/11/2022,6/16/2022,7/27/2022,9/2/2022
Y244,9,Q150,6,Snowbrush,ND,3Burn_W6,3,2,3,4,4,6,15,15,16,3.7,3.5,3.5,4.2,4.3,4.4,4.5,0.6,0.6,0.8,1.3,1.4,1.4,1.5,11/16/2021,11/21/2021,12/14/2021,1/21/2022,2/15/2022,3/22/2022,5/11/2022,6/16/2022,7/27/2022,9/2/2022
Y325,12,Q151,6,GrandFir,ND,3Burn_W6,3,0,2,3,3,18,28,28,28,4.4,4.5,4.5,4.6,4.6,4.6,4.7,0,0.3,0.3,1.2,1.2,1.2,1.2,11/16/2021,11/21/2021,12/14/2021,1/21/2022,2/15/2022,3/22/2022,5/11/2022,6/16/2022,7/27/2022,9/2/2022
Y146,6,Q152,6,GrandFir,D,Sterile,NA,0,0,3,0,14,21,25,21,3.1,2.9,3.6,4.5,4.8,4.5,4.8,0,0,0.1,1.3,1.4,1.4,1.4,11/16/2021,11/20/2021,12/14/2021,1/21/2022,2/15/2022,3/22/2022,5/11/2022,6/16/2022,7/27/2022,9/2/2022
Y296,11,Q153,6,Snowbrush,ND,0Burn_W1,0,3,0,0,0,0,5,14,17,2.5,2.5,2.7,2.9,3.1,3.1,5,0,0,0,0.9,1.6,1.5,2.8,11/16/2021,11/21/2021,12/14/2021,1/21/2022,2/15/2022,3/22/2022,5/11/2022,6/16/2022,7/27/2022,9/2/2022
Y138,5,Q154,6,GrandFir,D,1Burn_W3,1,4,3,4,4,3,10,17,14,4.5,4.5,4.6,4.4,4.5,4.7,4.7,0.6,0.5,0.6,0.6,0.7,0.7,0.7,11/16/2021,11/20/2021,12/14/2021,1/21/2022,2/15/2022,3/22/2022,5/11/2022,6/16/2022,7/27/2022,9/2/2022
Y333,12,Q155,6,Snowbrush,D,3Burn_W6,3,0,3,3,4,8,10,17,28,2.4,2.5,2.5,3.3,3.5,3.4,4.9,0,0.6,1,2,2.1,2.2,3.1,11/16/2021,11/21/2021,12/14/2021,1/21/2022,2/15/2022,3/22/2022,5/11/2022,6/16/2022,7/27/2022,9/2/2022
Y165,6,Q156,6,GrandFir,ND,0Burn_W2,0,0,0,0,0,16,24,26,29,4.7,5,5,4.9,5.3,5.5,5.6,0,0,0,1.6,1.7,1.7,1.8,11/16/2021,11/20/2021,12/14/2021,1/21/2022,2/15/2022,3/22/2022,5/11/2022,6/16/2022,7/27/2022,9/2/2022
Y200,8,Q157,6,Snowbrush,ND,0Burn_W2,0,0,4,4,5,16,19,21,22,2.7,2.9,3.1,4,4.3,4.4,4.6,0,0.7,0.8,2.2,2.6,2.5,2.6,11/16/2021,11/20/2021,12/14/2021,1/21/2022,2/15/2022,3/22/2022,5/11/2022,6/16/2022,7/27/2022,9/2/2022
Y046,2,Q158,6,Snowbrush,D,1Burn_W3,1,0,3,4,4,5,5,5,5,3.8,3.6,3.5,3.5,3.7,3.9,3.9,0,0.8,0.9,0.9,1.4,1,1,11/15/2021,11/18/2021,12/14/2021,1/21/2022,2/15/2022,3/22/2022,5/11/2022,6/16/2022,7/27/2022,9/2/2022
Y188,7,Q159,6,GrandFir,ND,0Burn_W1,0,0,1,4,4,13,22,20,23,5.3,5,5,5.4,5.5,5.8,5.8,0,0.1,0.1,1.5,1.5,1.7,1.7,11/16/2021,11/20/2021,12/14/2021,1/21/2022,2/15/2022,3/22/2022,5/11/2022,6/16/2022,7/27/2022,9/2/2022
Y004,1,Q160,6,GrandFir,D,3Burn_W5,3,0,0,0,0,15,31,36,38,5,5.2,5.1,6.1,7.4,7.2,7.2,0,0,0,2,2,2.1,2.1,11/15/2021,11/18/2021,12/13/2021,1/21/2022,2/15/2022,3/22/2022,5/11/2022,6/16/2022,7/27/2022,9/2/2022
Y304,11,Q161,6,GrandFir,ND,1Burn_W3,1,0,0,0,0,11,15,12,14,4.2,3.7,3.9,4.4,4.4,4.4,4.5,0,0,0,1.4,1.4,1.5,1.5,11/16/2021,11/21/2021,12/14/2021,1/21/2022,2/15/2022,3/22/2022,5/11/2022,6/16/2022,7/27/2022,9/2/2022
Y340,13,Q162,6,Snowbrush,ND,3Burn_W5,3,0,3,4,6,13,20,20,27,2.5,2.5,2.5,3.4,3.4,3.4,4,0,0.7,0.8,2.2,2.3,2.5,2.5,11/16/2021,11/21/2021,12/14/2021,1/21/2022,2/15/2022,3/22/2022,5/11/2022,6/16/2022,7/27/2022,9/2/2022
Y278,10,Q163,6,Snowbrush,D,0Burn_W1,0,2,3,3,3,3,3,8,14,2.9,3,3.8,2.9,3.7,3.7,4.4,0.7,0.9,0.8,0.6,1,1,2,11/16/2021,11/21/2021,12/14/2021,1/21/2022,2/15/2022,3/22/2022,5/11/2022,6/16/2022,7/27/2022,9/2/2022
Y347,13,Q164,6,Snowbrush,ND,Sterile,NA,2,4,4,4,6,5,7,8,2.5,2.4,3,2.8,2.9,3,3.4,0.6,0.6,1,1,1.1,1.1,1.1,11/16/2021,11/21/2021,12/14/2021,1/21/2022,2/15/2022,3/22/2022,5/11/2022,6/16/2022,7/27/2022,9/2/2022
Y216,8,Q165,6,Snowbrush,D,1Burn_W4,1,0,1,2,8,20,20,21,21,3,3,3.4,1.8,4,3.8,3.8,0,0.3,0.5,1.1,2.4,2.3,2.6,11/16/2021,11/21/2021,12/14/2021,1/21/2022,2/15/2022,3/22/2022,5/11/2022,6/16/2022,7/27/2022,9/2/2022
Y269,10,Q166,6,GrandFir,D,0Burn_W2,0,6,6,6,6,21,30,31,31,4.2,4.1,4.3,4.6,4.6,4.6,4.6,0.2,0.8,0.8,1.7,1.7,1.7,1.7,11/16/2021,11/21/2021,12/14/2021,1/21/2022,2/15/2022,3/22/2022,5/11/2022,6/16/2022,7/27/2022,9/2/2022
Y378,14,Q167,6,Snowbrush,ND,1Burn_W3,1,0,2,3,4,5,5,6,8,1.9,2,2.1,2.3,2.2,2.3,2.9,0,0.7,0.8,0.9,0.9,0.9,1.8,11/16/2021,11/21/2021,12/14/2021,1/21/2022,2/15/2022,3/22/2022,5/11/2022,6/16/2022,7/27/2022,9/2/2022
Y177,7,Q168,6,GrandFir,D,1Burn_W4,1,0,2,3,3,16,29,37,58,4.8,4.8,4.8,5.4,6,6.1,6.5,0,0.2,0.2,1.9,2,1.9,1.9,11/16/2021,11/20/2021,12/14/2021,1/21/2022,2/15/2022,3/22/2022,5/11/2022,6/16/2022,7/27/2022,9/2/2022
Y007,1,Q169,7,Snowbrush,ND,3Burn_W5,3,0,3,4,4,5,13,19,19,2.8,3,3,4,5,5,5,0,0.5,0.9,1.9,2.3,2.7,2.7,11/15/2021,11/18/2021,12/13/2021,1/21/2022,2/15/2022,3/22/2022,5/11/2022,6/16/2022,7/27/2022,9/2/2022
Y240,9,Q170,7,Snowbrush,D,Sterile,NA,0,3,4,4,5,6,6,6,2.3,2.5,2.7,2.7,2.7,2.8,2.8,0,0.7,0.8,0.8,0.8,0.8,0.9,11/16/2021,11/21/2021,12/14/2021,1/21/2022,2/15/2022,3/22/2022,5/11/2022,6/16/2022,7/27/2022,9/2/2022
Y383,14,Q171,7,GrandFir,ND,Sterile,NA,0,0,0,0,19,25,24,24,4.5,4.2,4,5.1,5.1,5.3,5.3,0,0,0,1.5,1.6,1.6,1.6,11/16/2021,11/21/2021,12/14/2021,1/21/2022,2/15/2022,3/22/2022,5/11/2022,6/16/2022,7/27/2022,9/2/2022
Y387,14,Q172,7,GrandFir,D,3Burn_W5,3,3,3,3,3,19,35,36,38,4,4.3,4.3,6.2,6.3,6.3,6.3,0.5,0.7,0.9,2.5,2.6,2.6,2.6,11/16/2021,11/21/2021,12/14/2021,1/21/2022,2/15/2022,3/22/2022,5/11/2022,6/16/2022,7/27/2022,9/2/2022
Y361,13,Q173,7,Snowbrush,ND,0Burn_W2,0,2,3,4,4,9,20,21,22,3,2.8,3,3.5,3.9,3.9,4.1,0.5,0.7,0.8,2.4,2.5,2.4,2.7,11/16/2021,11/21/2021,12/14/2021,1/21/2022,2/15/2022,3/22/2022,5/11/2022,6/16/2022,7/27/2022,9/2/2022
Y018,1,Q174,7,Snowbrush,D,0Burn_W2,0,0,3,3,3,6,7,17,18,2.8,2.9,3,3.4,4.3,4.4,4.4,0,0.4,1.1,2.1,2,2.1,2.2,11/15/2021,11/18/2021,12/14/2021,1/21/2022,2/15/2022,3/22/2022,5/11/2022,6/16/2022,7/27/2022,9/2/2022
Y162,6,Q175,7,GrandFir,ND,1Burn_W3,1,0,0,0,0,3,7,7,7,3.9,4.4,4.5,4.4,4.6,4.6,4.6,0,0,0,0.2,0.4,0.2,0.2,11/16/2021,11/20/2021,12/14/2021,1/21/2022,2/15/2022,3/22/2022,5/11/2022,6/16/2022,7/27/2022,9/2/2022
Y312,12,Q176,7,Snowbrush,D,3Burn_W5,3,0,0,4,7,13,16,17,16,0.7,1.5,1.4,3,3,3.1,3.4,0,0,1,2.3,3.2,2.9,2.9,11/16/2021,11/21/2021,12/14/2021,1/21/2022,2/15/2022,3/22/2022,5/11/2022,6/16/2022,7/27/2022,9/2/2022
Y389,14,Q177,7,GrandFir,ND,3Burn_W5,3,0,0,4,4,14,27,27,35,4.5,4.3,4.4,6,6,5.8,5.8,0,0,0.1,2,2.4,2.3,2.6,11/16/2021,11/21/2021,12/14/2021,1/21/2022,2/15/2022,3/22/2022,5/11/2022,6/16/2022,7/27/2022,9/2/2022
Y294,11,Q178,7,Snowbrush,ND,1Burn_W4,1,0,4,4,5,8,12,18,22,1.9,2,2.2,3.5,3.5,4,4,0,0.6,0.8,1.8,1.9,2.1,2.1,11/16/2021,11/21/2021,12/14/2021,1/21/2022,2/15/2022,3/22/2022,5/11/2022,6/16/2022,7/27/2022,9/2/2022
Y365,14,Q179,7,GrandFir,ND,0Burn_W2,0,0,0,0,0,12,21,26,24,4,4,4.2,4.6,5.3,5,5,0,0,0,1.7,1.7,1.7,1.7,11/16/2021,11/21/2021,12/14/2021,1/21/2022,2/15/2022,3/22/2022,5/11/2022,6/16/2022,7/27/2022,9/2/2022
Y130,5,Q180,7,GrandFir,D,3Burn_W6,3,0,0,4,0,14,22,25,33,4.2,4.5,4.4,4.8,5,5.3,5.3,0,0,0.1,1.3,1.4,1.3,1.3,11/16/2021,11/20/2021,12/14/2021,1/21/2022,2/15/2022,3/22/2022,5/11/2022,6/16/2022,7/27/2022,9/2/2022
Y191,7,Q181,7,Snowbrush,D,0Burn_W1,0,0,3,3,4,4,4,6,18,4,3.7,4.1,3.9,4.3,4.9,5,0,0.6,0.7,0.9,1.1,1.7,2.2,11/16/2021,11/20/2021,12/14/2021,1/21/2022,2/15/2022,3/22/2022,5/11/2022,6/16/2022,7/27/2022,9/2/2022
Y186,7,Q182,7,GrandFir,D,1Burn_W4,1,4,4,4,5,19,36,33,33,3.5,3.2,3.3,5.1,5.6,5.9,5.9,0.7,0.7,0.7,3.1,3.4,3.4,3.4,11/16/2021,11/20/2021,12/14/2021,1/21/2022,2/15/2022,3/22/2022,5/11/2022,6/16/2022,7/27/2022,9/2/2022
Y313,12,Q183,7,GrandFir,ND,1Burn_W4,1,0,0,0,0,10,35,36,43,4.9,5.3,5,6.2,6.4,6.4,6.4,0,0,0,2.4,2.4,2.4,2.4,11/16/2021,11/21/2021,12/14/2021,1/21/2022,2/15/2022,3/22/2022,5/11/2022,6/16/2022,7/27/2022,9/2/2022
Y049,2,Q184,7,Snowbrush,D,3Burn_W6,3,0,2,2,3,5,8,15,15,2.6,3,3,3.1,4.2,4.4,4.8,0,0.8,0.6,1.8,2.2,2.3,2.3,11/15/2021,11/18/2021,12/14/2021,1/21/2022,2/15/2022,3/22/2022,5/11/2022,6/16/2022,7/27/2022,9/2/2022
Y011,1,Q185,7,Snowbrush,ND,0Burn_W1,0,0,3,3,3,5,5,12,13,1.4,1.8,2.3,2.8,3.5,3.5,4,0,0.7,1,1,1.4,1.4,1.5,11/15/2021,11/18/2021,12/13/2021,1/21/2022,2/15/2022,3/22/2022,5/11/2022,6/16/2022,7/27/2022,9/2/2022
Y297,11,Q186,7,GrandFir,D,0Burn_W2,0,4,2,3,3,13,27,31,31,4.5,4.5,4.4,5.5,5.6,5.5,5.5,0.6,0.3,0.4,1.8,2.1,2.2,2.2,11/16/2021,11/21/2021,12/14/2021,1/21/2022,2/15/2022,3/22/2022,5/11/2022,6/16/2022,7/27/2022,9/2/2022
Y010,1,Q187,7,GrandFir,ND,0Burn_W1,0,0,3,3,3,13,18,17,17,3.8,3.7,3.8,4.6,5.1,4.6,4.8,0,0.2,0.3,1.1,1.2,1.2,1.3,11/15/2021,11/18/2021,12/14/2021,1/21/2022,2/15/2022,3/22/2022,5/11/2022,6/16/2022,7/27/2022,9/2/2022
Y260,10,Q188,7,Snowbrush,D,1Burn_W3,1,0,0,0,2,4,3,4,10,2.7,1.3,1.7,1.7,2.1,2.5,3.5,0,0,0,0.9,0.9,1.2,1.9,11/16/2021,11/21/2021,12/14/2021,1/21/2022,2/15/2022,3/22/2022,5/11/2022,6/16/2022,7/27/2022,9/2/2022
Y006,1,Q189,7,GrandFir,D,Sterile,NA,0,4,4,4,15,25,24,43,3.8,3.9,4.6,5.3,6.1,5.9,5.9,0,0.6,0.5,1.5,2,1.5,1.7,11/15/2021,11/18/2021,12/14/2021,1/21/2022,2/15/2022,3/22/2022,5/11/2022,6/16/2022,7/27/2022,9/2/2022
Y382,14,Q190,7,GrandFir,ND,3Burn_W6,3,5,5,5,5,19,24,28,30,3.5,5,5.2,5.4,5.7,5.7,5.9,0,0.6,0.7,1.1,1.2,1.3,1.3,11/16/2021,11/21/2021,12/14/2021,1/21/2022,2/15/2022,3/22/2022,5/11/2022,6/16/2022,7/27/2022,9/2/2022
Y017,1,Q191,7,Snowbrush,ND,Sterile,NA,0,4,2,5,4,4,6,4,2.3,2,2.5,2.5,2.7,2.8,2.8,0,0.5,1.1,1.1,1.2,1.2,1.3,11/15/2021,11/18/2021,12/13/2021,1/21/2022,2/15/2022,3/22/2022,5/11/2022,6/16/2022,7/27/2022,9/2/2022
Y352,13,Q192,7,GrandFir,D,1Burn_W3,1,4,4,4,4,16,17,17,17,4.5,4.6,4.5,4.8,4.9,4.9,4.9,0.7,0.4,0.7,0.3,0.6,0.5,0.5,11/16/2021,11/21/2021,12/14/2021,1/21/2022,2/15/2022,3/22/2022,5/11/2022,6/16/2022,7/27/2022,9/2/2022
Y211,8,Q193,7,Snowbrush,ND,1Burn_W3,1,1,4,4,4,4,4,5,17,5.1,5.8,6,5.7,6.2,6.3,6.8,0.7,1.1,1.1,0.9,1.5,1,1.4,11/16/2021,11/21/2021,12/14/2021,1/21/2022,2/15/2022,3/22/2022,5/11/2022,6/16/2022,7/27/2022,9/2/2022
Y241,9,Q194,7,Snowbrush,D,1Burn_W4,1,1,3,4,6,8,20,21,18,3.9,3.6,3.9,4.2,4.5,4.5,4.8,0,0.5,1,2.3,2.3,2.2,2.3,11/16/2021,11/21/2021,12/14/2021,1/21/2022,2/15/2022,3/22/2022,5/11/2022,6/16/2022,7/27/2022,9/2/2022
Y044,2,Q195,7,GrandFir,D,0Burn_W1,0,0,3,3,3,13,22,27,27,3.1,4,3.8,4,4.4,4.5,4.5,0,0.1,0.2,1.3,1.4,1.4,1.4,11/15/2021,11/18/2021,12/14/2021,1/21/2022,2/15/2022,3/22/2022,5/11/2022,6/16/2022,7/27/2022,9/2/2022
Y281,11,Q196,7,Snowbrush,ND,3Burn_W6,3,0,2,3,4,10,14,14,16,3,4.6,5,5.6,6,6,6,0,0.6,1,2.8,3.1,2.8,2.9,11/16/2021,11/21/2021,12/14/2021,1/21/2022,2/15/2022,3/22/2022,5/11/2022,6/16/2022,7/27/2022,9/2/2022
Y288,11,Q197,8,Snowbrush,D,Sterile,NA,2,3,4,5,5,6,6,6,2.3,2.3,2.8,2.7,2.7,2.8,2.8,0.6,0.8,0.8,0.7,0.9,0.8,0.8,11/16/2021,11/21/2021,12/14/2021,1/21/2022,2/15/2022,3/22/2022,5/11/2022,6/16/2022,7/27/2022,9/2/2022
Y025,1,Q198,8,GrandFir,ND,0Burn_W1,0,1,0,0,1,14,18,17,17,4.3,4.5,4.5,4.1,4.5,4.5,4.5,0,0,0,0.8,0.8,0.8,0.9,11/15/2021,11/18/2021,12/14/2021,1/21/2022,2/15/2022,3/22/2022,5/11/2022,6/16/2022,7/27/2022,9/2/2022
Y170,7,Q199,8,GrandFir,D,0Burn_W1,0,0,0,4,1,12,16,20,21,3.8,3.8,3.8,4,4.5,4.5,4.5,0,0,0.1,1,1,1.1,1.1,11/16/2021,11/20/2021,12/14/2021,1/21/2022,2/15/2022,3/22/2022,5/11/2022,6/16/2022,7/27/2022,9/2/2022
Y034,2,Q200,8,GrandFir,ND,0Burn_W2,0,0,1,1,1,10,24,24,29,3.4,3.5,4,5.8,6,6.6,6.6,0,0.2,0.4,2.3,2.4,2.4,2.4,11/15/2021,11/18/2021,12/14/2021,1/21/2022,2/15/2022,3/22/2022,5/11/2022,6/16/2022,7/27/2022,9/2/2022
Y103,4,Q201,8,Snowbrush,ND,0Burn_W1,0,2,4,4,4,5,6,9,18,3,3.5,3.7,3.6,4,4.1,4.1,0.6,0.9,0.9,0.8,0.8,1,1.9,11/16/2021,11/20/2021,12/14/2021,1/21/2022,2/15/2022,3/22/2022,5/11/2022,6/16/2022,7/27/2022,9/2/2022
Y094,4,Q202,8,GrandFir,D,1Burn_W3,1,0,0,0,0,12,16,16,16,4,4.1,4,4.4,4.5,4.9,4.9,0,0,0,1.1,1.1,1.1,1.1,11/16/2021,11/20/2021,12/14/2022,1/21/2022,2/15/2022,3/22/2022,5/11/2022,6/16/2022,7/27/2022,9/2/2022
Y292,11,Q203,8,Snowbrush,D,1Burn_W3,1,2,4,5,4,5,5,4,14,2.5,3,3,3,3.1,3.2,5.4,0.6,0.7,0.9,0.9,1,0.9,3,11/16/2021,11/21/2021,12/14/2021,1/21/2022,2/15/2022,3/22/2022,5/11/2022,6/16/2022,7/27/2022,9/2/2022
Y307,11,Q204,8,Snowbrush,D,0Burn_W2,0,0,2,2,4,13,17,17,17,3,3.4,3.5,4.1,4.5,4.5,4.5,0,0.5,0.7,2.6,2.6,2.7,2.7,11/16/2021,11/21/2021,12/14/2021,1/21/2022,2/15/2022,3/22/2022,5/11/2022,6/16/2022,7/27/2022,9/2/2022
Y399,15,Q205,8,GrandFir,ND,3Burn_W6,3,6,4,8,8,15,26,25,25,4,4.5,4.5,5.5,5.8,5.5,5.5,0.7,0.8,0.6,1.3,1.6,1.5,1.5,11/16/2021,11/21/2021,12/14/2021,1/21/2022,2/15/2022,3/22/2022,5/11/2022,6/16/2022,7/27/2022,9/2/2022
Y342,13,Q206,8,Snowbrush,ND,Sterile,NA,0,2,3,5,4,4,6,14,1.5,2.4,2.5,2.8,2.9,4,5.8,0,0.5,1,1,1.3,2.5,3.6,11/16/2021,11/21/2021,12/14/2021,1/21/2022,2/15/2022,3/22/2022,5/11/2022,6/16/2022,7/27/2022,9/2/2022
Y251,9,Q207,8,Snowbrush,D,3Burn_W6,3,0,2,3,5,6,9,15,15,3.4,3.5,3.6,4,4,4.3,4.3,0,0.6,0.7,1.5,1.5,1.5,1.6,11/16/2021,11/21/2021,12/14/2021,1/21/2022,2/15/2022,3/22/2022,5/11/2022,6/16/2022,7/27/2022,9/2/2022
Y052,2,Q208,8,Snowbrush,ND,3Burn_W5,3,0,0,3,7,11,16,17,16,2,2.5,2.5,3.1,3.4,3.7,4.4,0,0,0.5,1.7,2,2,2.5,11/15/2021,11/20/2021,12/14/2021,1/21/2022,2/15/2022,3/22/2022,5/11/2022,6/16/2022,7/27/2022,9/2/2022
Y295,11,Q209,8,Snowbrush,ND,1Burn_W4,1,0,0,0,6,13,18,18,18,1.4,2.1,2.4,2.8,3.1,3.5,4,0,0,0,2,2.4,2.1,2.4,11/16/2021,11/21/2021,12/14/2021,1/21/2022,2/15/2022,3/22/2022,5/11/2022,6/16/2022,7/27/2022,9/2/2022
Y196,7,Q210,8,Snowbrush,D,0Burn_W1,0,2,4,4,5,5,6,6,15,3.1,3.4,3.5,3.2,3.2,4.4,5,0.6,0.8,0.9,0.8,0.9,1,2.2,11/16/2021,11/20/2021,12/14/2021,1/21/2022,2/15/2022,3/22/2022,5/11/2022,6/16/2022,7/27/2022,9/2/2022
Y073,3,Q211,8,Snowbrush,ND,1Burn_W3,1,0,2,3,4,4,4,4,15,3.2,3.5,3.7,3.5,4,3.8,4.9,0,0.8,0.8,0.8,1,0.8,2.9,11/15/2021,11/20/2021,12/14/2021,1/21/2022,2/15/2022,3/22/2022,5/11/2022,6/16/2022,7/27/2022,9/2/2022
Y182,7,Q212,8,GrandFir,D,3Burn_W6,3,0,0,0,0,14,23,25,45,4.3,4,4,4.4,5,4.9,5.7,0,0,0,0.9,1,1.1,2.1,11/16/2021,11/20/2021,12/14/2021,1/21/2022,2/15/2022,3/22/2022,5/11/2022,6/16/2022,7/27/2022,9/2/2022
Y023,1,Q213,8,GrandFir,ND,3Burn_W5,3,1,0,0,0,14,21,26,23,3.2,3.3,3.4,3.5,3.7,3.9,4,0,0,0,1.4,1.4,1.5,1.5,11/15/2021,11/18/2021,12/14/2021,1/21/2022,2/15/2022,3/22/2022,5/11/2022,6/16/2022,7/27/2022,9/2/2022
Y055,2,Q214,8,Snowbrush,D,1Burn_W4,1,0,4,5,6,12,18,18,19,3.6,3.5,3.5,4,4.4,4.6,4.9,0,0.4,0.7,2.3,2.7,2.5,2.5,11/15/2021,11/20/2021,12/14/2021,1/21/2022,2/15/2022,3/22/2022,5/11/2022,6/16/2022,7/27/2022,9/2/2022
Y178,7,Q215,8,GrandFir,D,0Burn_W2,0,1,1,2,2,19,28,28,29,4,3.9,3.8,4.4,4.5,4.6,4.7,0,0.3,0.3,1.5,1.6,1.6,1.6,11/16/2021,11/20/2021,12/14/2021,1/21/2022,2/15/2022,3/22/2022,5/11/2022,6/16/2022,7/27/2022,9/2/2022
Y093,4,Q216,8,Snowbrush,ND,0Burn_W2,0,0,2,2,3,9,22,20,23,0.9,1.8,1.8,4,4.5,4.5,4.5,0,0.2,0.7,2.7,3,2.9,2.9,11/16/2021,11/20/2021,12/14/2021,1/21/2022,2/15/2022,3/22/2022,5/11/2022,6/16/2022,7/27/2022,9/2/2022
Y158,6,Q217,8,GrandFir,D,1Burn_W4,1,0,0,0,0,10,20,24,38,6.2,6,5.9,6.4,6.8,7,7,0,0,0,1.5,1.6,1.6,1.8,11/16/2021,11/20/2021,12/14/2021,1/21/2022,2/15/2022,3/22/2022,5/11/2022,6/16/2022,7/27/2022,9/2/2022
Y135,5,Q218,8,GrandFir,D,3Burn_W5,3,0,2,3,3,15,31,34,34,5.6,6,5.9,7.1,7.5,8.4,8.4,0,0.1,0.1,3.1,3.1,3.2,3.2,11/16/2021,11/20/2021,12/14/2021,1/21/2022,2/15/2022,3/22/2022,5/11/2022,6/16/2022,7/27/2022,9/2/2022
Y228,9,Q219,8,GrandFir,ND,1Burn_W3,1,6,6,6,6,6,6,6,6,5,4.5,5,4.4,4.8,4.7,4.7,0.1,0.6,0.6,0.7,0.7,0.7,0.8,11/16/2021,11/21/2021,12/14/2021,1/21/2022,2/15/2022,3/22/2022,5/11/2022,6/16/2022,7/27/2022,9/2/2022
Y311,12,Q220,8,Snowbrush,ND,3Burn_W6,3,0,0,2,5,10,13,14,11,2.7,2.9,3.1,3.6,3.7,3.7,4,0,0,0.5,1.1,1.3,1.3,1.3,11/16/2021,11/21/2021,12/14/2021,1/21/2022,2/15/2022,3/22/2022,5/11/2022,6/16/2022,7/27/2022,9/2/2022
Y353,13,Q221,8,Snowbrush,D,3Burn_W5,3,0,4,5,5,7,16,17,18,3,3,2.9,3.8,4,3.9,4.7,0,0.8,1,1.3,1.8,1.9,2.2,11/16/2021,11/21/2021,12/14/2021,1/21/2022,2/15/2022,3/22/2022,5/11/2022,6/16/2022,7/27/2022,9/2/2022
Y232,9,Q222,8,GrandFir,D,Sterile,NA,0,3,3,3,13,22,24,24,4.5,4,4.5,4.6,4.8,4.8,4.8,0,0.5,0.5,1.7,1.7,1.8,1.9,11/16/2021,11/21/2021,12/14/2021,1/21/2022,2/15/2022,3/22/2022,5/11/2022,6/16/2022,7/27/2022,9/2/2022
Y091,4,Q223,8,GrandFir,ND,1Burn_W4,1,0,0,0,0,16,31,35,35,4.3,4.3,4.3,5.4,6,6.3,6.3,0,0,0,2.6,2.6,2.6,2.7,11/16/2021,11/20/2021,12/14/2021,1/21/2022,2/15/2022,3/22/2022,5/11/2022,6/16/2022,7/27/2022,9/2/2022
Y088,4,Q224,8,GrandFir,ND,Sterile,NA,0,1,3,3,16,21,21,35,2.8,2.8,2.7,3.7,4.2,5.1,5.1,0,0.1,0.1,1.1,1.2,1.6,1.9,11/15/2021,11/20/2021,12/14/2021,1/21/2022,2/15/2022,3/22/2022,5/11/2022,6/16/2022,7/27/2022,9/2/2022
Y243,9,Q225,9,Snowbrush,ND,1Burn_W3,1,0,2,4,4,4,4,4,15,2.8,2.5,2.8,2.8,3.1,3.9,4.7,0,0.4,0.9,0.6,0.7,1.4,1.7,11/16/2021,11/21/2021,12/14/2021,1/21/2022,2/15/2022,3/22/2022,5/11/2022,6/16/2022,7/27/2022,9/2/2022
Y033,2,Q226,9,GrandFir,D,1Burn_W4,1,0,1,1,1,10,21,21,21,3,3.1,3,4,4.9,4.9,4.9,0,0.2,0.3,2.1,2.1,2.1,2.1,11/15/2021,11/18/2021,12/14/2021,1/21/2022,2/15/2022,3/22/2022,5/11/2022,6/16/2022,7/27/2022,9/2/2022
Y290,11,Q227,9,GrandFir,ND,0Burn_W2,0,0,0,0,0,12,21,24,21,3.8,3.4,3.7,4.2,4.5,4.5,4.6,0,0,0,1.3,1.4,1.4,1.4,11/16/2021,11/21/2021,12/14/2021,1/21/2022,2/15/2022,3/22/2022,5/11/2022,6/16/2022,7/27/2022,9/2/2022
Y328,12,Q228,9,GrandFir,D,3Burn_W6,3,3,2,2,3,22,24,25,26,5.4,4.8,4.8,5.8,5.9,6,6,0.6,0.7,0.7,1.5,1.5,1.5,1.5,11/16/2021,11/21/2021,12/14/2021,1/21/2022,2/15/2022,3/22/2022,5/11/2022,6/16/2022,7/27/2022,9/2/2022
Y242,9,Q229,9,GrandFir,ND,1Burn_W4,1,3,3,3,3,18,33,34,37,4.4,4.1,4.6,5.5,5.8,5.7,5.7,0.2,0.6,0.5,1.6,1.6,1.6,1.6,11/16/2021,11/21/2021,12/14/2021,1/21/2022,2/15/2022,3/22/2022,5/11/2022,6/16/2022,7/27/2022,9/2/2022
Y256,10,Q230,9,GrandFir,ND,3Burn_W6,3,0,0,0,0,14,23,24,24,5,5.3,4.9,4.9,4.9,5,5,0,0,0,1.1,1.1,1.1,1.2,11/16/2021,11/21/2021,12/14/2021,1/21/2022,2/15/2022,3/22/2022,5/11/2022,6/16/2022,7/27/2022,9/2/2022
Y125,5,Q231,9,GrandFir,ND,0Burn_W1,0,0,1,1,1,1,13,15,27,5.2,5,5,4.8,5.3,5,5.9,0,0.3,0.3,0.4,0.6,0.5,0.9,11/16/2021,11/20/2021,12/14/2021,1/21/2022,2/15/2022,3/22/2022,5/11/2022,6/16/2022,7/27/2022,9/2/2022
Y076,3,Q232,9,Snowbrush,ND,Sterile,NA,0,3,4,4,4,5,5,6,4.5,4.9,4.8,4.8,4.9,5,5.5,0,0.7,0.7,0.7,1,1.1,1,11/15/2021,11/20/2021,12/14/2021,1/21/2022,2/15/2022,3/22/2022,5/11/2022,6/16/2022,7/27/2022,9/2/2022
Y276,10,Q233,9,Snowbrush,D,0Burn_W1,0,0,2,3,3,4,4,4,5,2.2,2.1,2.8,2.3,2.7,3,3.1,0,0.6,0.8,0.7,0.8,0.7,0.8,11/16/2021,11/21/2021,12/14/2021,1/21/2022,2/15/2022,3/22/2022,5/11/2022,6/16/2022,7/27/2022,9/2/2022
Y181,7,Q234,9,Snowbrush,ND,1Burn_W4,1,2,4,4,6,16,19,16,23,3.3,4,3.8,3.7,4.2,5.1,5.1,0.6,1,1.1,2.4,2.5,2.6,2.5,11/16/2021,11/20/2021,12/14/2021,1/21/2022,2/15/2022,3/22/2022,5/11/2022,6/16/2022,7/27/2022,9/2/2022
Y386,14,Q235,9,GrandFir,ND,3Burn_W5,3,0,0,0,0,17,21,22,24,5.5,6,5.2,6.4,6.7,7,7,0,0,0,1.9,1.9,1.9,1.9,11/16/2021,11/21/2021,12/14/2021,1/21/2022,2/15/2022,3/22/2022,5/11/2022,6/16/2022,7/27/2022,9/2/2022
Y070,3,Q236,9,Snowbrush,D,3Burn_W6,3,0,0,4,5,5,7,11,13,3,1.3,4,1.7,2.4,3.5,5,0,0,1.4,1.5,1.5,1.9,3.1,11/15/2021,11/20/2021,12/14/2021,1/21/2022,2/15/2022,3/22/2022,5/11/2022,6/16/2022,7/27/2022,9/2/2022
Y179,7,Q237,9,GrandFir,ND,Sterile,NA,0,0,0,0,12,18,20,20,4.4,4.5,4.6,4.4,4.5,5.1,5.1,0,0,0,1,1.1,1.1,1.1,11/16/2021,11/20/2021,12/14/2021,1/21/2022,2/15/2022,3/22/2022,5/11/2022,6/16/2022,7/27/2022,9/2/2022
Y397,15,Q238,9,Snowbrush,D,1Burn_W4,1,0,0,2,2,5,14,18,21,3,1.5,1.7,2.5,2.7,3,4.7,0,0,0.9,1.9,2.2,2.5,2.8,11/16/2021,11/21/2021,12/14/2021,1/21/2022,2/15/2022,3/22/2022,5/11/2022,6/16/2022,7/27/2022,9/2/2022
Y316,12,Q239,9,GrandFir,D,1Burn_W3,1,0,3,3,3,3,11,12,12,5,5,4.9,4.8,4.9,4.9,4.9,0,0.3,0.4,0.3,0.3,0.3,0.3,11/16/2021,11/21/2021,12/14/2021,1/21/2022,2/15/2022,3/22/2022,5/11/2022,6/16/2022,7/27/2022,9/2/2022
Y267,10,Q240,9,GrandFir,D,3Burn_W5,3,0,5,5,5,21,30,34,34,4.1,4.2,4.4,5.8,5.8,5.5,5.6,0,0.5,0.5,2.4,2.5,2.4,2.4,11/16/2021,11/21/2021,12/14/2021,1/21/2022,2/15/2022,3/22/2022,5/11/2022,6/16/2022,7/27/2022,9/2/2022
Y358,13,Q241,9,Snowbrush,ND,3Burn_W5,3,0,0,3,4,5,12,17,18,2.7,2.6,2.9,3.3,3.9,4,4,0,0,1,1.4,1.6,2,2,11/16/2021,11/21/2021,12/14/2021,1/21/2022,2/15/2022,3/22/2022,5/11/2022,6/16/2022,7/27/2022,9/2/2022
Y151,6,Q242,9,GrandFir,D,Sterile,NA,0,0,4,3,16,23,23,23,3.9,4,4,4.7,5.2,5.3,5.3,0,0,0.1,1.3,1.3,1.4,1.4,11/16/2021,11/20/2021,12/14/2021,1/21/2022,2/15/2022,3/22/2022,5/11/2022,6/16/2022,7/27/2022,9/2/2022
Y303,11,Q243,9,Snowbrush,D,Sterile,NA,0,0,2,4,4,4,6,4,2.3,1.6,2.2,2.1,2.2,2.2,2.2,0,0,0.2,0.8,0.9,0.8,0.8,11/16/2021,11/21/2021,12/14/2021,1/21/2022,2/15/2022,3/22/2022,5/11/2022,6/16/2022,7/27/2022,9/2/2022
Y012,1,Q244,9,Snowbrush,D,3Burn_W5,3,0,0,4,7,15,18,16,17,2.2,2.6,3.1,3.4,3.5,3.8,4.6,0,0,0.6,2.3,2.5,2.4,2.4,11/15/2021,11/18/2021,12/13/2021,1/21/2022,2/15/2022,3/22/2022,5/11/2022,6/16/2022,7/27/2022,9/2/2022
Y279,10,Q245,9,GrandFir,ND,1Burn_W3,1,5,6,6,6,6,6,6,6,6.1,5.8,5.8,5.5,5.5,5.5,5.5,0.3,0.6,0.7,0.5,0.5,0.6,0.6,11/16/2021,11/21/2021,12/14/2021,1/21/2022,2/15/2022,3/22/2022,5/11/2022,6/16/2022,7/27/2022,9/2/2022
Y184,7,Q246,9,GrandFir,D,0Burn_W1,0,0,0,0,0,7,16,16,16,3.9,3.5,3.7,4.2,4.6,4.6,4.6,0,0,0,1.2,1.5,1.5,1.5,11/16/2021,11/20/2021,12/14/2021,1/21/2022,2/15/2022,3/22/2022,5/11/2022,6/16/2022,7/27/2022,9/2/2022
Y074,3,Q247,9,Snowbrush,ND,0Burn_W1,0,0,1,1,1,1,2,8,17,2.3,2.5,2.8,2.7,3,3.2,3.9,0,0.7,0.6,0.5,1.6,1.3,2.2,11/15/2021,11/20/2021,12/14/2021,1/21/2022,2/15/2022,3/22/2022,5/11/2022,6/16/2022,7/27/2022,9/2/2022
Y089,4,Q248,9,GrandFir,D,0Burn_W2,0,0,2,2,2,10,19,26,22,3.3,3.3,3.6,4.3,4.7,5,5,0,0.2,0.3,1.9,2.1,2,2,11/15/2021,11/20/2021,12/14/2021,1/21/2022,2/15/2022,3/22/2022,5/11/2022,6/16/2022,7/27/2022,9/2/2022
Y205,8,Q249,9,Snowbrush,ND,0Burn_W2,0,0,3,4,5,7,18,20,20,2.7,3,3,4,4.8,5,6.3,0,0.6,0.6,2.6,2.7,2.7,2.8,11/16/2021,11/20/2021,12/14/2021,1/21/2022,2/15/2022,3/22/2022,5/11/2022,6/16/2022,7/27/2022,9/2/2022
Y218,8,Q250,9,Snowbrush,D,0Burn_W2,0,0,0,3,4,5,15,15,21,3.1,3.3,3.3,3.9,4.3,4.1,5.9,0,0,1.1,2.4,2.6,2.5,3.8,11/16/2021,11/21/2021,12/14/2021,1/21/2022,2/15/2022,3/22/2022,5/11/2022,6/16/2022,7/27/2022,9/2/2022
Y400,15,Q251,9,Snowbrush,D,1Burn_W3,1,0,2,4,4,4,4,3,2,2.4,3,3.2,2.9,2.9,2.8,2.7,0,0.3,0.9,1,1,0.9,0.9,11/16/2021,11/21/2021,12/14/2021,1/21/2022,2/15/2022,3/22/2022,5/11/2022,6/16/2022,7/27/2022,9/2/2022
Y363,13,Q252,9,Snowbrush,ND,3Burn_W6,3,0,2,3,3,3,8,14,20,2.4,1.7,3,4.5,4,4,5.5,0,0.9,1.1,1.5,2,2,2.8,11/16/2021,11/21/2021,12/14/2021,1/21/2022,2/15/2022,3/22/2022,5/11/2022,6/16/2022,7/27/2022,9/2/2022
Y415,15,Q253,10,GrandFir,ND,Sterile,NA,4,4,4,4,14,19,19,19,4.8,5.5,5,4.6,5.1,4.6,5,0.8,0.4,0.9,0.7,0.8,0.9,0.9,11/16/2021,11/21/2021,12/14/2021,1/21/2022,2/15/2022,3/22/2022,5/11/2022,6/16/2022,7/27/2022,9/2/2022
Y180,7,Q254,10,Snowbrush,ND,3Burn_W5,3,2,3,4,5,8,12,16,16,2.8,2.9,2.9,3.7,4,3.8,3.9,0.5,0.9,0.9,1.9,2,2,2,11/16/2021,11/20/2021,12/14/2021,1/21/2022,2/15/2022,3/22/2022,5/11/2022,6/16/2022,7/27/2022,9/2/2022
Y072,3,Q255,10,GrandFir,D,0Burn_W2,0,0,4,4,4,14,22,23,24,4,4,4,4.5,5.1,5,5.1,0,0.6,0.6,1.7,1.7,1.7,1.7,11/15/2021,11/20/2021,12/14/2021,1/21/2022,2/15/2022,3/22/2022,5/11/2022,6/16/2022,7/27/2022,9/2/2022
Y235,9,Q256,10,Snowbrush,D,3Burn_W5,3,0,2,3,6,10,12,15,15,1.8,2.2,2.2,2.9,3.1,3.4,3.5,0,0.7,0.6,2,2.1,2.3,2.3,11/16/2021,11/21/2021,12/14/2021,1/21/2022,2/15/2022,3/22/2022,5/11/2022,6/16/2022,7/27/2022,9/2/2022
Y050,2,Q257,10,GrandFir,ND,1Burn_W4,1,0,2,3,3,19,33,33,37,5,5.1,4.9,6,6.4,6.4,6.4,0,0.3,0.5,2.8,2.9,2.8,2.8,11/15/2021,11/18/2021,12/14/2021,1/21/2022,2/15/2022,3/22/2022,5/11/2022,6/16/2022,7/27/2022,9/2/2022
Y219,8,Q258,10,GrandFir,D,1Burn_W4,1,0,0,0,0,15,21,21,35,4,3.8,4,4.8,5.1,5.1,5.3,0,0,0,1.4,1.4,1.3,1.3,11/16/2021,11/21/2021,12/14/2021,1/21/2022,2/15/2022,3/22/2022,5/11/2022,6/16/2022,7/27/2022,9/2/2022
Y339,13,Q259,10,Snowbrush,D,3Burn_W6,3,0,0,2,4,7,8,11,21,3.4,3.5,3.9,4.4,4.4,4.5,8,0,0,0.5,1.6,1.8,1.8,3.4,11/16/2021,11/21/2021,12/14/2021,1/21/2022,2/15/2022,3/22/2022,5/11/2022,6/16/2022,7/27/2022,9/2/2022
Y214,8,Q260,10,GrandFir,ND,0Burn_W2,0,0,0,1,1,12,21,21,22,3.6,4,4,3.8,4.5,4.8,4.8,0,0,0.1,1.8,1.9,1.8,1.8,11/16/2021,11/21/2021,12/14/2021,1/21/2022,2/15/2022,3/22/2022,5/11/2022,6/16/2022,7/27/2022,9/2/2022
Y037,2,Q261,10,Snowbrush,D,Sterile,NA,2,4,4,4,5,5,5,5,2,2.9,3.1,2.7,3.5,3.6,3.6,1.6,1,1,0.9,1,1,1,11/15/2021,11/18/2021,12/14/2021,1/21/2022,2/15/2022,3/22/2022,5/11/2022,6/16/2022,7/27/2022,9/2/2022
Y030,2,Q262,10,GrandFir,D,0Burn_W1,0,0,0,0,0,9,12,13,13,3.6,3.9,4.1,4,4.6,4.4,4.4,0,0,0,1.2,1.3,1.2,1.2,11/15/2021,11/18/2021,12/14/2021,1/21/2022,2/15/2022,3/22/2022,5/11/2022,6/16/2022,7/27/2022,9/2/2022
Y301,11,Q263,10,GrandFir,D,1Burn_W3,1,0,0,0,0,0,7,8,7,4.3,4.3,4.5,4.3,4.8,4.5,4.5,0,0,0,0.3,0.3,0.3,0.3,11/16/2021,11/21/2021,12/14/2021,1/21/2022,2/15/2022,3/22/2022,5/11/2022,6/16/2022,7/27/2022,9/2/2022
Y134,5,Q264,10,Snowbrush,D,1Burn_W4,1,0,2,4,4,7,11,15,18,3.5,3.8,3.8,4.2,5.1,4.8,4.8,0,0.7,0.8,1.1,1.5,1.4,1.5,11/16/2021,11/20/2021,12/14/2021,1/21/2022,2/15/2022,3/22/2022,5/11/2022,6/16/2022,7/27/2022,9/2/2022
Y413,15,Q265,10,Snowbrush,D,1Burn_W3,1,0,0,1,1,3,3,4,9,1.9,2.2,2.4,2.3,2.5,2.7,3,0,0,1.1,0.8,0.9,0.9,2.2,11/16/2021,11/21/2021,12/14/2021,1/21/2022,2/15/2022,3/22/2022,5/11/2022,6/16/2022,7/27/2022,9/2/2022
Y408,15,Q266,10,Snowbrush,ND,1Burn_W3,1,0,2,3,4,4,4,4,4,3.5,4.5,4.8,4.5,4.5,4.6,4.6,0,0.9,0.7,0.8,0.9,0.9,0.8,11/16/2021,11/21/2021,12/14/2021,1/21/2022,2/15/2022,3/22/2022,5/11/2022,6/16/2022,7/27/2022,9/2/2022
Y350,13,Q267,10,Snowbrush,ND,Sterile,NA,0,2,2,5,3,3,5,8,3.3,3.3,3.4,3.3,3.5,3.5,3.5,0,1,1.1,1.1,1.6,1.1,1.6,11/16/2021,11/21/2021,12/14/2021,1/21/2022,2/15/2022,3/22/2022,5/11/2022,6/16/2022,7/27/2022,9/2/2022
Y169,7,Q268,10,GrandFir,ND,3Burn_W5,3,0,0,0,0,16,20,21,22,4.4,4.3,4.4,5.1,5.5,5.5,5.5,0,0,0,1.9,2,2.3,2.3,11/16/2021,11/20/2021,12/14/2021,1/21/2022,2/15/2022,3/22/2022,5/11/2022,6/16/2022,7/27/2022,9/2/2022
Y149,6,Q269,10,Snowbrush,D,0Burn_W2,0,0,2,3,4,7,11,14,23,1,1.7,2.1,3.6,3.7,4,5.8,0,0.2,0.7,2.4,2.5,2.5,2.9,11/16/2021,11/20/2021,12/14/2021,1/21/2022,2/15/2022,3/22/2022,5/11/2022,6/16/2022,7/27/2022,9/2/2022
Y283,11,Q270,10,Snowbrush,ND,0Burn_W2,0,0,0,2,5,12,14,20,21,2,3.4,3.5,3.9,4.2,4.1,4.4,0,0,0.1,1.9,2,1.9,2.6,11/16/2021,11/21/2021,12/14/2021,1/21/2022,2/15/2022,3/22/2022,5/11/2022,6/16/2022,7/27/2022,9/2/2022
Y377,14,Q271,10,Snowbrush,ND,3Burn_W6,3,0,0,2,2,4,5,12,13,2.9,3.4,4,3.8,4.5,4.5,4.6,0,0,0.9,1,1.1,1.6,1.7,11/16/2021,11/21/2021,12/14/2021,1/21/2022,2/15/2022,3/22/2022,5/11/2022,6/16/2022,7/27/2022,9/2/2022
Y265,10,Q272,10,GrandFir,D,Sterile,NA,0,3,3,3,15,21,22,22,4.4,4.3,4.6,4.2,4.3,4.5,4.5,0,0.1,0.3,4.2,1.2,1.2,1.2,11/16/2021,11/21/2021,12/14/2021,1/21/2022,2/15/2022,3/22/2022,5/11/2022,6/16/2022,7/27/2022,9/2/2022
Y084,3,Q273,10,GrandFir,ND,1Burn_W3,1,0,3,3,3,3,3,3,3,4,3.9,3.9,3.3,3.6,3.8,3.8,0,0.8,0.7,0.6,0.6,0.7,0.7,11/15/2021,11/20/2021,12/14/2021,1/21/2022,2/15/2022,3/22/2022,5/11/2022,6/16/2022,7/27/2022,9/2/2022
Y319,12,Q274,10,Snowbrush,ND,0Burn_W1,0,0,3,4,4,4,4,8,14,2.2,2.5,2.4,2.5,2.5,3.5,4.4,0,0.8,0.7,0.6,0.8,1.3,1.9,11/16/2021,11/21/2021,12/14/2021,1/21/2022,2/15/2022,3/22/2022,5/11/2022,6/16/2022,7/27/2022,9/2/2022
Y419,15,Q275,10,GrandFir,ND,3Burn_W6,3,0,5,5,5,15,21,22,24,4,4,4,4.5,4.6,4.7,4.7,0,0.5,0.5,1.5,1.5,1.5,1.5,11/16/2021,11/21/2021,12/14/2021,1/21/2022,2/15/2022,3/22/2022,5/11/2022,6/16/2022,7/27/2022,9/2/2022
Y099,4,Q276,10,Snowbrush,ND,1Burn_W4,1,2,2,3,3,3,7,15,18,3.5,3.6,3.7,4.3,5.3,5.3,5.5,0.6,0.6,0.6,1.3,2,2.2,2.4,11/16/2021,11/20/2021,12/14/2021,1/21/2022,2/15/2022,3/22/2022,5/11/2022,6/16/2022,7/27/2022,9/2/2022
Y064,3,Q277,10,GrandFir,D,3Burn_W6,3,0,0,0,0,6,22,24,22,1.9,1.9,1.9,2.4,2.5,2.8,2.8,0,0,0,0.9,0.9,1.1,1,11/15/2021,11/20/2021,12/14/2021,1/21/2022,2/15/2022,3/22/2022,5/11/2022,6/16/2022,7/27/2022,9/2/2022
Y321,12,Q278,10,Snowbrush,D,0Burn_W1,0,0,3,4,6,4,4,4,9,2.8,2.6,2.7,3.4,3.6,3.6,3.9,0,0.2,0.5,0.5,0.5,0.6,1.2,11/16/2021,11/21/2021,12/14/2021,1/21/2022,2/15/2022,3/22/2022,5/11/2022,6/16/2022,7/27/2022,9/2/2022
Y236,9,Q279,10,GrandFir,ND,0Burn_W1,0,4,4,4,4,4,15,15,18,5.5,6,5.6,5.3,5.4,5.2,5.4,0.5,1,0.8,0.9,0.9,0.9,1,11/16/2021,11/21/2021,12/14/2021,1/21/2022,2/15/2022,3/22/2022,5/11/2022,6/16/2022,7/27/2022,9/2/2022
Y087,4,Q280,10,GrandFir,D,3Burn_W5,3,0,0,0,0,16,32,30,31,3.1,3.2,3.2,4.8,5.5,5.5,6,0,0,0,2.3,2.3,2.4,2.4,11/15/2021,11/20/2021,12/14/2021,1/21/2022,2/15/2022,3/22/2022,5/11/2022,6/16/2022,7/27/2022,9/2/2022
Y416,15,Q281,11,Snowbrush,ND,3Burn_W5,3,0,1,2,4,13,15,15,20,1.7,2.2,2.1,3.3,3.6,3.8,4.9,0,0.6,0.6,2.6,2.6,2.7,2.8,11/16/2021,11/21/2021,12/14/2021,1/21/2022,2/15/2022,3/22/2022,5/11/2022,6/16/2022,7/27/2022,9/2/2022
Y376,14,Q282,11,GrandFir,ND,1Burn_W3,1,3,3,4,4,4,3,3,3,3.9,3.5,3.5,3.3,3.9,4,4,0.6,0.8,0.9,0.7,0.7,0.8,0.8,11/16/2021,11/21/2021,12/14/2021,1/21/2022,2/15/2022,3/22/2022,5/11/2022,6/16/2022,7/27/2022,9/2/2022
Y195,7,Q283,11,Snowbrush,ND,0Burn_W1,0,2,3,4,5,6,7,7,22,3.9,4.2,4.1,4.3,4.3,5.4,6.1,0.5,0.7,1,0.9,1.2,2,2.6,11/16/2021,11/20/2021,12/14/2021,1/21/2022,2/15/2022,3/22/2022,5/11/2022,6/16/2022,7/27/2022,9/2/2022
Y341,13,Q284,11,Snowbrush,D,3Burn_W5,3,0,3,4,5,5,9,15,26,2.8,3,3.3,3.5,3.6,4,4.9,0,0.5,1,1.6,1.7,1.9,2.9,11/16/2021,11/21/2021,12/14/2021,1/21/2022,2/15/2022,3/22/2022,5/11/2022,6/16/2022,7/27/2022,9/2/2022
Y048,2,Q285,11,GrandFir,D,3Burn_W5,3,0,0,0,0,15,25,25,22,2.5,2.8,2.4,3,3.5,4,4,0,0,1.7,2.1,2,2.1,2.1,11/15/2021,11/18/2021,12/14/2021,1/21/2022,2/15/2022,3/22/2022,5/11/2022,6/16/2022,7/27/2022,9/2/2022
Y041,2,Q286,11,GrandFir,D,Sterile,NA,0,1,4,5,16,21,21,21,3.5,3.3,3.3,3.9,4.2,4.2,4.5,0,1.4,0.2,0.9,0.9,0.9,1,11/15/2021,11/18/2021,12/14/2021,1/21/2022,2/15/2022,3/22/2022,5/11/2022,6/16/2022,7/27/2022,9/2/2022
Y063,3,Q287,11,GrandFir,D,3Burn_W6,3,0,3,3,3,14,23,22,22,3.5,3.7,3.9,4.3,4.5,4.5,4.5,0,0.2,0.2,0.9,1,0.9,1,11/15/2021,11/20/2021,12/14/2021,1/21/2022,2/15/2022,3/22/2022,5/11/2022,6/16/2022,7/27/2022,9/2/2022
Y057,3,Q288,11,GrandFir,ND,3Burn_W6,3,0,0,0,0,8,20,21,21,3.6,3.3,3.5,4.6,5.3,5.3,5.3,0,0,0,1.5,1.5,1.6,1.6,11/15/2021,11/20/2021,12/14/2021,1/21/2022,2/15/2022,3/22/2022,5/11/2022,6/16/2022,7/27/2022,9/2/2022
Y042,2,Q289,11,GrandFir,ND,Sterile,NA,0,0,0,0,11,20,18,18,3.6,4,4,4.5,4.6,4.9,4.9,0,0,0,1,1.2,1.2,1.2,11/15/2021,11/18/2021,12/14/2021,1/21/2022,2/15/2022,3/22/2022,5/11/2022,6/16/2022,7/27/2022,9/2/2022
Y225,9,Q290,11,GrandFir,D,0Burn_W1,0,0,3,3,3,6,11,11,12,6.8,7.5,7.1,6.9,7.5,7.7,7.7,0,0.2,0.3,0.5,0.5,0.5,0.4,11/16/2021,11/21/2021,12/14/2021,1/21/2022,2/15/2022,3/22/2022,5/11/2022,6/16/2022,7/27/2022,9/2/2022
Y056,2,Q291,11,GrandFir,ND,1Burn_W4,1,0,0,0,0,17,30,30,41,3.7,3.2,3.1,4.4,5.1,5.4,5.8,0,0,0,3.1,3.2,3.2,3.2,11/15/2021,11/20/2021,12/14/2021,1/21/2022,2/15/2022,3/22/2022,5/11/2022,6/16/2022,7/27/2022,9/2/2022
Y412,15,Q292,11,Snowbrush,D,0Burn_W1,0,0,2,2,2,3,4,4,6,2,2.5,2.4,2.5,2.5,2.9,3.6,0,0.6,0.7,0.7,0.9,0.8,1.2,11/16/2021,11/21/2021,12/14/2021,1/21/2022,2/15/2022,3/22/2022,5/11/2022,6/16/2022,7/27/2022,9/2/2022
Y238,9,Q293,11,Snowbrush,D,Sterile,NA,0,3,4,5,5,5,5,14,2,2.6,2.5,2.4,2.4,3.3,3.3,0,0.7,0.9,0.9,1,2,2.3,11/16/2021,11/21/2021,12/14/2021,1/21/2022,2/15/2022,3/22/2022,5/11/2022,6/16/2022,7/27/2022,9/2/2022
Y379,14,Q294,11,Snowbrush,D,3Burn_W6,3,0,2,2,4,5,9,11,11,2.5,2,2.5,2.8,2.8,3.1,4,0,0.1,0.7,1.4,1.4,1.4,1.7,11/16/2021,11/21/2021,12/14/2021,1/21/2022,2/15/2022,3/22/2022,5/11/2022,6/16/2022,7/27/2022,9/2/2022
Y190,7,Q295,11,Snowbrush,ND,0Burn_W2,0,2,3,3,4,10,18,19,19,4.5,5,4.8,5.3,5.5,5.8,6.5,0.6,0.9,0.9,1.6,1.8,2.1,2.2,11/16/2021,11/20/2021,12/14/2021,1/21/2022,2/15/2022,3/22/2022,5/11/2022,6/16/2022,7/27/2022,9/2/2022
Y068,3,Q296,11,Snowbrush,D,1Burn_W4,1,0,2,3,3,6,12,14,20,2.9,3.1,3.2,3.6,3.9,4,5,0,0.6,0.7,1.7,2.1,1.9,2,11/15/2021,11/20/2021,12/14/2021,1/21/2022,2/15/2022,3/22/2022,5/11/2022,6/16/2022,7/27/2022,9/2/2022
Y355,13,Q297,11,Snowbrush,D,0Burn_W2,0,0,2,2,4,9,9,14,12,2.2,2.8,3.1,3,3.3,3.9,4.6,0,0.6,0.7,1.8,1.9,2.1,2.4,11/16/2021,11/21/2021,12/14/2021,1/21/2022,2/15/2022,3/22/2022,5/11/2022,6/16/2022,7/27/2022,9/2/2022
Y270,10,Q298,11,Snowbrush,ND,1Burn_W4,1,0,0,0,5,14,14,14,19,2.1,2.7,2.7,3.9,3.9,4,4.5,0,0,0,2.3,2.3,2.3,2.3,11/16/2021,11/21/2021,12/14/2021,1/21/2022,2/15/2022,3/22/2022,5/11/2022,6/16/2022,7/27/2022,9/2/2022
Y257,10,Q299,11,GrandFir,D,1Burn_W4,1,0,3,3,3,18,18,18,18,4.5,5.2,5.3,4.4,5.2,4.6,4.8,0,0.2,0.3,0.6,0.6,0.6,0.6,11/16/2021,11/21/2021,12/14/2021,1/21/2022,2/15/2022,3/22/2022,5/11/2022,6/16/2022,7/27/2022,9/2/2022
Y298,11,Q300,11,GrandFir,ND,3Burn_W5,3,2,3,3,3,14,18,20,20,4.8,4.6,4.8,5,5.5,5.6,5.6,0,0.5,0.6,1.5,1.5,1.3,1.3,11/16/2021,11/21/2021,12/14/2021,1/21/2022,2/15/2022,3/22/2022,5/11/2022,6/16/2022,7/27/2022,9/2/2022
Y140,5,Q301,11,GrandFir,ND,0Burn_W1,0,0,1,1,1,1,8,12,12,3.8,4,3.9,4,4.1,4.1,4.1,0,0.2,0.3,0.2,0.2,0.2,0.2,11/16/2021,11/20/2021,12/14/2021,1/21/2022,2/15/2022,3/22/2022,5/11/2022,6/16/2022,7/27/2022,9/2/2022
Y148,6,Q302,11,GrandFir,D,0Burn_W2,0,0,3,4,4,9,17,23,23,4.4,4.4,4.5,4.5,4.7,4.7,4.7,0,0.2,0.2,1.2,1.2,1.2,1.3,11/16/2021,11/20/2021,12/14/2021,1/21/2022,2/15/2022,3/22/2022,5/11/2022,6/16/2022,7/27/2022,9/2/2022
Y150,6,Q303,11,Snowbrush,ND,3Burn_W6,3,2,2,3,4,6,8,11,22,1.7,2,2,2.6,2.7,3.4,5.8,0.4,0.3,0.5,2.3,2.4,2.4,3.3,11/16/2021,11/20/2021,12/14/2021,1/21/2022,2/15/2022,3/22/2022,5/11/2022,6/16/2022,7/27/2022,9/2/2022
Y026,1,Q304,11,Snowbrush,D,1Burn_W3,1,0,3,4,5,5,3,3,3,1.7,1.8,2.2,2.1,2.7,2.8,2.8,0,0.4,0.8,0,1,0.7,1,11/15/2021,11/18/2021,12/14/2021,1/21/2022,2/15/2022,3/22/2022,5/11/2022,6/16/2022,7/27/2022,9/2/2022
Y147,6,Q305,11,Snowbrush,ND,Sterile,NA,2,3,4,4,6,5,4,13,2.7,3.4,3.3,3.3,3.3,3.5,4.9,0.5,0.9,1,0.9,1,1,2.4,11/16/2021,11/20/2021,12/14/2021,1/21/2022,2/15/2022,3/22/2022,5/11/2022,6/16/2022,7/27/2022,9/2/2022
Y254,10,Q306,11,Snowbrush,ND,1Burn_W3,1,0,2,2,2,3,3,3,3,2,2.5,2.6,2.5,2.7,3.2,3.2,0,0.4,0.8,0.5,0.5,0.5,0.5,11/16/2021,11/21/2021,12/14/2021,1/21/2022,2/15/2022,3/22/2022,5/11/2022,6/16/2022,7/27/2022,9/2/2022
Y336,12,Q307,11,GrandFir,ND,0Burn_W2,0,0,0,0,0,12,22,21,24,4.7,3.7,3.9,5.1,5.8,5.3,5.5,0,0,0,1.5,1.5,1.5,1.5,11/16/2021,11/21/2021,12/14/2021,1/21/2022,2/15/2022,3/22/2022,5/11/2022,6/16/2022,7/27/2022,9/2/2022
Y402,15,Q308,11,GrandFir,D,1Burn_W3,1,0,0,0,0,0,7,8,8,3.6,4.4,4.7,4.5,4.5,4.5,4.5,0,0,0,1.3,1.5,1.5,1.5,11/16/2021,11/21/2021,12/14/2021,1/21/2022,2/15/2022,3/22/2022,5/11/2022,6/16/2022,7/27/2022,9/2/2022
Y035,2,Q309,12,Snowbrush,D,0Burn_W1,0,0,3,3,5,5,4,3,3,2.7,3,3.5,3.1,3.5,3.6,3.9,0,0.5,0.8,0.6,0.9,0.5,0.6,11/15/2021,11/18/2021,12/14/2021,1/21/2022,2/15/2022,3/22/2022,5/11/2022,6/16/2022,7/27/2022,9/2/2022
Y079,3,Q310,12,Snowbrush,D,3Burn_W5,3,1,3,3,4,5,10,13,15,2.9,2.9,2.8,2.8,4,4.5,5.8,0.5,1,0.9,1.8,2.2,2.3,2.9,11/15/2021,11/20/2021,12/14/2021,1/21/2022,2/15/2022,3/22/2022,5/11/2022,6/16/2022,7/27/2022,9/2/2022
Y096,4,Q311,12,Snowbrush,ND,0Burn_W1,0,1,3,3,3,5,6,6,8,3.1,3.5,3.7,3.8,4,4,4.2,0.6,0.7,0.8,0.8,0.9,1,1,11/16/2021,11/20/2021,12/14/2021,1/21/2022,2/15/2022,3/22/2022,5/11/2022,6/16/2022,7/27/2022,9/2/2022
Y101,4,Q312,12,GrandFir,D,1Burn_W3,1,0,0,0,0,0,0,7,7,4,4,4,3,4.2,4.2,4.2,0,0,0,0,1.3,1.2,1.1,11/16/2021,11/20/2021,12/14/2021,1/21/2022,2/15/2022,3/22/2022,5/11/2022,6/16/2022,7/27/2022,9/2/2022
Y173,7,Q313,12,Snowbrush,D,1Burn_W4,1,0,1,2,3,4,7,14,17,2.4,2.7,3,3.4,3.7,4.4,5,0,0.8,0.8,1.9,2.1,2.2,2.3,11/16/2021,11/20/2021,12/14/2021,1/21/2022,2/15/2022,3/22/2022,5/11/2022,6/16/2022,7/27/2022,9/2/2022
Y153,6,Q314,12,GrandFir,ND,3Burn_W6,3,0,0,0,0,15,22,19,41,4,4,4.3,5.1,5.6,5.5,5.7,0,0,0,1.7,1.7,1.9,1.9,11/16/2021,11/20/2021,12/14/2021,1/21/2022,2/15/2022,3/22/2022,5/11/2022,6/16/2022,7/27/2022,9/2/2022
Y315,12,Q315,12,GrandFir,ND,3Burn_W5,3,0,0,0,0,12,19,20,25,3,2.8,3.1,4.7,4.7,4.7,4.7,0,0,0,1.6,1.5,1.5,1.5,11/16/2021,11/21/2021,12/14/2021,1/21/2022,2/15/2022,3/22/2022,5/11/2022,6/16/2022,7/27/2022,9/2/2022
Y348,13,Q316,12,GrandFir,ND,0Burn_W2,0,0,0,0,0,12,18,18,19,4.7,4.5,4.7,4.8,5.6,5.5,5.5,0,0,0,1.5,1.5,1.5,1.5,11/16/2021,11/21/2021,12/14/2021,1/21/2022,2/15/2022,3/22/2022,5/11/2022,6/16/2022,7/27/2022,9/2/2022
Y132,5,Q317,12,GrandFir,ND,1Burn_W4,1,4,4,4,4,18,26,28,30,3,2.6,2.9,4.1,4.6,4.9,4.7,0.5,0.5,0.6,1.9,2,1.9,2,11/16/2021,11/20/2021,12/14/2021,1/21/2022,2/15/2022,3/22/2022,5/11/2022,6/16/2022,7/27/2022,9/2/2022
Y287,11,Q318,12,Snowbrush,ND,Sterile,NA,0,0,0,2,2,6,4,2,1.4,1.2,1.4,1.4,1.4,1.5,1.5,0,0,0,0.4,0.4,0.4,0.4,11/16/2021,11/21/2021,12/14/2021,1/21/2022,2/15/2022,3/22/2022,5/11/2022,6/16/2022,7/27/2022,9/2/2022
Y126,5,Q319,12,Snowbrush,ND,1Burn_W4,1,2,3,4,5,5,6,12,24,3,3,3.1,3.3,3.6,4,4.4,0.6,0.7,1.1,1.1,1.6,2,2.2,11/16/2021,11/20/2021,12/14/2021,1/21/2022,2/15/2022,3/22/2022,5/11/2022,6/16/2022,7/27/2022,9/2/2022
Y345,13,Q320,12,GrandFir,D,Sterile,NA,0,2,2,3,11,20,20,20,3.5,3.5,3.6,4.3,4.6,4.8,4.8,0,0.4,0.4,1.6,1.6,1.7,1.7,11/16/2021,11/21/2021,12/14/2021,1/21/2022,2/15/2022,3/22/2022,5/11/2022,6/16/2022,7/27/2022,9/2/2022
Y369,14,Q321,12,Snowbrush,ND,3Burn_W6,3,0,2,3,4,6,8,9,18,3.5,3.8,3.8,4.4,4.6,4.9,8,0,0.9,1.3,2.1,2.4,2.4,3.4,11/16/2021,11/21/2021,12/14/2021,1/21/2022,2/15/2022,3/22/2022,5/11/2022,6/16/2022,7/27/2022,9/2/2022
Y274,10,Q322,12,GrandFir,D,0Burn_W2,0,4,4,4,4,5,23,22,24,3.4,3.7,3.8,3.9,3.9,4.1,4.1,0.6,0.8,0.8,1.8,1.7,1.7,1.7,11/16/2021,11/21/2021,12/14/2021,1/21/2022,2/15/2022,3/22/2022,5/11/2022,6/16/2022,7/27/2022,9/2/2022
Y300,11,Q323,12,Snowbrush,D,Sterile,NA,4,0,0,2,4,5,5,12,1.1,1.3,1.7,2.2,2.2,1.9,2.5,0,0,0,0.7,1.2,0.9,2.3,11/16/2021,11/21/2021,12/14/2021,1/21/2022,2/15/2022,3/22/2022,5/11/2022,6/16/2022,7/27/2022,9/2/2022
Y255,10,Q324,12,Snowbrush,ND,1Burn_W3,1,0,0,2,2,3,3,3,NA,1.5,1.5,1.7,1.5,1.7,1.8,NA,0,0,0.2,0.6,0.8,0.6,NA,11/16/2021,11/21/2021,12/14/2021,1/21/2022,2/15/2022,3/22/2022,5/11/2022,6/16/2022,7/27/2022,9/2/2022
Y391,14,Q325,12,GrandFir,ND,Sterile,NA,0,0,0,0,11,19,18,18,5,5.5,5.6,5.6,5.6,6,6.1,0,0,0,1.2,1.2,1.2,1.2,11/16/2021,11/21/2021,12/14/2021,1/21/2022,2/15/2022,3/22/2022,5/11/2022,6/16/2022,7/27/2022,9/2/2022
Y062,3,Q326,12,Snowbrush,D,1Burn_W3,1,2,4,4,3,5,4,3,3,3,3,3,2.9,3.1,3.1,3.3,0.5,0.8,0.8,0.6,1,0.8,0.8,11/15/2021,11/20/2021,12/14/2021,1/21/2022,2/15/2022,3/22/2022,5/11/2022,6/16/2022,7/27/2022,9/2/2022
Y077,3,Q327,12,Snowbrush,D,3Burn_W6,3,2,3,4,4,6,7,8,18,3.8,4.1,4.5,4,4.7,4.5,5.3,0.5,1.4,1,2,2.2,2.3,3.2,11/15/2021,11/20/2021,12/14/2021,1/21/2022,2/15/2022,3/22/2022,5/11/2022,6/16/2022,7/27/2022,9/2/2022
Y272,10,Q328,12,GrandFir,D,0Burn_W1,0,0,4,5,5,5,5,6,5,4.7,5,4.7,4.2,4.4,4.5,4.5,0,0.5,0.4,0.6,0.6,0.6,0.6,11/16/2021,11/21/2021,12/14/2021,1/21/2022,2/15/2022,3/22/2022,5/11/2022,6/16/2022,7/27/2022,9/2/2022
Y107,4,Q329,12,GrandFir,D,1Burn_W4,1,0,4,4,4,12,15,16,16,3.9,3.5,3.6,3.1,3.7,3.9,3.9,0,0.5,0.7,0.5,0.6,0.6,0.6,11/16/2021,11/20/2021,12/14/2021,1/21/2022,2/15/2022,3/22/2022,5/11/2022,6/16/2022,7/27/2022,9/2/2022
Y082,3,Q330,12,Snowbrush,ND,0Burn_W2,0,1,2,3,5,11,15,17,18,3.4,3.5,3.4,4.6,5.1,5.3,5.2,0.6,1,1,2.5,2.7,2.6,2.8,11/15/2021,11/20/2021,12/14/2021,1/21/2022,2/15/2022,3/22/2022,5/11/2022,6/16/2022,7/27/2022,9/2/2022
Y354,13,Q331,12,GrandFir,D,3Burn_W6,3,0,0,0,0,16,21,21,47,4,4.2,5.1,5.4,5.8,6,6,0,0,0,1.5,1.6,1.5,1.9,11/16/2021,11/21/2021,12/14/2021,1/21/2022,2/15/2022,3/22/2022,5/11/2022,6/16/2022,7/27/2022,9/2/2022
Y092,4,Q332,12,GrandFir,ND,1Burn_W3,1,0,0,0,0,0,0,0,0,3.8,3.8,4,3.7,3.7,3.7,3.7,0,0,0,0,0,0,0,11/16/2021,11/20/2021,12/14/2021,1/21/2022,2/15/2022,3/22/2022,5/11/2022,6/16/2022,7/27/2022,9/2/2022
Y198,8,Q333,12,Snowbrush,D,0Burn_W2,0,0,2,4,4,5,11,11,12,3.9,3.5,4,4.5,4.5,5,5.5,0,1.1,1.1,1.9,2.1,2.1,2.3,11/16/2021,11/20/2021,12/14/2021,1/21/2022,2/15/2022,3/22/2022,5/11/2022,6/16/2022,7/27/2022,9/2/2022
Y021,1,Q334,12,Snowbrush,ND,3Burn_W5,3,0,2,4,7,7,7,12,15,4.1,4.2,4.1,3.8,4.7,4.5,4.5,0,0.5,0.4,0.8,1.4,1.5,1.8,11/15/2021,11/18/2021,12/14/2021,1/21/2022,2/15/2022,3/22/2022,5/11/2022,6/16/2022,7/27/2022,9/2/2022
Y237,9,Q335,12,GrandFir,ND,0Burn_W1,0,1,2,2,2,5,7,8,6,2.8,2.5,2.5,2.3,2.3,2.5,2.5,0.3,0.2,0.2,0.3,0.3,0.3,0.3,11/16/2021,11/21/2021,12/14/2021,1/21/2022,2/15/2022,3/22/2022,5/11/2022,6/16/2022,7/27/2022,9/2/2022
Y086,4,Q336,12,GrandFir,D,3Burn_W5,3,5,5,5,5,14,24,25,41,4,3.9,3.9,4.5,4.9,5,5.6,2.1,2.1,2.1,2.2,2.2,2.2,2.2,11/15/2021,11/20/2021,12/14/2021,1/21/2022,2/15/2022,3/22/2022,5/11/2022,6/16/2022,7/27/2022,9/2/2022
Y302,11,Q337,13,Snowbrush,D,Sterile,NA,0,0,2,4,4,4,5,12,2,2,2.6,2.8,3,3.8,4.9,0,0,0.2,0.8,0.9,1.5,2.5,11/16/2021,11/21/2021,12/14/2021,1/21/2022,2/15/2022,3/22/2022,5/11/2022,6/16/2022,7/27/2022,9/2/2022
Y417,15,Q338,13,GrandFir,ND,3Burn_W5,3,4,4,4,4,4,19,18,19,4,4,3.9,3.9,4,3.9,4.1,0.5,0.8,0.8,0.7,0.7,0.7,0.7,11/16/2021,11/21/2021,12/14/2021,1/21/2022,2/15/2022,3/22/2022,5/11/2022,6/16/2022,7/27/2022,9/2/2022
Y309,12,Q339,13,GrandFir,ND,0Burn_W2,0,0,4,5,5,10,14,13,13,4,3.9,4,3.9,3.9,3.9,3.9,0,0.2,0.3,0.4,0.4,0.4,0.5,11/16/2021,11/21/2021,12/14/2021,1/21/2022,2/15/2022,3/22/2022,5/11/2022,6/16/2022,7/27/2022,9/2/2022
Y192,7,Q340,13,GrandFir,ND,0Burn_W1,0,0,0,0,0,0,0,5,11,3.5,3.7,3.6,3,4,4.2,4.3,0,0,0,0,1.1,1.7,1.8,11/16/2021,11/20/2021,12/14/2021,1/21/2022,2/15/2022,3/22/2022,5/11/2022,6/16/2022,7/27/2022,9/2/2022
Y396,15,Q341,13,GrandFir,D,3Burn_W5,3,0,0,0,0,13,18,18,19,3.6,3.8,4,4.4,4.5,4.4,4.4,0,0,0,1.2,1.2,1.2,1.1,11/16/2021,11/21/2021,12/14/2021,1/21/2022,2/15/2022,3/22/2022,5/11/2022,6/16/2022,7/27/2022,9/2/2022
Y420,15,Q342,13,GrandFir,D,Sterile,NA,0,0,0,0,7,9,9,9,3,2.6,2.3,2.3,2.4,2.4,2.4,0,0,0,0.3,0.3,0.3,0.3,11/16/2021,11/21/2021,12/14/2021,1/21/2022,2/15/2022,3/22/2022,5/11/2022,6/16/2022,7/27/2022,9/2/2022
Y356,13,Q343,13,Snowbrush,D,1Burn_W4,1,0,0,2,3,3,7,14,13,2.6,2.7,3,3.6,4,3.8,4.1,0,0,0.6,0.9,2.2,2,2,11/16/2021,11/21/2021,12/14/2021,1/21/2022,2/15/2022,3/22/2022,5/11/2022,6/16/2022,7/27/2022,9/2/2022
Y212,8,Q344,13,Snowbrush,D,1Burn_W3,1,2,2,2,3,3,3,3,6,3.5,3.5,3.4,3.6,3.7,4,4.1,0.5,1.3,1.1,1,1.1,1,1.8,11/16/2021,11/21/2021,12/14/2021,1/21/2022,2/15/2022,3/22/2022,5/11/2022,6/16/2022,7/27/2022,9/2/2022
Y234,9,Q345,13,GrandFir,D,1Burn_W3,1,0,6,6,6,6,6,6,6,5.7,5.1,5.4,5.5,5.6,5.5,5.5,0,0.5,0.5,0.5,0.6,0.5,0.5,11/16/2021,11/21/2021,12/14/2021,1/21/2022,2/15/2022,3/22/2022,5/11/2022,6/16/2022,7/27/2022,9/2/2022
Y405,15,Q346,13,Snowbrush,D,3Burn_W5,3,0,0,0,4,13,12,12,12,1,2.7,3.2,4.3,4.3,4.4,4.5,0,0,0,2.3,2.4,2.5,2.5,11/16/2021,11/21/2021,12/14/2021,1/21/2022,2/15/2022,3/22/2022,5/11/2022,6/16/2022,7/27/2022,9/2/2022
Y410,15,Q347,13,GrandFir,D,0Burn_W2,0,0,0,0,0,10,22,20,20,3.6,3.2,3.5,4.3,4.3,4.3,4.3,0,0,0,1.3,1.3,1.3,1.3,11/16/2021,11/21/2021,12/14/2021,1/21/2022,2/15/2022,3/22/2022,5/11/2022,6/16/2022,7/27/2022,9/2/2022
Y159,6,Q348,13,GrandFir,ND,1Burn_W4,1,0,0,0,0,0,2,28,28,5.4,5.4,5,4.5,5.7,5.8,5.8,0,0,0,0.2,1.4,1.4,1.4,11/16/2021,11/20/2021,12/14/2021,1/21/2022,2/15/2022,3/22/2022,5/11/2022,6/16/2022,7/27/2022,9/2/2022
Y085,4,Q349,13,Snowbrush,ND,0Burn_W2,0,0,3,3,4,6,12,14,17,4.5,4,4.1,4.9,6,6.4,6.4,0,1,0.9,2.6,2.8,2.6,3,11/15/2021,11/20/2021,12/14/2021,1/21/2022,2/15/2022,3/22/2022,5/11/2022,6/16/2022,7/27/2022,9/2/2022
Y129,5,Q350,13,GrandFir,D,3Burn_W6,3,0,2,3,3,14,18,20,20,4,3.9,3.9,4.9,5,4.9,4.9,0,0.2,0.2,1.4,1.5,1.5,1.5,11/16/2021,11/20/2021,12/14/2021,1/21/2022,2/15/2022,3/22/2022,5/11/2022,6/16/2022,7/27/2022,9/2/2022
Y154,6,Q351,13,Snowbrush,D,0Burn_W2,0,0,0,0,2,4,4,4,4,2,1.9,2.1,2.3,2.6,3,2.8,0,0,0,0.6,0.8,0.7,0.7,11/16/2021,11/20/2021,12/14/2021,1/21/2022,2/15/2022,3/22/2022,5/11/2022,6/16/2022,7/27/2022,9/2/2022
Y263,10,Q352,13,Snowbrush,ND,1Burn_W4,1,0,2,2,2,6,6,9,14,0.7,1,1.5,1.7,2.4,2,2.5,0,0.6,0.8,1.8,2.1,2,2,11/16/2021,11/21/2021,12/14/2021,1/21/2022,2/15/2022,3/22/2022,5/11/2022,6/16/2022,7/27/2022,9/2/2022
Y061,3,Q353,13,Snowbrush,ND,1Burn_W3,1,0,2,2,2,2,2,2,2,3.5,4,4,3.6,3.9,4,4,0,0.5,0.8,0.7,1,0.8,0.8,11/15/2021,11/20/2021,12/14/2021,1/21/2022,2/15/2022,3/22/2022,5/11/2022,6/16/2022,7/27/2022,9/2/2022
Y069,3,Q354,13,GrandFir,ND,Sterile,NA,0,0,0,0,10,16,17,27,2.5,2.6,3.1,4.1,4.5,4.5,4.5,0,0,0,1.5,1.5,1.5,1.6,11/15/2021,11/20/2021,12/14/2021,1/21/2022,2/15/2022,3/22/2022,5/11/2022,6/16/2022,7/27/2022,9/2/2022
Y009,1,Q355,13,Snowbrush,ND,3Burn_W6,3,0,0,3,3,3,3,3,2,4.3,4.6,4.5,4.4,4.5,4.9,4.9,0,0,0.4,0.6,0.6,0.7,0.6,11/15/2021,11/18/2021,12/13/2021,1/21/2022,2/15/2022,3/22/2022,5/11/2022,6/16/2022,7/27/2022,9/2/2022
Y164,6,Q356,13,Snowbrush,D,3Burn_W6,3,0,2,3,3,5,7,7,18,1.5,1.5,2,2,2.1,2.3,2.9,0,0.3,0.6,1.1,1.5,1.5,1.5,11/16/2021,11/20/2021,12/14/2021,1/21/2022,2/15/2022,3/22/2022,5/11/2022,6/16/2022,7/27/2022,9/2/2022
Y310,12,Q357,13,GrandFir,ND,1Burn_W3,1,0,0,0,0,0,0,0,0,3.4,3,3.1,3.4,3.4,3.5,3.5,0,0,0,0,0,0,0,11/16/2021,11/21/2021,12/14/2021,1/21/2022,2/15/2022,3/22/2022,5/11/2022,6/16/2022,7/27/2022,9/2/2022
Y280,10,Q358,13,GrandFir,ND,3Burn_W6,3,3,5,5,5,16,16,17,17,4.5,4.4,4.1,4.4,4.7,4.7,4.9,0.9,0.6,0.5,0.9,0.9,0.9,0.9,11/16/2021,11/21/2021,12/14/2021,1/21/2022,2/15/2022,3/22/2022,5/11/2022,6/16/2022,7/27/2022,9/2/2022
Y332,12,Q359,13,Snowbrush,ND,Sterile,NA,2,3,3,4,4,4,4,10,2.7,2.6,2.4,2.3,2.5,2.7,3.5,0.5,0.6,0.7,0.7,0.8,0.9,1.9,11/16/2021,11/21/2021,12/14/2021,1/21/2022,2/15/2022,3/22/2022,5/11/2022,6/16/2022,7/27/2022,9/2/2022
Y249,9,Q360,13,Snowbrush,D,0Burn_W1,0,0,1,2,3,4,4,3,8,2.7,2.8,2.8,2.9,2.9,3,3.5,0,0.9,0.9,0.9,1,1,1.4,11/16/2021,11/21/2021,12/14/2021,1/21/2022,2/15/2022,3/22/2022,5/11/2022,6/16/2022,7/27/2022,9/2/2022
Y220,8,Q361,13,Snowbrush,ND,0Burn_W1,0,2,4,4,5,5,5,5,4,3.8,4,4.1,4,4.4,4,4,0.5,0.9,0.8,0.7,0.8,0.9,1,11/16/2021,11/21/2021,12/14/2021,1/21/2022,2/15/2022,3/22/2022,5/11/2022,6/16/2022,7/27/2022,9/2/2022
Y123,5,Q362,13,GrandFir,D,0Burn_W1,0,0,2,2,2,2,2,2,2,4.6,4.4,4.3,4.4,4.7,4.7,4.7,0,0.3,0.3,0.4,0.3,0.3,0.3,11/16/2021,11/20/2021,12/14/2021,1/21/2022,2/15/2022,3/22/2022,5/11/2022,6/16/2022,7/27/2022,9/2/2022
Y115,5,Q363,13,GrandFir,D,1Burn_W4,1,0,0,0,0,0,0,0,0,2.9,2.9,2.9,2.5,2.7,2.8,2.8,0,0,0,0,0,0,0,11/16/2021,11/20/2021,12/14/2021,1/21/2022,2/15/2022,3/22/2022,5/11/2022,6/16/2022,7/27/2022,9/2/2022
Y083,3,Q364,13,Snowbrush,ND,3Burn_W5,3,0,3,3,4,6,6,8,14,3.4,3.3,3.3,3.7,3.7,3.7,4,0,0.7,0.8,0.8,1,1,2.1,11/15/2021,11/20/2021,12/14/2021,1/21/2022,2/15/2022,3/22/2022,5/11/2022,6/16/2022,7/27/2022,9/2/2022
,,,,,,,,,,,,,,,,,,,,,,,,,,,,,,,,,,,,,,,
,,,,,,,,,,,,,,,,,,,,,,,,,,,,,,,,,,,,,,,
,,,,,,,,,,,,,,,,,,,,,,,,,,,,,,,,,,,,,,,
,,,,,,,,,,,,,,,,,,,,,,,,,,,,,,,,,,,,,,,
,,,,,,,,,,,,,,,,,,,,,,,,,,,,,,,,,,,,,,,
,,,,,,,,,,,,,,,,,,,,,,,,,,,,,,,,,,,,,,,
,,,,,,,,,,,,,,,,,,,,,,,,,,,,,,,,,,,,,,,
,,,,,,,,,,,,,,,,,,,,,,,,,,,,,,,,,,,,,,,
,,,,,,,,,,,,,,,,,,,,,,,,,,,,,,,,,,,,,,,
,,,,,,,,,,,,,,,,,,,,,,,,,,,,,,,,,,,,,,,
,,,,,,,,,,,,,,,,,,,,,,,,,,,,,,,,,,,,,,,
,,,,,,,,,,,,,,,,,,,,,,,,,,,,,,,,,,,,,,,
,,,,,,,,,,,,,,,,,,,,,,,,,,,,,,,,,,,,,,,
,,,,,,,,,,,,,,,,,,,,,,,,,,,,,,,,,,,,,,,
,,,,,,,,,,,,,,,,,,,,,,,,,,,,,,,,,,,,,,,
,,,,,,,,,,,,,,,,,,,,,,,,,,,,,,,,,,,,,,,
,,,,,,,,,,,,,,,,,,,,,,,,,,,,,,,,,,,,,,,
,,,,,,,,,,,,,,,,,,,,,,,,,,,,,,,,,,,,,,,
,,,,,,,,,,,,,,,,,,,,,,,,,,,,,,,,,,,,,,,
,,,,,,,,,,,,,,,,,,,,,,,,,,,,,,,,,,,,,,,
,,,,,,,,,,,,,,,,,,,,,,,,,,,,,,,,,,,,,,,
,,,,,,,,,,,,,,,,,,,,,,,,,,,,,,,,,,,,,,,
,,,,,,,,,,,,,,,,,,,,,,,,,,,,,,,,,,,,,,,
,,,,,,,,,,,,,,,,,,,,,,,,,,,,,,,,,,,,,,,
,,,,,,,,,,,,,,,,,,,,,,,,,,,,,,,,,,,,,,,
,,,,,,,,,,,,,,,,,,,,,,,,,,,,,,,,,,,,,,,
,,,,,,,,,,,,,,,,,,,,,,,,,,,,,,,,,,,,,,,
,,,,,,,,,,,,,,,,,,,,,,,,,,,,,,,,,,,,,,,
,,,,,,,,,,,,,,,,,,,,,,,,,,,,,,,,,,,,,,,
,,,,,,,,,,,,,,,,,,,,,,,,,,,,,,,,,,,,,,,
,,,,,,,,,,,,,,,,,,,,,,,,,,,,,,,,,,,,,,,
,,,,,,,,,,,,,,,,,,,,,,,,,,,,,,,,,,,,,,,
,,,,,,,,,,,,,,,,,,,,,,,,,,,,,,,,,,,,,,,
,,,,,,,,,,,,,,,,,,,,,,,,,,,,,,,,,,,,,,,
,,,,,,,,,,,,,,,,,,,,,,,,,,,,,,,,,,,,,,,
,,,,,,,,,,,,,,,,,,,,,,,,,,,,,,,,,,,,,,,
,,,,,,,,,,,,,,,,,,,,,,,,,,,,,,,,,,,,,,,
,,,,,,,,,,,,,,,,,,,,,,,,,,,,,,,,,,,,,,,
,,,,,,,,,,,,,,,,,,,,,,,,,,,,,,,,,,,,,,,
,,,,,,,,,,,,,,,,,,,,,,,,,,,,,,,,,,,,,,,
,,,,,,,,,,,,,,,,,,,,,,,,,,,,,,,,,,,,,,,
,,,,,,,,,,,,,,,,,,,,,,,,,,,,,,,,,,,,,,,
,,,,,,,,,,,,,,,,,,,,,,,,,,,,,,,,,,,,,,,
,,,,,,,,,,,,,,,,,,,,,,,,,,,,,,,,,,,,,,,
,,,,,,,,,,,,,,,,,,,,,,,,,,,,,,,,,,,,,,,
,,,,,,,,,,,,,,,,,,,,,,,,,,,,,,,,,,,,,,,
,,,,,,,,,,,,,,,,,,,,,,,,,,,,,,,,,,,,,,,
,,,,,,,,,,,,,,,,,,,,,,,,,,,,,,,,,,,,,,,
,,,,,,,,,,,,,,,,,,,,,,,,,,,,,,,,,,,,,,,
,,,,,,,,,,,,,,,,,,,,,,,,,,,,,,,,,,,,,,,
,,,,,,,,,,,,,,,,,,,,,,,,,,,,,,,,,,,,,,,
,,,,,,,,,,,,,,,,,,,,,,,,,,,,,,,,,,,,,,,
,,,,,,,,,,,,,,,,,,,,,,,,,,,,,,,,,,,,,,,
,,,,,,,,,,,,,,,,,,,,,,,,,,,,,,,,,,,,,,,
,,,,,,,,,,,,,,,,,,,,,,,,,,,,,,,,,,,,,,,
,,,,,,,,,,,,,,,,,,,,,,,,,,,,,,,,,,,,,,,
,,,,,,,,,,,,,,,,,,,,,,,,,,,,,,,,,,,,,,,
,,,,,,,,,,,,,,,,,,,,,,,,,,,,,,,,,,,,,,,
,,,,,,,,,,,,,,,,,,,,,,,,,,,,,,,,,,,,,,,
,,,,,,,,,,,,,,,,,,,,,,,,,,,,,,,,,,,,,,,
,,,,,,,,,,,,,,,,,,,,,,,,,,,,,,,,,,,,,,,
,,,,,,,,,,,,,,,,,,,,,,,,,,,,,,,,,,,,,,,
,,,,,,,,,,,,,,,,,,,,,,,,,,,,,,,,,,,,,,,
,,,,,,,,,,,,,,,,,,,,,,,,,,,,,,,,,,,,,,,
,,,,,,,,,,,,,,,,,,,,,,,,,,,,,,,,,,,,,,,
,,,,,,,,,,,,,,,,,,,,,,,,,,,,,,,,,,,,,,,
,,,,,,,,,,,,,,,,,,,,,,,,,,,,,,,,,,,,,,,
,,,,,,,,,,,,,,,,,,,,,,,,,,,,,,,,,,,,,,,
,,,,,,,,,,,,,,,,,,,,,,,,,,,,,,,,,,,,,,,
,,,,,,,,,,,,,,,,,,,,,,,,,,,,,,,,,,,,,,,
,,,,,,,,,,,,,,,,,,,,,,,,,,,,,,,,,,,,,,,
,,,,,,,,,,,,,,,,,,,,,,,,,,,,,,,,,,,,,,,
,,,,,,,,,,,,,,,,,,,,,,,,,,,,,,,,,,,,,,,
,,,,,,,,,,,,,,,,,,,,,,,,,,,,,,,,,,,,,,,
,,,,,,,,,,,,,,,,,,,,,,,,,,,,,,,,,,,,,,,
,,,,,,,,,,,,,,,,,,,,,,,,,,,,,,,,,,,,,,,
,,,,,,,,,,,,,,,,,,,,,,,,,,,,,,,,,,,,,,,
,,,,,,,,,,,,,,,,,,,,,,,,,,,,,,,,,,,,,,,
,,,,,,,,,,,,,,,,,,,,,,,,,,,,,,,,,,,,,,,
,,,,,,,,,,,,,,,,,,,,,,,,,,,,,,,,,,,,,,,
,,,,,,,,,,,,,,,,,,,,,,,,,,,,,,,,,,,,,,,
,,,,,,,,,,,,,,,,,,,,,,,,,,,,,,,,,,,,,,,
,,,,,,,,,,,,,,,,,,,,,,,,,,,,,,,,,,,,,,,
,,,,,,,,,,,,,,,,,,,,,,,,,,,,,,,,,,,,,,,
,,,,,,,,,,,,,,,,,,,,,,,,,,,,,,,,,,,,,,,
,,,,,,,,,,,,,,,,,,,,,,,,,,,,,,,,,,,,,,,
,,,,,,,,,,,,,,,,,,,,,,,,,,,,,,,,,,,,,,,
,,,,,,,,,,,,,,,,,,,,,,,,,,,,,,,,,,,,,,,
,,,,,,,,,,,,,,,,,,,,,,,,,,,,,,,,,,,,,,,
,,,,,,,,,,,,,,,,,,,,,,,,,,,,,,,,,,,,,,,
,,,,,,,,,,,,,,,,,,,,,,,,,,,,,,,,,,,,,,,
,,,,,,,,,,,,,,,,,,,,,,,,,,,,,,,,,,,,,,,
,,,,,,,,,,,,,,,,,,,,,,,,,,,,,,,,,,,,,,,
,,,,,,,,,,,,,,,,,,,,,,,,,,,,,,,,,,,,,,,
