amplicon,sample_name,block,unique_id,drought,inoculum,fire_freq,species,other_frompreviouscolumn,control,filename_r1,filename_r2,wilting_scale,bud_number,leaf_number,leaf_length,height,nodule_num,shoot_dm,final_root_dm,seqtab_rows
16S,A-W1,NA,NA,NA,NA,NA,NA,Site1,NA,A-W1_S36_L001_R1_001.fastq.gz,A-W1_S36_L001_R2_001.fastq.gz,NA,NA,NA,NA,NA,NA,NA,NA,A-W1
16S,A-W2,NA,NA,NA,NA,NA,NA,Site2,NA,A-W2_S72_L001_R1_001.fastq.gz,A-W2_S72_L001_R2_001.fastq.gz,NA,NA,NA,NA,NA,NA,NA,NA,A-W2
16S,A-W3,NA,NA,NA,NA,NA,NA,Site3,NA,A-W3_S97_L001_R1_001.fastq.gz,A-W3_S97_L001_R2_001.fastq.gz,NA,NA,NA,NA,NA,NA,NA,NA,A-W3
16S,A-W4,NA,NA,NA,NA,NA,NA,Site4,NA,A-W4_S133_L001_R1_001.fastq.gz,A-W4_S133_L001_R2_001.fastq.gz,NA,NA,NA,NA,NA,NA,NA,NA,A-W4
16S,A-W5,NA,NA,NA,NA,NA,NA,Site5,NA,A-W5_S169_L001_R1_001.fastq.gz,A-W5_S169_L001_R2_001.fastq.gz,NA,NA,NA,NA,NA,NA,NA,NA,A-W5
16S,A-W6,NA,NA,NA,NA,NA,NA,Site6,NA,A-W6_S110_L001_R1_001.fastq.gz,A-W6_S110_L001_R2_001.fastq.gz,NA,NA,NA,NA,NA,NA,NA,NA,A-W6
16S,B-W1,NA,NA,NA,NA,NA,NA,Site1,NA,B-W1_S48_L001_R1_001.fastq.gz,B-W1_S48_L001_R2_001.fastq.gz,NA,NA,NA,NA,NA,NA,NA,NA,B-W1
16S,B-W2,NA,NA,NA,NA,NA,NA,Site2,NA,B-W2_S84_L001_R1_001.fastq.gz,B-W2_S84_L001_R2_001.fastq.gz,NA,NA,NA,NA,NA,NA,NA,NA,B-W2
16S,B-W3,NA,NA,NA,NA,NA,NA,Site3,NA,B-W3_S109_L001_R1_001.fastq.gz,B-W3_S109_L001_R2_001.fastq.gz,NA,NA,NA,NA,NA,NA,NA,NA,B-W3
16S,B-W4,NA,NA,NA,NA,NA,NA,Site4,NA,B-W4_S145_L001_R1_001.fastq.gz,B-W4_S145_L001_R2_001.fastq.gz,NA,NA,NA,NA,NA,NA,NA,NA,B-W4
16S,B-W5,NA,NA,NA,NA,NA,NA,Site5,NA,B-W5_S181_L001_R1_001.fastq.gz,B-W5_S181_L001_R2_001.fastq.gz,NA,NA,NA,NA,NA,NA,NA,NA,B-W5
16S,B-W6,NA,NA,NA,NA,NA,NA,Site6,NA,B-W6_S122_L001_R1_001.fastq.gz,B-W6_S122_L001_R2_001.fastq.gz,NA,NA,NA,NA,NA,NA,NA,NA,B-W6
16S,C-W1,NA,NA,NA,NA,NA,NA,Site1,NA,C-W1_S60_L001_R1_001.fastq.gz,C-W1_S60_L001_R2_001.fastq.gz,NA,NA,NA,NA,NA,NA,NA,NA,C-W1
16S,C-W2,NA,NA,NA,NA,NA,NA,Site2,NA,C-W2_S96_L001_R1_001.fastq.gz,C-W2_S96_L001_R2_001.fastq.gz,NA,NA,NA,NA,NA,NA,NA,NA,C-W2
16S,C-W3,NA,NA,NA,NA,NA,NA,Site3,NA,C-W3_S121_L001_R1_001.fastq.gz,C-W3_S121_L001_R2_001.fastq.gz,NA,NA,NA,NA,NA,NA,NA,NA,C-W3
16S,C-W4,NA,NA,NA,NA,NA,NA,Site4,NA,C-W4_S157_L001_R1_001.fastq.gz,C-W4_S157_L001_R2_001.fastq.gz,NA,NA,NA,NA,NA,NA,NA,NA,C-W4
16S,C-W5,NA,NA,NA,NA,NA,NA,Site5,NA,C-W5_S98_L001_R1_001.fastq.gz,C-W5_S98_L001_R2_001.fastq.gz,NA,NA,NA,NA,NA,NA,NA,NA,C-W5
16S,C-W6,NA,NA,NA,NA,NA,NA,Site6,NA,C-W6_S134_L001_R1_001.fastq.gz,C-W6_S134_L001_R2_001.fastq.gz,NA,NA,NA,NA,NA,NA,NA,NA,C-W6
16S,P1,NA,NA,NA,NA,NA,NA,NA,Positive,P1_S111_L001_R1_001.fastq.gz,P1_S111_L001_R2_001.fastq.gz,NA,NA,NA,NA,NA,NA,NA,NA,P1
16S,R-001,1,Q001,D,1Burn_W4,1,GrandFir,NA,NA,R-001_S123_L001_R1_001.fastq.gz,R-001_S123_L001_R2_001.fastq.gz,3,11,72,3.2,9,NA,0.52090000000000003,0.92910000000000004,R-001
16S,R-002,1,Q002,D,1Burn_W3,1,Snowbrush,NA,NA,R-002_S25_L001_R1_001.fastq.gz,R-002_S25_L001_R2_001.fastq.gz,6,0,16,2.8,4.0999999999999996,0,0.22700000000000001,0.35470000000000002,R-002
16S,R-003,1,Q003,D,Sterile,NA,Snowbrush,NA,NA,R-003_S37_L001_R1_001.fastq.gz,R-003_S37_L001_R2_001.fastq.gz,NA,NA,NA,NA,NA,0,0.5242,0.90349999999999997,R-003
16S,R-004,1,Q004,ND,0Burn_W2,0,GrandFir,NA,NA,R-004_S135_L001_R1_001.fastq.gz,R-004_S135_L001_R2_001.fastq.gz,1,10,45,1.9,5.2,NA,0.21190000000000001,0.3397,R-004
16S,R-005,1,Q005,ND,3Burn_W6,3,GrandFir,NA,NA,R-005_S147_L001_R1_001.fastq.gz,R-005_S147_L001_R2_001.fastq.gz,1,6,63,2.4,5.2,NA,0.28160000000000002,0.46789999999999998,R-005
16S,R-006,1,Q006,D,Sterile,NA,GrandFir,NA,NA,R-006_S159_L001_R1_001.fastq.gz,R-006_S159_L001_R2_001.fastq.gz,1,6,47,2.6,6.4,NA,0.18260000000000001,0.18859999999999999,R-006
16S,R-007,1,Q007,ND,1Burn_W4,1,Snowbrush,NA,NA,R-007_S49_L001_R1_001.fastq.gz,R-007_S49_L001_R2_001.fastq.gz,1,0,33,3.4,5.0999999999999996,1,0.9163,1.8877999999999999,R-007
16S,R-008,1,Q008,ND,0Burn_W2,0,Snowbrush,NA,NA,R-008_S61_L001_R1_001.fastq.gz,R-008_S61_L001_R2_001.fastq.gz,1,0,30,2.6,4.2,0,0.50860000000000005,0.78749999999999998,R-008
16S,R-010,1,Q010,D,3Burn_W6,3,GrandFir,NA,NA,R-010_S171_L001_R1_001.fastq.gz,R-010_S171_L001_R2_001.fastq.gz,2,8,118,2.4,7.1,NA,0.55600000000000005,0.58020000000000005,R-010
16S,R-011,1,Q011,ND,3Burn_W5,3,GrandFir,NA,NA,R-011_S183_L001_R1_001.fastq.gz,R-011_S183_L001_R2_001.fastq.gz,1,12,55,2.9,7.4,NA,0.2878,0.6321,R-011
16S,R-012,1,Q012,D,0Burn_W2,0,Snowbrush,NA,NA,R-012_S73_L001_R1_001.fastq.gz,R-012_S73_L001_R2_001.fastq.gz,3,0,21,2.6,6.1,0,0.51259999999999994,0.82669999999999999,R-012
16S,R-013,1,Q013,ND,1Burn_W4,1,GrandFir,NA,NA,R-013_S100_L001_R1_001.fastq.gz,R-013_S100_L001_R2_001.fastq.gz,1,11,96,2.8,8,NA,0.69410000000000005,1.0553999999999999,R-013
16S,R-014,1,Q014,ND,3Burn_W5,3,Snowbrush,NA,NA,R-014_S85_L001_R1_001.fastq.gz,R-014_S85_L001_R2_001.fastq.gz,1,0,29,3.9,6.7,5,0.80059999999999998,1.5315000000000001,R-014
16S,R-015,1,Q015,ND,Sterile,NA,GrandFir,NA,NA,R-015_S112_L001_R1_001.fastq.gz,R-015_S112_L001_R2_001.fastq.gz,1,4,37,2.5,5.2,NA,0.154,0.2218,R-015
16S,R-016,1,Q016,ND,Sterile,NA,Snowbrush,NA,NA,R-016_S2_L001_R1_001.fastq.gz,R-016_S2_L001_R2_001.fastq.gz,1,0,37,2.8,6.5,0,0.72860000000000003,0.65720000000000001,R-016
16S,R-017,1,Q017,ND,3Burn_W6,3,Snowbrush,NA,NA,R-017_S14_L001_R1_001.fastq.gz,R-017_S14_L001_R2_001.fastq.gz,1,0,26,2.7,5.8,64,0.67069999999999996,0.64190000000000003,R-017
16S,R-018,1,Q018,D,3Burn_W6,3,Snowbrush,NA,NA,R-018_S26_L001_R1_001.fastq.gz,R-018_S26_L001_R2_001.fastq.gz,6,0,28,2.6,5.7,7,0.49130000000000001,0.73829999999999996,R-018
16S,R-019,1,Q019,D,3Burn_W5,3,Snowbrush,NA,NA,R-019_S38_L001_R1_001.fastq.gz,R-019_S38_L001_R2_001.fastq.gz,6,0,35,2.6,5.2,9,0.53190000000000004,1.5298,R-019
16S,R-020,1,Q020,D,0Burn_W1,0,Snowbrush,NA,NA,R-020_S50_L001_R1_001.fastq.gz,R-020_S50_L001_R2_001.fastq.gz,6,0,26,1.7,4.5999999999999996,2,0.42359999999999998,0.49380000000000002,R-020
16S,R-021,1,Q021,D,1Burn_W4,1,Snowbrush,NA,NA,R-021_S62_L001_R1_001.fastq.gz,R-021_S62_L001_R2_001.fastq.gz,NA,NA,NA,NA,NA,0,0.84389999999999998,1.0848,R-021
16S,R-022,1,Q022,ND,0Burn_W1,0,Snowbrush,NA,NA,R-022_S74_L001_R1_001.fastq.gz,R-022_S74_L001_R2_001.fastq.gz,1,NA,NA,NA,5.0999999999999996,0,0.51349999999999996,0.64549999999999996,R-022
16S,R-023,1,Q023,D,0Burn_W2,0,GrandFir,NA,NA,R-023_S124_L001_R1_001.fastq.gz,R-023_S124_L001_R2_001.fastq.gz,1,11,59,2.4,7.6,NA,0.37090000000000001,0.60770000000000002,R-023
16S,R-024,1,Q024,D,3Burn_W5,3,GrandFir,NA,NA,R-024_S136_L001_R1_001.fastq.gz,R-024_S136_L001_R2_001.fastq.gz,1,7,48,4,7.9,NA,0.44829999999999998,0.82899999999999996,R-024
16S,R-025,1,Q025,D,0Burn_W1,0,GrandFir,NA,NA,R-025_S148_L001_R1_001.fastq.gz,R-025_S148_L001_R2_001.fastq.gz,1,6,49,2.2000000000000002,6.5,NA,0.2379,0.39560000000000001,R-025
16S,R-026,1,Q026,D,1Burn_W3,1,GrandFir,NA,NA,R-026_S160_L001_R1_001.fastq.gz,R-026_S160_L001_R2_001.fastq.gz,1,8,28,1.4,5.7,NA,0.15659999999999999,0.21129999999999999,R-026
16S,R-027,1,Q027,ND,0Burn_W1,0,GrandFir,NA,NA,R-027_S172_L001_R1_001.fastq.gz,R-027_S172_L001_R2_001.fastq.gz,1,5,69,2.5,6.5,NA,0.35289999999999999,0.70220000000000005,R-027
16S,R-028,1,Q028,ND,1Burn_W3,1,Snowbrush,NA,NA,R-028_S86_L001_R1_001.fastq.gz,R-028_S86_L001_R2_001.fastq.gz,3,0,15,1.8,3.5,0,0.40760000000000002,0.74819999999999998,R-028
16S,R-043,2,Q043,ND,1Burn_W3,1,GrandFir,NA,NA,R-043_S184_L001_R1_001.fastq.gz,R-043_S184_L001_R2_001.fastq.gz,1,4,41,1.8,4.5,NA,0.14119999999999999,0.17430000000000001,R-043
16S,R-057,3,Q057,ND,1Burn_W4,1,Snowbrush,NA,NA,R-057_S15_L001_R1_001.fastq.gz,R-057_S15_L001_R2_001.fastq.gz,1,0,22,3,6.5,0,0.53990000000000005,0.93579999999999997,R-057
16S,R-058,3,Q058,D,3Burn_W6,3,GrandFir,NA,NA,R-058_S101_L001_R1_001.fastq.gz,R-058_S101_L001_R2_001.fastq.gz,1,4,52,1.7,6.4,NA,0.2137,0.3377,R-058
16S,R-059,3,Q059,ND,1Burn_W4,1,GrandFir,NA,NA,R-059_S113_L001_R1_001.fastq.gz,R-059_S113_L001_R2_001.fastq.gz,1,7,46,2.5,7.9,NA,0.34,0.83799999999999997,R-059
16S,R-060,3,Q060,ND,Sterile,NA,GrandFir,NA,NA,R-060_S125_L001_R1_001.fastq.gz,R-060_S125_L001_R2_001.fastq.gz,1,3,54,1.5,6.5,NA,0.17549999999999999,0.1646,R-060
16S,R-061,3,Q061,ND,0Burn_W2,0,GrandFir,NA,NA,R-061_S137_L001_R1_001.fastq.gz,R-061_S137_L001_R2_001.fastq.gz,1,6,35,2.2000000000000002,6.4,NA,0.26269999999999999,0.73860000000000003,R-061
16S,R-062,3,Q062,ND,3Burn_W6,3,Snowbrush,NA,NA,R-062_S27_L001_R1_001.fastq.gz,R-062_S27_L001_R2_001.fastq.gz,1,0,32,4.2,6.3,198,1.8504,2.2624,R-062
16S,R-063,3,Q063,ND,3Burn_W6,3,GrandFir,NA,NA,R-063_S149_L001_R1_001.fastq.gz,R-063_S149_L001_R2_001.fastq.gz,1,5,46,2.1,4.0999999999999996,NA,0.16220000000000001,0.39429999999999998,R-063
16S,R-064,3,Q064,D,0Burn_W2,0,GrandFir,NA,NA,R-064_S161_L001_R1_001.fastq.gz,R-064_S161_L001_R2_001.fastq.gz,2,5,55,2.2000000000000002,6.5,NA,0.27039999999999997,0.64439999999999997,R-064
16S,R-065,3,Q065,ND,Sterile,NA,Snowbrush,NA,NA,R-065_S39_L001_R1_001.fastq.gz,R-065_S39_L001_R2_001.fastq.gz,1,0,30,3,5.4,0,0.53459999999999996,0.67249999999999999,R-065
16S,R-066,3,Q066,ND,3Burn_W5,3,GrandFir,NA,NA,R-066_S173_L001_R1_001.fastq.gz,R-066_S173_L001_R2_001.fastq.gz,1,7,45,2.2000000000000002,7.4,NA,0.30420000000000003,0.75419999999999998,R-066
16S,R-067,3,Q067,ND,0Burn_W2,0,Snowbrush,NA,NA,R-067_S51_L001_R1_001.fastq.gz,R-067_S51_L001_R2_001.fastq.gz,1,0,30,3,5.8,0,0.61670000000000003,1.5528,R-067
16S,R-068,3,Q068,D,3Burn_W6,3,Snowbrush,NA,NA,R-068_S63_L001_R1_001.fastq.gz,R-068_S63_L001_R2_001.fastq.gz,6,0,16,2.1,5.4,29,0.40400000000000003,0.63500000000000001,R-068
16S,R-069,3,Q069,D,1Burn_W4,1,Snowbrush,NA,NA,R-069_S75_L001_R1_001.fastq.gz,R-069_S75_L001_R2_001.fastq.gz,6,0,25,2,5.6,0,0.30399999999999999,0.59930000000000005,R-069
16S,R-070,3,Q070,ND,1Burn_W3,1,Snowbrush,NA,NA,R-070_S87_L001_R1_001.fastq.gz,R-070_S87_L001_R2_001.fastq.gz,1,0,28,2.8,5,0,0.56469999999999998,0.85099999999999998,R-070
16S,R-071,3,Q071,ND,0Burn_W1,0,GrandFir,NA,NA,R-071_S185_L001_R1_001.fastq.gz,R-071_S185_L001_R2_001.fastq.gz,1,6,34,1.9,5.6,NA,0.15640000000000001,0.49840000000000001,R-071
16S,R-072,3,Q072,D,3Burn_W5,3,Snowbrush,NA,NA,R-072_S4_L001_R1_001.fastq.gz,R-072_S4_L001_R2_001.fastq.gz,6,0,23,2.8,4,8,0.64629999999999999,1.1984999999999999,R-072
16S,R-073,3,Q073,D,0Burn_W1,0,GrandFir,NA,NA,R-073_S102_L001_R1_001.fastq.gz,R-073_S102_L001_R2_001.fastq.gz,1,6,34,1.9,5.6,NA,0.115,0.28939999999999999,R-073
16S,R-074,3,Q074,D,Sterile,NA,GrandFir,NA,NA,R-074_S114_L001_R1_001.fastq.gz,R-074_S114_L001_R2_001.fastq.gz,4,1,9,0.9,4.5,NA,9.8599999999999993E-2,0.17949999999999999,R-074
16S,R-075,3,Q075,D,1Burn_W4,1,GrandFir,NA,NA,R-075_S126_L001_R1_001.fastq.gz,R-075_S126_L001_R2_001.fastq.gz,1,5,63,2.7,7,NA,0.33229999999999998,0.66690000000000005,R-075
16S,R-076,3,Q076,D,3Burn_W5,3,GrandFir,NA,NA,R-076_S138_L001_R1_001.fastq.gz,R-076_S138_L001_R2_001.fastq.gz,1,3,35,2.1,5.7,NA,0.14510000000000001,0.39650000000000002,R-076
16S,R-077,3,Q077,D,1Burn_W3,1,GrandFir,NA,NA,R-077_S150_L001_R1_001.fastq.gz,R-077_S150_L001_R2_001.fastq.gz,1,2,24,1.1000000000000001,5.4,NA,7.0599999999999996E-2,0.14360000000000001,R-077
16S,R-078,3,Q078,ND,0Burn_W1,0,Snowbrush,NA,NA,R-078_S16_L001_R1_001.fastq.gz,R-078_S16_L001_R2_001.fastq.gz,1,0,29,2.6,6.1,1,0.45989999999999998,0.68159999999999998,R-078
16S,R-079,3,Q079,D,Sterile,NA,Snowbrush,NA,NA,R-079_S28_L001_R1_001.fastq.gz,R-079_S28_L001_R2_001.fastq.gz,6,0,14,3.1,4.8,0,0.28589999999999999,0.61660000000000004,R-079
16S,R-080,3,Q080,D,1Burn_W3,1,Snowbrush,NA,NA,R-080_S40_L001_R1_001.fastq.gz,R-080_S40_L001_R2_001.fastq.gz,1,0,6,1.4,3.6,0,8.4599999999999995E-2,0.16650000000000001,R-080
16S,R-081,3,Q081,D,0Burn_W2,0,Snowbrush,NA,NA,R-081_S52_L001_R1_001.fastq.gz,R-081_S52_L001_R2_001.fastq.gz,6,0,16,2.1,4.4000000000000004,0,0.29020000000000001,0.7278,R-081
16S,R-082,3,Q082,ND,1Burn_W3,1,GrandFir,NA,NA,R-082_S162_L001_R1_001.fastq.gz,R-082_S162_L001_R2_001.fastq.gz,1,3,20,0.9,4.3,NA,4.8099999999999997E-2,6.7299999999999999E-2,R-082
16S,R-083,3,Q083,ND,3Burn_W5,3,Snowbrush,NA,NA,R-083_S64_L001_R1_001.fastq.gz,R-083_S64_L001_R2_001.fastq.gz,1,0,27,2.7,6.1,46,0.64200000000000002,1.012,R-083
16S,R-084,3,Q084,D,0Burn_W1,0,Snowbrush,NA,NA,R-084_S76_L001_R1_001.fastq.gz,R-084_S76_L001_R2_001.fastq.gz,6,0,18,2,4.4000000000000004,1,0.19620000000000001,0.33179999999999998,R-084
16S,R-141,6,Q141,D,0Burn_W2,0,Snowbrush,NA,NA,R-141_S88_L001_R1_001.fastq.gz,R-141_S88_L001_R2_001.fastq.gz,6,0,24,2.6,4.7,2,0.53400000000000003,0.79400000000000004,R-141
16S,R-142,6,Q142,D,Sterile,NA,Snowbrush,NA,NA,R-142_S5_L001_R1_001.fastq.gz,R-142_S5_L001_R2_001.fastq.gz,6,0,9,2,5,0,0.1799,0.20699999999999999,R-142
16S,R-143,6,Q143,D,3Burn_W6,3,GrandFir,NA,NA,R-143_S174_L001_R1_001.fastq.gz,R-143_S174_L001_R2_001.fastq.gz,1,7,25,2.1,5.3,NA,0.1613,0.27429999999999999,R-143
16S,R-144,6,Q144,ND,Sterile,NA,GrandFir,NA,NA,R-144_S186_L001_R1_001.fastq.gz,R-144_S186_L001_R2_001.fastq.gz,1,1,24,1.1000000000000001,4.4000000000000004,NA,7.7200000000000005E-2,0.1661,R-144
16S,R-145,6,Q145,D,0Burn_W1,0,GrandFir,NA,NA,R-145_S103_L001_R1_001.fastq.gz,R-145_S103_L001_R2_001.fastq.gz,1,3,35,2.1,5.8,NA,0.1072,0.1789,R-145
16S,R-146,6,Q146,D,3Burn_W5,3,Snowbrush,NA,NA,R-146_S17_L001_R1_001.fastq.gz,R-146_S17_L001_R2_001.fastq.gz,6,0,17,1.8,4,7,0.2205,0.48320000000000002,R-146
16S,R-147,6,Q147,ND,1Burn_W4,1,Snowbrush,NA,NA,R-147_S29_L001_R1_001.fastq.gz,R-147_S29_L001_R2_001.fastq.gz,1,0,33,3,8.1999999999999993,0,1.149,3.2471000000000001,R-147
16S,R-148,6,Q148,ND,1Burn_W4,1,GrandFir,NA,NA,R-148_S115_L001_R1_001.fastq.gz,R-148_S115_L001_R2_001.fastq.gz,1,4,87,2.4,7.8,NA,0.32400000000000001,0.81010000000000004,R-148
16S,R-149,6,Q149,ND,3Burn_W5,3,GrandFir,NA,NA,R-149_S127_L001_R1_001.fastq.gz,R-149_S127_L001_R2_001.fastq.gz,1,8,61,1.7,6.5,NA,0.28489999999999999,0.34960000000000002,R-149
16S,R-150,6,Q150,ND,3Burn_W6,3,Snowbrush,NA,NA,R-150_S41_L001_R1_001.fastq.gz,R-150_S41_L001_R2_001.fastq.gz,1,0,16,1.5,4.5,17,0.21609999999999999,0.2944,R-150
16S,R-151,6,Q151,ND,3Burn_W6,3,GrandFir,NA,NA,R-151_S139_L001_R1_001.fastq.gz,R-151_S139_L001_R2_001.fastq.gz,1,4,60,1.2,5.7,NA,0.1898,0.2291,R-151
16S,R-152,6,Q152,D,Sterile,NA,GrandFir,NA,NA,R-152_S151_L001_R1_001.fastq.gz,R-152_S151_L001_R2_001.fastq.gz,1,4,31,2.2000000000000002,5.5,NA,0.13170000000000001,0.18390000000000001,R-152
16S,R-153,6,Q153,ND,0Burn_W1,0,Snowbrush,NA,NA,R-153_S53_L001_R1_001.fastq.gz,R-153_S53_L001_R2_001.fastq.gz,1,0,17,3.1,5,2,0.4904,1.4133,R-153
16S,R-154,6,Q154,D,1Burn_W3,1,GrandFir,NA,NA,R-154_S163_L001_R1_001.fastq.gz,R-154_S163_L001_R2_001.fastq.gz,2,2,14,0.7,4.7,NA,5.2900000000000003E-2,0.1469,R-154
16S,R-155,6,Q155,D,3Burn_W6,3,Snowbrush,NA,NA,R-155_S65_L001_R1_001.fastq.gz,R-155_S65_L001_R2_001.fastq.gz,5,0,17,3.4,5.2,9,0.47649999999999998,0.52829999999999999,R-155
16S,R-156,6,Q156,ND,0Burn_W2,0,GrandFir,NA,NA,R-156_S175_L001_R1_001.fastq.gz,R-156_S175_L001_R2_001.fastq.gz,1,4,29,1.8,5.9,NA,0.1,0.22470000000000001,R-156
16S,R-157,6,Q157,ND,0Burn_W2,0,Snowbrush,NA,NA,R-157_S77_L001_R1_001.fastq.gz,R-157_S77_L001_R2_001.fastq.gz,1,0,34,2.6,6,6,0.8851,1.2181,R-157
16S,R-158,6,Q158,D,1Burn_W3,1,Snowbrush,NA,NA,R-158_S89_L001_R1_001.fastq.gz,R-158_S89_L001_R2_001.fastq.gz,1,0,4,1.1000000000000001,3.9,0,5.11E-2,NA,R-158
16S,R-159,6,Q159,ND,0Burn_W1,0,GrandFir,NA,NA,R-159_S187_L001_R1_001.fastq.gz,R-159_S187_L001_R2_001.fastq.gz,1,4,23,1.7,5.8,NA,0.11119999999999999,0.30409999999999998,R-159
16S,R-160,6,Q160,D,3Burn_W5,3,GrandFir,NA,NA,R-160_S104_L001_R1_001.fastq.gz,R-160_S104_L001_R2_001.fastq.gz,2,10,38,2.2000000000000002,7.2,NA,0.26939999999999997,0.26169999999999999,R-160
16S,R-161,6,Q161,ND,1Burn_W3,1,GrandFir,NA,NA,R-161_S116_L001_R1_001.fastq.gz,R-161_S116_L001_R2_001.fastq.gz,1,2,14,1.4,4.5,NA,4.5499999999999999E-2,0.10539999999999999,R-161
16S,R-162,6,Q162,ND,3Burn_W5,3,Snowbrush,NA,NA,R-162_S6_L001_R1_001.fastq.gz,R-162_S6_L001_R2_001.fastq.gz,1,0,27,3.2,9.4,35,1.1375999999999999,0.87760000000000005,R-162
16S,R-163,6,Q163,D,0Burn_W1,0,Snowbrush,NA,NA,R-163_S18_L001_R1_001.fastq.gz,R-163_S18_L001_R2_001.fastq.gz,6,0,11,2.2000000000000002,5.4,0,0.19389999999999999,0.31309999999999999,R-163
16S,R-164,6,Q164,ND,Sterile,NA,Snowbrush,NA,NA,R-164_S30_L001_R1_001.fastq.gz,R-164_S30_L001_R2_001.fastq.gz,1,0,9,1.6,3.9,0,0.17519999999999999,0.20530000000000001,R-164
16S,R-165,6,Q165,D,1Burn_W4,1,Snowbrush,NA,NA,R-165_S42_L001_R1_001.fastq.gz,R-165_S42_L001_R2_001.fastq.gz,6,0,21,2.1,3.6,1,0.36730000000000002,0.76570000000000005,R-165
16S,R-166,6,Q166,D,0Burn_W2,0,GrandFir,NA,NA,R-166_S128_L001_R1_001.fastq.gz,R-166_S128_L001_R2_001.fastq.gz,1,7,31,1.7,4.7,NA,0.20599999999999999,0.4899,R-166
16S,R-167,6,Q167,ND,1Burn_W3,1,Snowbrush,NA,NA,R-167_S54_L001_R1_001.fastq.gz,R-167_S54_L001_R2_001.fastq.gz,1,0,9,2.5,3.1,0,0.1447,0.1777,R-167
16S,R-168,6,Q168,D,1Burn_W4,1,GrandFir,NA,NA,R-168_S140_L001_R1_001.fastq.gz,R-168_S140_L001_R2_001.fastq.gz,2,4,58,2,6.5,NA,0.32750000000000001,0.69289999999999996,R-168
16S,R-197,8,Q197,D,Sterile,NA,Snowbrush,NA,NA,R-197_S66_L001_R1_001.fastq.gz,R-197_S66_L001_R2_001.fastq.gz,6,0,5,0.8,2.8,0,0.20630000000000001,NA,R-197
16S,R-198,8,Q198,ND,0Burn_W1,0,GrandFir,NA,NA,R-198_S152_L001_R1_001.fastq.gz,R-198_S152_L001_R2_001.fastq.gz,1,3,17,1,4.5999999999999996,NA,0.21959999999999999,NA,R-198
16S,R-199,8,Q199,D,0Burn_W1,0,GrandFir,NA,NA,R-199_S164_L001_R1_001.fastq.gz,R-199_S164_L001_R2_001.fastq.gz,1,4,57,1.6,5.6,NA,0.32550000000000001,0.5877,R-199
16S,R-200,8,Q200,ND,0Burn_W2,0,GrandFir,NA,NA,R-200_S176_L001_R1_001.fastq.gz,R-200_S176_L001_R2_001.fastq.gz,1,5,36,2.4,6.6,NA,0.41489999999999999,0.64590000000000003,R-200
16S,R-201,8,Q201,ND,0Burn_W1,0,Snowbrush,NA,NA,R-201_S78_L001_R1_001.fastq.gz,R-201_S78_L001_R2_001.fastq.gz,1,0,20,2.2999999999999998,5.4,0,0.51480000000000004,0.81020000000000003,R-201
16S,R-202,8,Q202,D,1Burn_W3,1,GrandFir,NA,NA,R-202_S188_L001_R1_001.fastq.gz,R-202_S188_L001_R2_001.fastq.gz,1,3,16,1.1000000000000001,5,NA,0.22520000000000001,NA,R-202
16S,R-203,8,Q203,D,1Burn_W3,1,Snowbrush,NA,NA,R-203_S90_L001_R1_001.fastq.gz,R-203_S90_L001_R2_001.fastq.gz,2,0,17,3,4.5999999999999996,0,0.4234,0.83919999999999995,R-203
16S,R-204,8,Q204,D,0Burn_W2,0,Snowbrush,NA,NA,R-204_S7_L001_R1_001.fastq.gz,R-204_S7_L001_R2_001.fastq.gz,6,0,17,2.5,4.0999999999999996,1,0.61750000000000005,1.1043000000000001,R-204
16S,R-205,8,Q205,ND,3Burn_W6,3,GrandFir,NA,NA,R-205_S105_L001_R1_001.fastq.gz,R-205_S105_L001_R2_001.fastq.gz,1,4,29,1.5,5.5,NA,0.28760000000000002,0.49220000000000003,R-205
16S,R-206,8,Q206,ND,Sterile,NA,Snowbrush,NA,NA,R-206_S19_L001_R1_001.fastq.gz,R-206_S19_L001_R2_001.fastq.gz,1,0,16,3.9,5.8,0,0.71989999999999998,1.0210999999999999,R-206
16S,R-207,8,Q207,D,3Burn_W6,3,Snowbrush,NA,NA,R-207_S31_L001_R1_001.fastq.gz,R-207_S31_L001_R2_001.fastq.gz,1,0,12,1.6,4.4000000000000004,11,0.33100000000000002,0.67800000000000005,R-207
16S,R-208,8,Q208,ND,3Burn_W5,3,Snowbrush,NA,NA,R-208_S43_L001_R1_001.fastq.gz,R-208_S43_L001_R2_001.fastq.gz,1,0,16,2.5,4.4000000000000004,0,0.67290000000000005,1.4045000000000001,R-208
16S,R-209,8,Q209,ND,1Burn_W4,1,Snowbrush,NA,NA,R-209_S55_L001_R1_001.fastq.gz,R-209_S55_L001_R2_001.fastq.gz,1,0,19,2.4,4,0,0.56289999999999996,0.99690000000000001,R-209
16S,R-210,8,Q210,D,0Burn_W1,0,Snowbrush,NA,NA,R-210_S67_L001_R1_001.fastq.gz,R-210_S67_L001_R2_001.fastq.gz,6,0,11,2,5,1,0.41220000000000001,0.49509999999999998,R-210
16S,R-211,8,Q211,ND,1Burn_W3,1,Snowbrush,NA,NA,R-211_S79_L001_R1_001.fastq.gz,R-211_S79_L001_R2_001.fastq.gz,1,0,17,3,5,0,0.29380000000000001,0.56969999999999998,R-211
16S,R-212,8,Q212,D,3Burn_W6,3,GrandFir,NA,NA,R-212_S117_L001_R1_001.fastq.gz,R-212_S117_L001_R2_001.fastq.gz,1,6,52,2.1,5.9,NA,0.16639999999999999,0.25580000000000003,R-212
16S,R-213,8,Q213,ND,3Burn_W5,3,GrandFir,NA,NA,R-213_S129_L001_R1_001.fastq.gz,R-213_S129_L001_R2_001.fastq.gz,1,3,23,1.5,4,NA,8.1100000000000005E-2,0.18890000000000001,R-213
16S,R-214,8,Q214,D,1Burn_W4,1,Snowbrush,NA,NA,R-214_S91_L001_R1_001.fastq.gz,R-214_S91_L001_R2_001.fastq.gz,6,0,19,2.2000000000000002,4.9000000000000004,0,0.38379999999999997,0.74529999999999996,R-214
16S,R-215,8,Q215,D,0Burn_W2,0,GrandFir,NA,NA,R-215_S141_L001_R1_001.fastq.gz,R-215_S141_L001_R2_001.fastq.gz,1,6,93,1.6,5.4,NA,0.26929999999999998,0.37669999999999998,R-215
16S,R-216,8,Q216,ND,0Burn_W2,0,Snowbrush,NA,NA,R-216_S8_L001_R1_001.fastq.gz,R-216_S8_L001_R2_001.fastq.gz,1,0,23,3,4.5,7,0.7712,1.9710000000000001,R-216
16S,R-217,8,Q217,D,1Burn_W4,1,GrandFir,NA,NA,R-217_S153_L001_R1_001.fastq.gz,R-217_S153_L001_R2_001.fastq.gz,1,1,42,1.8,7.5,NA,0.18290000000000001,0.24510000000000001,R-217
16S,R-218,8,Q218,D,3Burn_W5,3,GrandFir,NA,NA,R-218_S165_L001_R1_001.fastq.gz,R-218_S165_L001_R2_001.fastq.gz,1,8,34,3.2,8.4,NA,0.30919999999999997,0.58950000000000002,R-218
16S,R-219,8,Q219,ND,1Burn_W3,1,GrandFir,NA,NA,R-219_S177_L001_R1_001.fastq.gz,R-219_S177_L001_R2_001.fastq.gz,1,1,6,0.8,5.3,NA,7.2300000000000003E-2,0.1012,R-219
16S,R-220,8,Q220,ND,3Burn_W6,3,Snowbrush,NA,NA,R-220_S20_L001_R1_001.fastq.gz,R-220_S20_L001_R2_001.fastq.gz,1,0,11,1.3,4,38,0.17979999999999999,0.49109999999999998,R-220
16S,R-221,8,Q221,D,3Burn_W5,3,Snowbrush,NA,NA,R-221_S32_L001_R1_001.fastq.gz,R-221_S32_L001_R2_001.fastq.gz,1,0,18,2.2000000000000002,5,15,0.23669999999999999,0.46949999999999997,R-221
16S,R-222,8,Q222,D,Sterile,NA,GrandFir,NA,NA,R-222_S189_L001_R1_001.fastq.gz,R-222_S189_L001_R2_001.fastq.gz,1,4,32,1.9,5.6,NA,0.13489999999999999,0.28720000000000001,R-222
16S,R-223,8,Q223,ND,1Burn_W4,1,GrandFir,NA,NA,R-223_S106_L001_R1_001.fastq.gz,R-223_S106_L001_R2_001.fastq.gz,1,5,35,2.7,6.3,NA,0.25359999999999999,0.68479999999999996,R-223
16S,R-224,8,Q224,ND,Sterile,NA,GrandFir,NA,NA,R-224_S118_L001_R1_001.fastq.gz,R-224_S118_L001_R2_001.fastq.gz,1,6,37,1.9,5.4,NA,0.15959999999999999,0.29959999999999998,R-224
16S,R-281,11,Q281,ND,3Burn_W5,3,Snowbrush,NA,NA,R-281_S56_L001_R1_001.fastq.gz,R-281_S56_L001_R2_001.fastq.gz,1,0,20,3,4.9000000000000004,13,0.64490000000000003,1.4487000000000001,R-281
16S,R-282,11,Q282,ND,1Burn_W3,1,GrandFir,NA,NA,R-282_S130_L001_R1_001.fastq.gz,R-282_S130_L001_R2_001.fastq.gz,1,1,3,0.8,4,NA,4.2299999999999997E-2,0.15459999999999999,R-282
16S,R-283,11,Q283,ND,0Burn_W1,0,Snowbrush,NA,NA,R-283_S68_L001_R1_001.fastq.gz,R-283_S68_L001_R2_001.fastq.gz,1,0,22,2.6,6.5,1,0.46250000000000002,1.0323,R-283
16S,R-284,11,Q284,D,3Burn_W5,3,Snowbrush,NA,NA,R-284_S80_L001_R1_001.fastq.gz,R-284_S80_L001_R2_001.fastq.gz,6,0,26,2.2000000000000002,5.5,0,0.5958,0.66930000000000001,R-284
16S,R-285,11,Q285,D,3Burn_W5,3,GrandFir,NA,NA,R-285_S142_L001_R1_001.fastq.gz,R-285_S142_L001_R2_001.fastq.gz,1,2,22,2.1,4,NA,0.1187,0.42559999999999998,R-285
16S,R-286,11,Q286,D,Sterile,NA,GrandFir,NA,NA,R-286_S154_L001_R1_001.fastq.gz,R-286_S154_L001_R2_001.fastq.gz,1,1,21,1,4.5,NA,5.3600000000000002E-2,0.1376,R-286
16S,R-287,11,Q287,D,3Burn_W6,3,GrandFir,NA,NA,R-287_S166_L001_R1_001.fastq.gz,R-287_S166_L001_R2_001.fastq.gz,5,1,3,0.9,4.5,NA,0.03,NA,R-287
16S,R-288,11,Q288,ND,3Burn_W6,3,GrandFir,NA,NA,R-288_S178_L001_R1_001.fastq.gz,R-288_S178_L001_R2_001.fastq.gz,1,3,21,1.6,5.3,NA,7.8200000000000006E-2,0.21929999999999999,R-288
16S,R-289,11,Q289,ND,Sterile,NA,GrandFir,NA,NA,R-289_S190_L001_R1_001.fastq.gz,R-289_S190_L001_R2_001.fastq.gz,1,3,18,1.2,4.9000000000000004,NA,5.2600000000000001E-2,NA,R-289
16S,R-290,11,Q290,D,0Burn_W1,0,GrandFir,NA,NA,R-290_S107_L001_R1_001.fastq.gz,R-290_S107_L001_R2_001.fastq.gz,1,3,12,0.4,7.7,NA,8.7099999999999997E-2,0.21779999999999999,R-290
16S,R-291,11,Q291,ND,1Burn_W4,1,GrandFir,NA,NA,R-291_S119_L001_R1_001.fastq.gz,R-291_S119_L001_R2_001.fastq.gz,1,7,59,3.2,6,NA,0.36120000000000002,0.83589999999999998,R-291
16S,R-292,11,Q292,D,0Burn_W1,0,Snowbrush,NA,NA,R-292_S9_L001_R1_001.fastq.gz,R-292_S9_L001_R2_001.fastq.gz,1,0,5,1.2,3.6,0,8.9200000000000002E-2,0.1842,R-292
16S,R-293,11,Q293,D,Sterile,NA,Snowbrush,NA,NA,R-293_S21_L001_R1_001.fastq.gz,R-293_S21_L001_R2_001.fastq.gz,4,0,11,2.2999999999999998,3.5,0,0.27239999999999998,0.49,R-293
16S,R-294,11,Q294,D,3Burn_W6,3,Snowbrush,NA,NA,R-294_S33_L001_R1_001.fastq.gz,R-294_S33_L001_R2_001.fastq.gz,6,0,11,1.7,4,13,0.20979999999999999,0.49270000000000003,R-294
16S,R-295,11,Q295,ND,0Burn_W2,0,Snowbrush,NA,NA,R-295_S45_L001_R1_001.fastq.gz,R-295_S45_L001_R2_001.fastq.gz,1,0,19,2.2999999999999998,6.8,3,0.4209,0.90910000000000002,R-295
16S,R-296,11,Q296,D,1Burn_W4,1,Snowbrush,NA,NA,R-296_S57_L001_R1_001.fastq.gz,R-296_S57_L001_R2_001.fastq.gz,6,0,19,2,5,0,0.37730000000000002,0.58589999999999998,R-296
16S,R-297,11,Q297,D,0Burn_W2,0,Snowbrush,NA,NA,R-297_S69_L001_R1_001.fastq.gz,R-297_S69_L001_R2_001.fastq.gz,1,0,12,2.5,4.5999999999999996,3,0.3352,0.63849999999999996,R-297
16S,R-298,11,Q298,ND,1Burn_W4,1,Snowbrush,NA,NA,R-298_S81_L001_R1_001.fastq.gz,R-298_S81_L001_R2_001.fastq.gz,1,0,19,2.4,4.5,3,0.48130000000000001,1.3599000000000001,R-298
16S,R-299,11,Q299,D,1Burn_W4,1,GrandFir,NA,NA,R-299_S131_L001_R1_001.fastq.gz,R-299_S131_L001_R2_001.fastq.gz,1,3,18,0.6,5.5,NA,0.1179,0.1643,R-299
16S,R-300,11,Q300,ND,3Burn_W5,3,GrandFir,NA,NA,R-300_S143_L001_R1_001.fastq.gz,R-300_S143_L001_R2_001.fastq.gz,1,5,20,1.3,5.8,NA,0.10580000000000001,0.1709,R-300
16S,R-301,11,Q301,ND,0Burn_W1,0,GrandFir,NA,NA,R-301_S155_L001_R1_001.fastq.gz,R-301_S155_L001_R2_001.fastq.gz,1,1,20,1.5,5.3,NA,5.7099999999999998E-2,NA,R-301
16S,R-302,11,Q302,D,0Burn_W2,0,GrandFir,NA,NA,R-302_S167_L001_R1_001.fastq.gz,R-302_S167_L001_R2_001.fastq.gz,1,2,23,1.3,5,NA,9.7799999999999998E-2,0.24610000000000001,R-302
16S,R-303,11,Q303,ND,3Burn_W6,3,Snowbrush,NA,NA,R-303_S93_L001_R1_001.fastq.gz,R-303_S93_L001_R2_001.fastq.gz,1,0,22,3.3,5.8,21,0.79349999999999998,1.2266999999999999,R-303
16S,R-304,11,Q304,D,1Burn_W3,1,Snowbrush,NA,NA,R-304_S10_L001_R1_001.fastq.gz,R-304_S10_L001_R2_001.fastq.gz,3,0,2,0.6,2.5,0,2.3300000000000001E-2,NA,R-304
16S,R-305,11,Q305,ND,Sterile,NA,Snowbrush,NA,NA,R-305_S22_L001_R1_001.fastq.gz,R-305_S22_L001_R2_001.fastq.gz,1,0,13,2.4,4.9000000000000004,0,0.2331,0.50819999999999999,R-305
16S,R-306,11,Q306,ND,1Burn_W3,1,Snowbrush,NA,NA,R-306_S34_L001_R1_001.fastq.gz,R-306_S34_L001_R2_001.fastq.gz,1,0,3,1,3.2,0,5.2400000000000002E-2,0.1605,R-306
16S,R-307,11,Q307,ND,0Burn_W2,0,GrandFir,NA,NA,R-307_S179_L001_R1_001.fastq.gz,R-307_S179_L001_R2_001.fastq.gz,1,4,24,1.5,5.5,NA,0.1164,0.2064,R-307
16S,R-308,11,Q308,D,1Burn_W3,1,GrandFir,NA,NA,R-308_S191_L001_R1_001.fastq.gz,R-308_S191_L001_R2_001.fastq.gz,1,2,8,1.5,4.5,NA,6.1499999999999999E-2,0.14660000000000001,R-308
16S,R-337,13,Q337,D,Sterile,NA,Snowbrush,NA,NA,R-337_S46_L001_R1_001.fastq.gz,R-337_S46_L001_R2_001.fastq.gz,1,0,10,2.5,5,0,0.20039999999999999,0.57010000000000005,R-337
16S,R-338,13,Q338,ND,3Burn_W5,3,GrandFir,NA,NA,R-338_S108_L001_R1_001.fastq.gz,R-338_S108_L001_R2_001.fastq.gz,1,3,19,0.7,4.3,NA,6.4899999999999999E-2,0.12089999999999999,R-338
16S,R-339,13,Q339,ND,0Burn_W2,0,GrandFir,NA,NA,R-339_S120_L001_R1_001.fastq.gz,R-339_S120_L001_R2_001.fastq.gz,1,2,18,0.7,3.9,NA,5.91E-2,0.1191,R-339
16S,R-340,13,Q340,ND,0Burn_W1,0,GrandFir,NA,NA,R-340_S132_L001_R1_001.fastq.gz,R-340_S132_L001_R2_001.fastq.gz,1,3,12,1.8,4.3,NA,0.1439,0.1966,R-340
16S,R-341,13,Q341,D,3Burn_W5,3,GrandFir,NA,NA,R-341_S144_L001_R1_001.fastq.gz,R-341_S144_L001_R2_001.fastq.gz,1,4,23,1.1000000000000001,4.5,NA,6.2199999999999998E-2,0.1837,R-341
16S,R-342,13,Q342,D,Sterile,NA,GrandFir,NA,NA,R-342_S156_L001_R1_001.fastq.gz,R-342_S156_L001_R2_001.fastq.gz,1,2,9,0.3,2.4,NA,2.1399999999999999E-2,NA,R-342
16S,R-343,13,Q343,D,1Burn_W4,1,Snowbrush,NA,NA,R-343_S58_L001_R1_001.fastq.gz,R-343_S58_L001_R2_001.fastq.gz,2,0,13,2.2000000000000002,4.2,0,0.22850000000000001,0.4425,R-343
16S,R-344,13,Q344,D,1Burn_W3,1,Snowbrush,NA,NA,R-344_S70_L001_R1_001.fastq.gz,R-344_S70_L001_R2_001.fastq.gz,2,0,8,2,4.5,NA,0.1231,0.23069999999999999,R-344
16S,R-345,13,Q345,D,1Burn_W3,1,GrandFir,NA,NA,R-345_S168_L001_R1_001.fastq.gz,R-345_S168_L001_R2_001.fastq.gz,1,1,6,0.5,5.5,NA,7.1599999999999997E-2,0.16209999999999999,R-345
16S,R-346,13,Q346,D,3Burn_W5,3,Snowbrush,NA,NA,R-346_S82_L001_R1_001.fastq.gz,R-346_S82_L001_R2_001.fastq.gz,5,0,10,2.6,5.2,0,0.26850000000000002,0.67949999999999999,R-346
16S,R-347,13,Q347,D,0Burn_W2,0,GrandFir,NA,NA,R-347_S180_L001_R1_001.fastq.gz,R-347_S180_L001_R2_001.fastq.gz,1,2,27,1.3,4.3,NA,9.1300000000000006E-2,0.22450000000000001,R-347
16S,R-348,13,Q348,ND,1Burn_W4,1,GrandFir,NA,NA,R-348_S1_L001_R1_001.fastq.gz,R-348_S1_L001_R2_001.fastq.gz,1,4,23,1.5,5.8,NA,0.17680000000000001,0.29070000000000001,R-348
16S,R-349,13,Q349,ND,0Burn_W2,0,Snowbrush,NA,NA,R-349_S94_L001_R1_001.fastq.gz,R-349_S94_L001_R2_001.fastq.gz,1,0,17,3,6.4,7,0.4471,0.97929999999999995,R-349
16S,R-350,13,Q350,D,3Burn_W6,3,GrandFir,NA,NA,R-350_S13_L001_R1_001.fastq.gz,R-350_S13_L001_R2_001.fastq.gz,1,4,16,1.5,5.0999999999999996,NA,9.6799999999999997E-2,0.24940000000000001,R-350
16S,R-351,13,Q351,D,0Burn_W2,0,Snowbrush,NA,NA,R-351_S11_L001_R1_001.fastq.gz,R-351_S11_L001_R2_001.fastq.gz,1,0,4,0.7,2.8,0,4.1500000000000002E-2,0.2437,R-351
16S,R-352,13,Q352,ND,1Burn_W4,1,Snowbrush,NA,NA,R-352_S23_L001_R1_001.fastq.gz,R-352_S23_L001_R2_001.fastq.gz,1,0,23,3.3,4.5,0,0.31359999999999999,0.30809999999999998,R-352
16S,R-353,13,Q353,ND,1Burn_W3,1,Snowbrush,NA,NA,R-353_S35_L001_R1_001.fastq.gz,R-353_S35_L001_R2_001.fastq.gz,1,0,1,0.8,4,0,3.9300000000000002E-2,NA,R-353
16S,R-354,13,Q354,ND,Sterile,NA,GrandFir,NA,NA,R-354_S146_L001_R1_001.fastq.gz,R-354_S146_L001_R2_001.fastq.gz,1,3,16,1.6,4.5,NA,9.0300000000000005E-2,0.14399999999999999,R-354
16S,R-355,13,Q355,ND,3Burn_W6,3,Snowbrush,NA,NA,R-355_S47_L001_R1_001.fastq.gz,R-355_S47_L001_R2_001.fastq.gz,1,0,2,0.6,5,0,3.5799999999999998E-2,NA,R-355
16S,R-356,13,Q356,D,3Burn_W6,3,Snowbrush,NA,NA,R-356_S59_L001_R1_001.fastq.gz,R-356_S59_L001_R2_001.fastq.gz,6,NA,NA,NA,NA,11,9.2399999999999996E-2,0.24229999999999999,R-356
16S,R-357,13,Q357,ND,1Burn_W3,1,GrandFir,NA,NA,R-357_S158_L001_R1_001.fastq.gz,R-357_S158_L001_R2_001.fastq.gz,1,1,0,0,3.5,NA,3.3300000000000003E-2,NA,R-357
16S,R-358,13,Q358,ND,3Burn_W6,3,GrandFir,NA,NA,R-358_S170_L001_R1_001.fastq.gz,R-358_S170_L001_R2_001.fastq.gz,1,3,31,2.5,6,NA,0.105,0.14410000000000001,R-358
16S,R-359,13,Q359,ND,Sterile,NA,Snowbrush,NA,NA,R-359_S71_L001_R1_001.fastq.gz,R-359_S71_L001_R2_001.fastq.gz,1,0,10,2,3.5,0,0.15210000000000001,0.29730000000000001,R-359
16S,R-360,13,Q360,D,0Burn_W1,0,Snowbrush,NA,NA,R-360_S83_L001_R1_001.fastq.gz,R-360_S83_L001_R2_001.fastq.gz,1,0,8,1.5,3.7,1,9.4600000000000004E-2,0.16400000000000001,R-360
16S,R-361,13,Q361,ND,0Burn_W1,0,Snowbrush,NA,NA,R-361_S95_L001_R1_001.fastq.gz,R-361_S95_L001_R2_001.fastq.gz,1,0,4,1,4,0,6.1800000000000001E-2,0.15290000000000001,R-361
16S,R-362,13,Q362,D,0Burn_W1,0,GrandFir,NA,NA,R-362_S182_L001_R1_001.fastq.gz,R-362_S182_L001_R2_001.fastq.gz,2,1,11,0.3,5,NA,5.9799999999999999E-2,0.2399,R-362
16S,R-363,13,Q363,D,1Burn_W4,1,GrandFir,NA,NA,R-363_S99_L001_R1_001.fastq.gz,R-363_S99_L001_R2_001.fastq.gz,1,1,0,0,2.8,NA,2.5899999999999999E-2,NA,R-363
16S,R-364,13,Q364,ND,3Burn_W5,3,Snowbrush,NA,NA,R-364_S12_L001_R1_001.fastq.gz,R-364_S12_L001_R2_001.fastq.gz,1,0,14,2.8,5,0,0.26860000000000001,0.38929999999999998,R-364
