amplicon,sample_name,block,unique_id,drought,inoculum,fire_freq,species,other_frompreviouscolumn,control,filename_r1,filename_r2,wilting_scale,bud_number,leaf_number,leaf_length,height,nodule_num,shoot_dm,final_root_dm,seqtab_rows,inoculum_site,inoculum_burn_freq,mean_NO3,mean_NH4,mean_P,mean_K,mean_SO4_S,mean_B,mean_OM,mean_pH,mean_EC,mean_Zn,mean_Mn,mean_Cu,mean_Fe,mean_Ca,mean_Mg,mean_Na,mean_TKN,mean_C_N_ratio,mean_Sand,mean_Silt,mean_Clay
ITS2,F-R-001,1,Q001,D,1Burn_W4,1,GrandFir,NA,NA,F-R-001_S315_L001_R1_001.fastq.gz,F-R-001_S315_L001_R2_001.fastq.gz,3,11,72,3.2,9,NA,0.5209,0.9291,F-R-001,4,1,4.166666666666667,10.433333333333334,8.333333333333334,72.33333333333333,9.666666666666666,0.05,5.976666666666667,6,0.03333333333333333,0.3333333333333333,12.2,0.7333333333333333,20.666666666666668,1.5,0.3333333333333333,0.05666666666666667,0.103,17.198333333333334,88.8,10.8,0.4
ITS2,F-R-002,1,Q002,D,1Burn_W3,1,Snowbrush,NA,NA,F-R-002_S217_L001_R1_001.fastq.gz,F-R-002_S217_L001_R2_001.fastq.gz,6,0,16,2.8,4.1,0,0.227,0.3547,F-R-002,3,1,1.7,4.966666666666667,7.333333333333333,61.666666666666664,11.333333333333334,0.07,5.183333333333334,6.366666666666667,0.4166666666666667,0.1,10.1,0.6666666666666666,15.333333333333334,2.033333333333333,0.3,0.04,0.099,27.188666666666666,82.8,16.8,0.4
ITS2,F-R-003,1,Q003,D,Sterile,NA,Snowbrush,NA,NA,F-R-003_S229_L001_R1_001.fastq.gz,F-R-003_S229_L001_R2_001.fastq.gz,NA,NA,NA,NA,NA,0,0.5242,0.9035,F-R-003,Sterile,NA,2.45,19.099999999999998,6.166666666666667,52.833333333333336,8.5,0.04,4.825,5.733333333333333,0.11,0.25,63.28333333333333,0.5333333333333333,14.833333333333334,1.55,0.30000000000000004,0.06999999999999999,0.11033333333333334,25.63533333333333,88.8,10.8,0.4
ITS2,F-R-004,1,Q004,ND,0Burn_W2,0,GrandFir,NA,NA,F-R-004_S327_L001_R1_001.fastq.gz,F-R-004_S327_L001_R2_001.fastq.gz,1,10,45,1.9,5.2,NA,0.2119,0.3397,F-R-004,2,0,1.3333333333333333,8.1,7.666666666666667,92.33333333333333,6,0.043333333333333335,6.406666666666667,6.166666666666667,0.08666666666666667,0.26666666666666666,16,0.43333333333333335,29,1.8333333333333333,0.3333333333333333,0.03666666666666667,0.16633333333333333,26.215666666666667,80.8,18.8,0.4
ITS2,F-R-005,1,Q005,ND,3Burn_W6,3,GrandFir,NA,NA,F-R-005_S339_L001_R1_001.fastq.gz,F-R-005_S339_L001_R2_001.fastq.gz,1,6,63,2.4,5.2,NA,0.2816,0.4679,F-R-005,6,3,8.533333333333333,6.2,7.666666666666667,59.333333333333336,4.666666666666667,0.10333333333333333,5.67,5.733333333333333,0.05333333333333334,0.7333333333333334,10.233333333333334,0.7666666666666667,23,2.8666666666666667,0.4,0.04666666666666667,0.15666666666666668,21.451999999999998,90.8,8.8,0.4
ITS2,F-R-006,1,Q006,D,Sterile,NA,GrandFir,NA,NA,F-R-006_S351_L001_R1_001.fastq.gz,F-R-006_S351_L001_R2_001.fastq.gz,1,6,47,2.6,6.4,NA,0.1826,0.1886,F-R-006,Sterile,NA,2.45,19.099999999999998,6.166666666666667,52.833333333333336,8.5,0.04,4.825,5.733333333333333,0.11,0.25,63.28333333333333,0.5333333333333333,14.833333333333334,1.55,0.30000000000000004,0.06999999999999999,0.11033333333333334,25.63533333333333,88.8,10.8,0.4
ITS2,F-R-007,1,Q007,ND,1Burn_W4,1,Snowbrush,NA,NA,F-R-007_S241_L001_R1_001.fastq.gz,F-R-007_S241_L001_R2_001.fastq.gz,1,0,33,3.4,5.1,1,0.9163,1.8878,F-R-007,4,1,4.166666666666667,10.433333333333334,8.333333333333334,72.33333333333333,9.666666666666666,0.05,5.976666666666667,6,0.03333333333333333,0.3333333333333333,12.2,0.7333333333333333,20.666666666666668,1.5,0.3333333333333333,0.05666666666666667,0.103,17.198333333333334,88.8,10.8,0.4
ITS2,F-R-008,1,Q008,ND,0Burn_W2,0,Snowbrush,NA,NA,F-R-008_S253_L001_R1_001.fastq.gz,F-R-008_S253_L001_R2_001.fastq.gz,1,0,30,2.6,4.2,0,0.5086,0.7875,F-R-008,2,0,1.3333333333333333,8.1,7.666666666666667,92.33333333333333,6,0.043333333333333335,6.406666666666667,6.166666666666667,0.08666666666666667,0.26666666666666666,16,0.43333333333333335,29,1.8333333333333333,0.3333333333333333,0.03666666666666667,0.16633333333333333,26.215666666666667,80.8,18.8,0.4
ITS2,F-R-010,1,Q010,D,3Burn_W6,3,GrandFir,NA,NA,F-R-010_S363_L001_R1_001.fastq.gz,F-R-010_S363_L001_R2_001.fastq.gz,2,8,118,2.4,7.1,NA,0.556,0.5802,F-R-010,6,3,8.533333333333333,6.2,7.666666666666667,59.333333333333336,4.666666666666667,0.10333333333333333,5.67,5.733333333333333,0.05333333333333334,0.7333333333333334,10.233333333333334,0.7666666666666667,23,2.8666666666666667,0.4,0.04666666666666667,0.15666666666666668,21.451999999999998,90.8,8.8,0.4
ITS2,F-R-011,1,Q011,ND,3Burn_W5,3,GrandFir,NA,NA,F-R-011_S375_L001_R1_001.fastq.gz,F-R-011_S375_L001_R2_001.fastq.gz,1,12,55,2.9,7.4,NA,0.2878,0.6321,F-R-011,5,3,14.533333333333333,7.166666666666667,7,82,4.333333333333333,0.15333333333333335,7.073333333333333,6.3,0.11333333333333333,0.8666666666666667,15.566666666666666,0.8333333333333334,23,4.966666666666667,0.5666666666666667,0.05,0.23933333333333334,17.466333333333335,86.8,10.8,2.4
ITS2,F-R-012,1,Q012,D,0Burn_W2,0,Snowbrush,NA,NA,F-R-012_S265_L001_R1_001.fastq.gz,F-R-012_S265_L001_R2_001.fastq.gz,3,0,21,2.6,6.1,0,0.5126,0.8267,F-R-012,2,0,1.3333333333333333,8.1,7.666666666666667,92.33333333333333,6,0.043333333333333335,6.406666666666667,6.166666666666667,0.08666666666666667,0.26666666666666666,16,0.43333333333333335,29,1.8333333333333333,0.3333333333333333,0.03666666666666667,0.16633333333333333,26.215666666666667,80.8,18.8,0.4
ITS2,F-R-013,1,Q013,ND,1Burn_W4,1,GrandFir,NA,NA,F-R-013_S292_L001_R1_001.fastq.gz,F-R-013_S292_L001_R2_001.fastq.gz,1,11,96,2.8,8,NA,0.6941,1.0554,F-R-013,4,1,4.166666666666667,10.433333333333334,8.333333333333334,72.33333333333333,9.666666666666666,0.05,5.976666666666667,6,0.03333333333333333,0.3333333333333333,12.2,0.7333333333333333,20.666666666666668,1.5,0.3333333333333333,0.05666666666666667,0.103,17.198333333333334,88.8,10.8,0.4
ITS2,F-R-014,1,Q014,ND,3Burn_W5,3,Snowbrush,NA,NA,F-R-014_S277_L001_R1_001.fastq.gz,F-R-014_S277_L001_R2_001.fastq.gz,1,0,29,3.9,6.7,5,0.8006,1.5315,F-R-014,5,3,14.533333333333333,7.166666666666667,7,82,4.333333333333333,0.15333333333333335,7.073333333333333,6.3,0.11333333333333333,0.8666666666666667,15.566666666666666,0.8333333333333334,23,4.966666666666667,0.5666666666666667,0.05,0.23933333333333334,17.466333333333335,86.8,10.8,2.4
ITS2,F-R-015,1,Q015,ND,Sterile,NA,GrandFir,NA,NA,F-R-015_S304_L001_R1_001.fastq.gz,F-R-015_S304_L001_R2_001.fastq.gz,1,4,37,2.5,5.2,NA,0.154,0.2218,F-R-015,Sterile,NA,2.45,19.099999999999998,6.166666666666667,52.833333333333336,8.5,0.04,4.825,5.733333333333333,0.11,0.25,63.28333333333333,0.5333333333333333,14.833333333333334,1.55,0.30000000000000004,0.06999999999999999,0.11033333333333334,25.63533333333333,88.8,10.8,0.4
ITS2,F-R-016,1,Q016,ND,Sterile,NA,Snowbrush,NA,NA,F-R-016_S194_L001_R1_001.fastq.gz,F-R-016_S194_L001_R2_001.fastq.gz,1,0,37,2.8,6.5,0,0.7286,0.6572,F-R-016,Sterile,NA,2.45,19.099999999999998,6.166666666666667,52.833333333333336,8.5,0.04,4.825,5.733333333333333,0.11,0.25,63.28333333333333,0.5333333333333333,14.833333333333334,1.55,0.30000000000000004,0.06999999999999999,0.11033333333333334,25.63533333333333,88.8,10.8,0.4
ITS2,F-R-017,1,Q017,ND,3Burn_W6,3,Snowbrush,NA,NA,F-R-017_S206_L001_R1_001.fastq.gz,F-R-017_S206_L001_R2_001.fastq.gz,1,0,26,2.7,5.8,64,0.6707,0.6419,F-R-017,6,3,8.533333333333333,6.2,7.666666666666667,59.333333333333336,4.666666666666667,0.10333333333333333,5.67,5.733333333333333,0.05333333333333334,0.7333333333333334,10.233333333333334,0.7666666666666667,23,2.8666666666666667,0.4,0.04666666666666667,0.15666666666666668,21.451999999999998,90.8,8.8,0.4
ITS2,F-R-018,1,Q018,D,3Burn_W6,3,Snowbrush,NA,NA,F-R-018_S218_L001_R1_001.fastq.gz,F-R-018_S218_L001_R2_001.fastq.gz,6,0,28,2.6,5.7,7,0.4913,0.7383,F-R-018,6,3,8.533333333333333,6.2,7.666666666666667,59.333333333333336,4.666666666666667,0.10333333333333333,5.67,5.733333333333333,0.05333333333333334,0.7333333333333334,10.233333333333334,0.7666666666666667,23,2.8666666666666667,0.4,0.04666666666666667,0.15666666666666668,21.451999999999998,90.8,8.8,0.4
ITS2,F-R-019,1,Q019,D,3Burn_W5,3,Snowbrush,NA,NA,F-R-019_S230_L001_R1_001.fastq.gz,F-R-019_S230_L001_R2_001.fastq.gz,6,0,35,2.6,5.2,9,0.5319,1.5298,F-R-019,5,3,14.533333333333333,7.166666666666667,7,82,4.333333333333333,0.15333333333333335,7.073333333333333,6.3,0.11333333333333333,0.8666666666666667,15.566666666666666,0.8333333333333334,23,4.966666666666667,0.5666666666666667,0.05,0.23933333333333334,17.466333333333335,86.8,10.8,2.4
ITS2,F-R-020,1,Q020,D,0Burn_W1,0,Snowbrush,NA,NA,F-R-020_S242_L001_R1_001.fastq.gz,F-R-020_S242_L001_R2_001.fastq.gz,6,0,26,1.7,4.6,2,0.4236,0.4938,F-R-020,1,0,1.3666666666666667,10.066666666666666,10,108,12,0.03666666666666667,7.8933333333333335,5.966666666666667,0.09666666666666666,0.7333333333333334,26.299999999999997,0.5333333333333333,58,1.6666666666666667,0.39999999999999997,0.043333333333333335,0.179,26.332333333333334,80.8,18.8,0.4
ITS2,F-R-021,1,Q021,D,1Burn_W4,1,Snowbrush,NA,NA,F-R-021_S254_L001_R1_001.fastq.gz,F-R-021_S254_L001_R2_001.fastq.gz,NA,NA,NA,NA,NA,0,0.8439,1.0848,F-R-021,4,1,4.166666666666667,10.433333333333334,8.333333333333334,72.33333333333333,9.666666666666666,0.05,5.976666666666667,6,0.03333333333333333,0.3333333333333333,12.2,0.7333333333333333,20.666666666666668,1.5,0.3333333333333333,0.05666666666666667,0.103,17.198333333333334,88.8,10.8,0.4
ITS2,F-R-022,1,Q022,ND,0Burn_W1,0,Snowbrush,NA,NA,F-R-022_S266_L001_R1_001.fastq.gz,F-R-022_S266_L001_R2_001.fastq.gz,1,NA,NA,NA,5.1,0,0.5135,0.6455,F-R-022,1,0,1.3666666666666667,10.066666666666666,10,108,12,0.03666666666666667,7.8933333333333335,5.966666666666667,0.09666666666666666,0.7333333333333334,26.299999999999997,0.5333333333333333,58,1.6666666666666667,0.39999999999999997,0.043333333333333335,0.179,26.332333333333334,80.8,18.8,0.4
ITS2,F-R-023,1,Q023,D,0Burn_W2,0,GrandFir,NA,NA,F-R-023_S316_L001_R1_001.fastq.gz,F-R-023_S316_L001_R2_001.fastq.gz,1,11,59,2.4,7.6,NA,0.3709,0.6077,F-R-023,2,0,1.3333333333333333,8.1,7.666666666666667,92.33333333333333,6,0.043333333333333335,6.406666666666667,6.166666666666667,0.08666666666666667,0.26666666666666666,16,0.43333333333333335,29,1.8333333333333333,0.3333333333333333,0.03666666666666667,0.16633333333333333,26.215666666666667,80.8,18.8,0.4
ITS2,F-R-024,1,Q024,D,3Burn_W5,3,GrandFir,NA,NA,F-R-024_S328_L001_R1_001.fastq.gz,F-R-024_S328_L001_R2_001.fastq.gz,1,7,48,4,7.9,NA,0.4483,0.829,F-R-024,5,3,14.533333333333333,7.166666666666667,7,82,4.333333333333333,0.15333333333333335,7.073333333333333,6.3,0.11333333333333333,0.8666666666666667,15.566666666666666,0.8333333333333334,23,4.966666666666667,0.5666666666666667,0.05,0.23933333333333334,17.466333333333335,86.8,10.8,2.4
ITS2,F-R-025,1,Q025,D,0Burn_W1,0,GrandFir,NA,NA,F-R-025_S340_L001_R1_001.fastq.gz,F-R-025_S340_L001_R2_001.fastq.gz,1,6,49,2.2,6.5,NA,0.2379,0.3956,F-R-025,1,0,1.3666666666666667,10.066666666666666,10,108,12,0.03666666666666667,7.8933333333333335,5.966666666666667,0.09666666666666666,0.7333333333333334,26.299999999999997,0.5333333333333333,58,1.6666666666666667,0.39999999999999997,0.043333333333333335,0.179,26.332333333333334,80.8,18.8,0.4
ITS2,F-R-026,1,Q026,D,1Burn_W3,1,GrandFir,NA,NA,F-R-026_S352_L001_R1_001.fastq.gz,F-R-026_S352_L001_R2_001.fastq.gz,1,8,28,1.4,5.7,NA,0.1566,0.2113,F-R-026,3,1,1.7,4.966666666666667,7.333333333333333,61.666666666666664,11.333333333333334,0.07,5.183333333333334,6.366666666666667,0.4166666666666667,0.1,10.1,0.6666666666666666,15.333333333333334,2.033333333333333,0.3,0.04,0.099,27.188666666666666,82.8,16.8,0.4
ITS2,F-R-027,1,Q027,ND,0Burn_W1,0,GrandFir,NA,NA,F-R-027_S364_L001_R1_001.fastq.gz,F-R-027_S364_L001_R2_001.fastq.gz,1,5,69,2.5,6.5,NA,0.3529,0.7022,F-R-027,1,0,1.3666666666666667,10.066666666666666,10,108,12,0.03666666666666667,7.8933333333333335,5.966666666666667,0.09666666666666666,0.7333333333333334,26.299999999999997,0.5333333333333333,58,1.6666666666666667,0.39999999999999997,0.043333333333333335,0.179,26.332333333333334,80.8,18.8,0.4
ITS2,F-R-028,1,Q028,ND,1Burn_W3,1,Snowbrush,NA,NA,F-R-028_S278_L001_R1_001.fastq.gz,F-R-028_S278_L001_R2_001.fastq.gz,3,0,15,1.8,3.5,0,0.4076,0.7482,F-R-028,3,1,1.7,4.966666666666667,7.333333333333333,61.666666666666664,11.333333333333334,0.07,5.183333333333334,6.366666666666667,0.4166666666666667,0.1,10.1,0.6666666666666666,15.333333333333334,2.033333333333333,0.3,0.04,0.099,27.188666666666666,82.8,16.8,0.4
ITS2,F-R-043,2,Q043,ND,1Burn_W3,1,GrandFir,NA,NA,F-R-043_S376_L001_R1_001.fastq.gz,F-R-043_S376_L001_R2_001.fastq.gz,1,4,41,1.8,4.5,NA,0.1412,0.1743,F-R-043,3,1,1.7,4.966666666666667,7.333333333333333,61.666666666666664,11.333333333333334,0.07,5.183333333333334,6.366666666666667,0.4166666666666667,0.1,10.1,0.6666666666666666,15.333333333333334,2.033333333333333,0.3,0.04,0.099,27.188666666666666,82.8,16.8,0.4
ITS2,F-R-057,3,Q057,ND,1Burn_W4,1,Snowbrush,NA,NA,F-R-057_S207_L001_R1_001.fastq.gz,F-R-057_S207_L001_R2_001.fastq.gz,1,0,22,3,6.5,0,0.5399,0.9358,F-R-057,4,1,4.166666666666667,10.433333333333334,8.333333333333334,72.33333333333333,9.666666666666666,0.05,5.976666666666667,6,0.03333333333333333,0.3333333333333333,12.2,0.7333333333333333,20.666666666666668,1.5,0.3333333333333333,0.05666666666666667,0.103,17.198333333333334,88.8,10.8,0.4
ITS2,F-R-058,3,Q058,D,3Burn_W6,3,GrandFir,NA,NA,F-R-058_S293_L001_R1_001.fastq.gz,F-R-058_S293_L001_R2_001.fastq.gz,1,4,52,1.7,6.4,NA,0.2137,0.3377,F-R-058,6,3,8.533333333333333,6.2,7.666666666666667,59.333333333333336,4.666666666666667,0.10333333333333333,5.67,5.733333333333333,0.05333333333333334,0.7333333333333334,10.233333333333334,0.7666666666666667,23,2.8666666666666667,0.4,0.04666666666666667,0.15666666666666668,21.451999999999998,90.8,8.8,0.4
ITS2,F-R-059,3,Q059,ND,1Burn_W4,1,GrandFir,NA,NA,F-R-059_S305_L001_R1_001.fastq.gz,F-R-059_S305_L001_R2_001.fastq.gz,1,7,46,2.5,7.9,NA,0.34,0.838,F-R-059,4,1,4.166666666666667,10.433333333333334,8.333333333333334,72.33333333333333,9.666666666666666,0.05,5.976666666666667,6,0.03333333333333333,0.3333333333333333,12.2,0.7333333333333333,20.666666666666668,1.5,0.3333333333333333,0.05666666666666667,0.103,17.198333333333334,88.8,10.8,0.4
ITS2,F-R-060,3,Q060,ND,Sterile,NA,GrandFir,NA,NA,F-R-060_S317_L001_R1_001.fastq.gz,F-R-060_S317_L001_R2_001.fastq.gz,1,3,54,1.5,6.5,NA,0.1755,0.1646,F-R-060,Sterile,NA,2.45,19.099999999999998,6.166666666666667,52.833333333333336,8.5,0.04,4.825,5.733333333333333,0.11,0.25,63.28333333333333,0.5333333333333333,14.833333333333334,1.55,0.30000000000000004,0.06999999999999999,0.11033333333333334,25.63533333333333,88.8,10.8,0.4
ITS2,F-R-061,3,Q061,ND,0Burn_W2,0,GrandFir,NA,NA,F-R-061_S329_L001_R1_001.fastq.gz,F-R-061_S329_L001_R2_001.fastq.gz,1,6,35,2.2,6.4,NA,0.2627,0.7386,F-R-061,2,0,1.3333333333333333,8.1,7.666666666666667,92.33333333333333,6,0.043333333333333335,6.406666666666667,6.166666666666667,0.08666666666666667,0.26666666666666666,16,0.43333333333333335,29,1.8333333333333333,0.3333333333333333,0.03666666666666667,0.16633333333333333,26.215666666666667,80.8,18.8,0.4
ITS2,F-R-062,3,Q062,ND,3Burn_W6,3,Snowbrush,NA,NA,F-R-062_S219_L001_R1_001.fastq.gz,F-R-062_S219_L001_R2_001.fastq.gz,1,0,32,4.2,6.3,198,1.8504,2.2624,F-R-062,6,3,8.533333333333333,6.2,7.666666666666667,59.333333333333336,4.666666666666667,0.10333333333333333,5.67,5.733333333333333,0.05333333333333334,0.7333333333333334,10.233333333333334,0.7666666666666667,23,2.8666666666666667,0.4,0.04666666666666667,0.15666666666666668,21.451999999999998,90.8,8.8,0.4
ITS2,F-R-063,3,Q063,ND,3Burn_W6,3,GrandFir,NA,NA,F-R-063_S341_L001_R1_001.fastq.gz,F-R-063_S341_L001_R2_001.fastq.gz,1,5,46,2.1,4.1,NA,0.1622,0.3943,F-R-063,6,3,8.533333333333333,6.2,7.666666666666667,59.333333333333336,4.666666666666667,0.10333333333333333,5.67,5.733333333333333,0.05333333333333334,0.7333333333333334,10.233333333333334,0.7666666666666667,23,2.8666666666666667,0.4,0.04666666666666667,0.15666666666666668,21.451999999999998,90.8,8.8,0.4
ITS2,F-R-064,3,Q064,D,0Burn_W2,0,GrandFir,NA,NA,F-R-064_S353_L001_R1_001.fastq.gz,F-R-064_S353_L001_R2_001.fastq.gz,2,5,55,2.2,6.5,NA,0.2704,0.6444,F-R-064,2,0,1.3333333333333333,8.1,7.666666666666667,92.33333333333333,6,0.043333333333333335,6.406666666666667,6.166666666666667,0.08666666666666667,0.26666666666666666,16,0.43333333333333335,29,1.8333333333333333,0.3333333333333333,0.03666666666666667,0.16633333333333333,26.215666666666667,80.8,18.8,0.4
ITS2,F-R-065,3,Q065,ND,Sterile,NA,Snowbrush,NA,NA,F-R-065_S231_L001_R1_001.fastq.gz,F-R-065_S231_L001_R2_001.fastq.gz,1,0,30,3,5.4,0,0.5346,0.6725,F-R-065,Sterile,NA,2.45,19.099999999999998,6.166666666666667,52.833333333333336,8.5,0.04,4.825,5.733333333333333,0.11,0.25,63.28333333333333,0.5333333333333333,14.833333333333334,1.55,0.30000000000000004,0.06999999999999999,0.11033333333333334,25.63533333333333,88.8,10.8,0.4
ITS2,F-R-066,3,Q066,ND,3Burn_W5,3,GrandFir,NA,NA,F-R-066_S365_L001_R1_001.fastq.gz,F-R-066_S365_L001_R2_001.fastq.gz,1,7,45,2.2,7.4,NA,0.3042,0.7542,F-R-066,5,3,14.533333333333333,7.166666666666667,7,82,4.333333333333333,0.15333333333333335,7.073333333333333,6.3,0.11333333333333333,0.8666666666666667,15.566666666666666,0.8333333333333334,23,4.966666666666667,0.5666666666666667,0.05,0.23933333333333334,17.466333333333335,86.8,10.8,2.4
ITS2,F-R-067,3,Q067,ND,0Burn_W2,0,Snowbrush,NA,NA,F-R-067_S243_L001_R1_001.fastq.gz,F-R-067_S243_L001_R2_001.fastq.gz,1,0,30,3,5.8,0,0.6167,1.5528,F-R-067,2,0,1.3333333333333333,8.1,7.666666666666667,92.33333333333333,6,0.043333333333333335,6.406666666666667,6.166666666666667,0.08666666666666667,0.26666666666666666,16,0.43333333333333335,29,1.8333333333333333,0.3333333333333333,0.03666666666666667,0.16633333333333333,26.215666666666667,80.8,18.8,0.4
ITS2,F-R-068,3,Q068,D,3Burn_W6,3,Snowbrush,NA,NA,F-R-068_S255_L001_R1_001.fastq.gz,F-R-068_S255_L001_R2_001.fastq.gz,6,0,16,2.1,5.4,29,0.404,0.635,F-R-068,6,3,8.533333333333333,6.2,7.666666666666667,59.333333333333336,4.666666666666667,0.10333333333333333,5.67,5.733333333333333,0.05333333333333334,0.7333333333333334,10.233333333333334,0.7666666666666667,23,2.8666666666666667,0.4,0.04666666666666667,0.15666666666666668,21.451999999999998,90.8,8.8,0.4
ITS2,F-R-069,3,Q069,D,1Burn_W4,1,Snowbrush,NA,NA,F-R-069_S267_L001_R1_001.fastq.gz,F-R-069_S267_L001_R2_001.fastq.gz,6,0,25,2,5.6,0,0.304,0.5993,F-R-069,4,1,4.166666666666667,10.433333333333334,8.333333333333334,72.33333333333333,9.666666666666666,0.05,5.976666666666667,6,0.03333333333333333,0.3333333333333333,12.2,0.7333333333333333,20.666666666666668,1.5,0.3333333333333333,0.05666666666666667,0.103,17.198333333333334,88.8,10.8,0.4
ITS2,F-R-070,3,Q070,ND,1Burn_W3,1,Snowbrush,NA,NA,F-R-070_S279_L001_R1_001.fastq.gz,F-R-070_S279_L001_R2_001.fastq.gz,1,0,28,2.8,5,0,0.5647,0.851,F-R-070,3,1,1.7,4.966666666666667,7.333333333333333,61.666666666666664,11.333333333333334,0.07,5.183333333333334,6.366666666666667,0.4166666666666667,0.1,10.1,0.6666666666666666,15.333333333333334,2.033333333333333,0.3,0.04,0.099,27.188666666666666,82.8,16.8,0.4
ITS2,F-R-071,3,Q071,ND,0Burn_W1,0,GrandFir,NA,NA,F-R-071_S377_L001_R1_001.fastq.gz,F-R-071_S377_L001_R2_001.fastq.gz,1,6,34,1.9,5.6,NA,0.1564,0.4984,F-R-071,1,0,1.3666666666666667,10.066666666666666,10,108,12,0.03666666666666667,7.8933333333333335,5.966666666666667,0.09666666666666666,0.7333333333333334,26.299999999999997,0.5333333333333333,58,1.6666666666666667,0.39999999999999997,0.043333333333333335,0.179,26.332333333333334,80.8,18.8,0.4
ITS2,F-R-072,3,Q072,D,3Burn_W5,3,Snowbrush,NA,NA,F-R-072_S196_L001_R1_001.fastq.gz,F-R-072_S196_L001_R2_001.fastq.gz,6,0,23,2.8,4,8,0.6463,1.1985,F-R-072,5,3,14.533333333333333,7.166666666666667,7,82,4.333333333333333,0.15333333333333335,7.073333333333333,6.3,0.11333333333333333,0.8666666666666667,15.566666666666666,0.8333333333333334,23,4.966666666666667,0.5666666666666667,0.05,0.23933333333333334,17.466333333333335,86.8,10.8,2.4
ITS2,F-R-073,3,Q073,D,0Burn_W1,0,GrandFir,NA,NA,F-R-073_S294_L001_R1_001.fastq.gz,F-R-073_S294_L001_R2_001.fastq.gz,1,6,34,1.9,5.6,NA,0.115,0.2894,F-R-073,1,0,1.3666666666666667,10.066666666666666,10,108,12,0.03666666666666667,7.8933333333333335,5.966666666666667,0.09666666666666666,0.7333333333333334,26.299999999999997,0.5333333333333333,58,1.6666666666666667,0.39999999999999997,0.043333333333333335,0.179,26.332333333333334,80.8,18.8,0.4
ITS2,F-R-074,3,Q074,D,Sterile,NA,GrandFir,NA,NA,F-R-074_S306_L001_R1_001.fastq.gz,F-R-074_S306_L001_R2_001.fastq.gz,4,1,9,0.9,4.5,NA,0.0986,0.1795,F-R-074,Sterile,NA,2.45,19.099999999999998,6.166666666666667,52.833333333333336,8.5,0.04,4.825,5.733333333333333,0.11,0.25,63.28333333333333,0.5333333333333333,14.833333333333334,1.55,0.30000000000000004,0.06999999999999999,0.11033333333333334,25.63533333333333,88.8,10.8,0.4
ITS2,F-R-075,3,Q075,D,1Burn_W4,1,GrandFir,NA,NA,F-R-075_S318_L001_R1_001.fastq.gz,F-R-075_S318_L001_R2_001.fastq.gz,1,5,63,2.7,7,NA,0.3323,0.6669,F-R-075,4,1,4.166666666666667,10.433333333333334,8.333333333333334,72.33333333333333,9.666666666666666,0.05,5.976666666666667,6,0.03333333333333333,0.3333333333333333,12.2,0.7333333333333333,20.666666666666668,1.5,0.3333333333333333,0.05666666666666667,0.103,17.198333333333334,88.8,10.8,0.4
ITS2,F-R-076,3,Q076,D,3Burn_W5,3,GrandFir,NA,NA,F-R-076_S330_L001_R1_001.fastq.gz,F-R-076_S330_L001_R2_001.fastq.gz,1,3,35,2.1,5.7,NA,0.1451,0.3965,F-R-076,5,3,14.533333333333333,7.166666666666667,7,82,4.333333333333333,0.15333333333333335,7.073333333333333,6.3,0.11333333333333333,0.8666666666666667,15.566666666666666,0.8333333333333334,23,4.966666666666667,0.5666666666666667,0.05,0.23933333333333334,17.466333333333335,86.8,10.8,2.4
ITS2,F-R-077,3,Q077,D,1Burn_W3,1,GrandFir,NA,NA,F-R-077_S342_L001_R1_001.fastq.gz,F-R-077_S342_L001_R2_001.fastq.gz,1,2,24,1.1,5.4,NA,0.0706,0.1436,F-R-077,3,1,1.7,4.966666666666667,7.333333333333333,61.666666666666664,11.333333333333334,0.07,5.183333333333334,6.366666666666667,0.4166666666666667,0.1,10.1,0.6666666666666666,15.333333333333334,2.033333333333333,0.3,0.04,0.099,27.188666666666666,82.8,16.8,0.4
ITS2,F-R-078,3,Q078,ND,0Burn_W1,0,Snowbrush,NA,NA,F-R-078_S208_L001_R1_001.fastq.gz,F-R-078_S208_L001_R2_001.fastq.gz,1,0,29,2.6,6.1,1,0.4599,0.6816,F-R-078,1,0,1.3666666666666667,10.066666666666666,10,108,12,0.03666666666666667,7.8933333333333335,5.966666666666667,0.09666666666666666,0.7333333333333334,26.299999999999997,0.5333333333333333,58,1.6666666666666667,0.39999999999999997,0.043333333333333335,0.179,26.332333333333334,80.8,18.8,0.4
ITS2,F-R-079,3,Q079,D,Sterile,NA,Snowbrush,NA,NA,F-R-079_S220_L001_R1_001.fastq.gz,F-R-079_S220_L001_R2_001.fastq.gz,6,0,14,3.1,4.8,0,0.2859,0.6166,F-R-079,Sterile,NA,2.45,19.099999999999998,6.166666666666667,52.833333333333336,8.5,0.04,4.825,5.733333333333333,0.11,0.25,63.28333333333333,0.5333333333333333,14.833333333333334,1.55,0.30000000000000004,0.06999999999999999,0.11033333333333334,25.63533333333333,88.8,10.8,0.4
ITS2,F-R-080,3,Q080,D,1Burn_W3,1,Snowbrush,NA,NA,F-R-080_S232_L001_R1_001.fastq.gz,F-R-080_S232_L001_R2_001.fastq.gz,1,0,6,1.4,3.6,0,0.0846,0.1665,F-R-080,3,1,1.7,4.966666666666667,7.333333333333333,61.666666666666664,11.333333333333334,0.07,5.183333333333334,6.366666666666667,0.4166666666666667,0.1,10.1,0.6666666666666666,15.333333333333334,2.033333333333333,0.3,0.04,0.099,27.188666666666666,82.8,16.8,0.4
ITS2,F-R-081,3,Q081,D,0Burn_W2,0,Snowbrush,NA,NA,F-R-081_S244_L001_R1_001.fastq.gz,F-R-081_S244_L001_R2_001.fastq.gz,6,0,16,2.1,4.4,0,0.2902,0.7278,F-R-081,2,0,1.3333333333333333,8.1,7.666666666666667,92.33333333333333,6,0.043333333333333335,6.406666666666667,6.166666666666667,0.08666666666666667,0.26666666666666666,16,0.43333333333333335,29,1.8333333333333333,0.3333333333333333,0.03666666666666667,0.16633333333333333,26.215666666666667,80.8,18.8,0.4
ITS2,F-R-082,3,Q082,ND,1Burn_W3,1,GrandFir,NA,NA,F-R-082_S354_L001_R1_001.fastq.gz,F-R-082_S354_L001_R2_001.fastq.gz,1,3,20,0.9,4.3,NA,0.0481,0.0673,F-R-082,3,1,1.7,4.966666666666667,7.333333333333333,61.666666666666664,11.333333333333334,0.07,5.183333333333334,6.366666666666667,0.4166666666666667,0.1,10.1,0.6666666666666666,15.333333333333334,2.033333333333333,0.3,0.04,0.099,27.188666666666666,82.8,16.8,0.4
ITS2,F-R-083,3,Q083,ND,3Burn_W5,3,Snowbrush,NA,NA,F-R-083_S256_L001_R1_001.fastq.gz,F-R-083_S256_L001_R2_001.fastq.gz,1,0,27,2.7,6.1,46,0.642,1.012,F-R-083,5,3,14.533333333333333,7.166666666666667,7,82,4.333333333333333,0.15333333333333335,7.073333333333333,6.3,0.11333333333333333,0.8666666666666667,15.566666666666666,0.8333333333333334,23,4.966666666666667,0.5666666666666667,0.05,0.23933333333333334,17.466333333333335,86.8,10.8,2.4
ITS2,F-R-084,3,Q084,D,0Burn_W1,0,Snowbrush,NA,NA,F-R-084_S268_L001_R1_001.fastq.gz,F-R-084_S268_L001_R2_001.fastq.gz,6,0,18,2,4.4,1,0.1962,0.3318,F-R-084,1,0,1.3666666666666667,10.066666666666666,10,108,12,0.03666666666666667,7.8933333333333335,5.966666666666667,0.09666666666666666,0.7333333333333334,26.299999999999997,0.5333333333333333,58,1.6666666666666667,0.39999999999999997,0.043333333333333335,0.179,26.332333333333334,80.8,18.8,0.4
ITS2,F-R-141,6,Q141,D,0Burn_W2,0,Snowbrush,NA,NA,F-R-141_S280_L001_R1_001.fastq.gz,F-R-141_S280_L001_R2_001.fastq.gz,6,0,24,2.6,4.7,2,0.534,0.794,F-R-141,2,0,1.3333333333333333,8.1,7.666666666666667,92.33333333333333,6,0.043333333333333335,6.406666666666667,6.166666666666667,0.08666666666666667,0.26666666666666666,16,0.43333333333333335,29,1.8333333333333333,0.3333333333333333,0.03666666666666667,0.16633333333333333,26.215666666666667,80.8,18.8,0.4
ITS2,F-R-142,6,Q142,D,Sterile,NA,Snowbrush,NA,NA,F-R-142_S197_L001_R1_001.fastq.gz,F-R-142_S197_L001_R2_001.fastq.gz,6,0,9,2,5,0,0.1799,0.207,F-R-142,Sterile,NA,2.45,19.099999999999998,6.166666666666667,52.833333333333336,8.5,0.04,4.825,5.733333333333333,0.11,0.25,63.28333333333333,0.5333333333333333,14.833333333333334,1.55,0.30000000000000004,0.06999999999999999,0.11033333333333334,25.63533333333333,88.8,10.8,0.4
ITS2,F-R-143,6,Q143,D,3Burn_W6,3,GrandFir,NA,NA,F-R-143_S366_L001_R1_001.fastq.gz,F-R-143_S366_L001_R2_001.fastq.gz,1,7,25,2.1,5.3,NA,0.1613,0.2743,F-R-143,6,3,8.533333333333333,6.2,7.666666666666667,59.333333333333336,4.666666666666667,0.10333333333333333,5.67,5.733333333333333,0.05333333333333334,0.7333333333333334,10.233333333333334,0.7666666666666667,23,2.8666666666666667,0.4,0.04666666666666667,0.15666666666666668,21.451999999999998,90.8,8.8,0.4
ITS2,F-R-144,6,Q144,ND,Sterile,NA,GrandFir,NA,NA,F-R-144_S378_L001_R1_001.fastq.gz,F-R-144_S378_L001_R2_001.fastq.gz,1,1,24,1.1,4.4,NA,0.0772,0.1661,F-R-144,Sterile,NA,2.45,19.099999999999998,6.166666666666667,52.833333333333336,8.5,0.04,4.825,5.733333333333333,0.11,0.25,63.28333333333333,0.5333333333333333,14.833333333333334,1.55,0.30000000000000004,0.06999999999999999,0.11033333333333334,25.63533333333333,88.8,10.8,0.4
ITS2,F-R-145,6,Q145,D,0Burn_W1,0,GrandFir,NA,NA,F-R-145_S295_L001_R1_001.fastq.gz,F-R-145_S295_L001_R2_001.fastq.gz,1,3,35,2.1,5.8,NA,0.1072,0.1789,F-R-145,1,0,1.3666666666666667,10.066666666666666,10,108,12,0.03666666666666667,7.8933333333333335,5.966666666666667,0.09666666666666666,0.7333333333333334,26.299999999999997,0.5333333333333333,58,1.6666666666666667,0.39999999999999997,0.043333333333333335,0.179,26.332333333333334,80.8,18.8,0.4
ITS2,F-R-146,6,Q146,D,3Burn_W5,3,Snowbrush,NA,NA,F-R-146_S209_L001_R1_001.fastq.gz,F-R-146_S209_L001_R2_001.fastq.gz,6,0,17,1.8,4,7,0.2205,0.4832,F-R-146,5,3,14.533333333333333,7.166666666666667,7,82,4.333333333333333,0.15333333333333335,7.073333333333333,6.3,0.11333333333333333,0.8666666666666667,15.566666666666666,0.8333333333333334,23,4.966666666666667,0.5666666666666667,0.05,0.23933333333333334,17.466333333333335,86.8,10.8,2.4
ITS2,F-R-147,6,Q147,ND,1Burn_W4,1,Snowbrush,NA,NA,F-R-147_S221_L001_R1_001.fastq.gz,F-R-147_S221_L001_R2_001.fastq.gz,1,0,33,3,8.2,0,1.149,3.2471,F-R-147,4,1,4.166666666666667,10.433333333333334,8.333333333333334,72.33333333333333,9.666666666666666,0.05,5.976666666666667,6,0.03333333333333333,0.3333333333333333,12.2,0.7333333333333333,20.666666666666668,1.5,0.3333333333333333,0.05666666666666667,0.103,17.198333333333334,88.8,10.8,0.4
ITS2,F-R-148,6,Q148,ND,1Burn_W4,1,GrandFir,NA,NA,F-R-148_S307_L001_R1_001.fastq.gz,F-R-148_S307_L001_R2_001.fastq.gz,1,4,87,2.4,7.8,NA,0.324,0.8101,F-R-148,4,1,4.166666666666667,10.433333333333334,8.333333333333334,72.33333333333333,9.666666666666666,0.05,5.976666666666667,6,0.03333333333333333,0.3333333333333333,12.2,0.7333333333333333,20.666666666666668,1.5,0.3333333333333333,0.05666666666666667,0.103,17.198333333333334,88.8,10.8,0.4
ITS2,F-R-149,6,Q149,ND,3Burn_W5,3,GrandFir,NA,NA,F-R-149_S319_L001_R1_001.fastq.gz,F-R-149_S319_L001_R2_001.fastq.gz,1,8,61,1.7,6.5,NA,0.2849,0.3496,F-R-149,5,3,14.533333333333333,7.166666666666667,7,82,4.333333333333333,0.15333333333333335,7.073333333333333,6.3,0.11333333333333333,0.8666666666666667,15.566666666666666,0.8333333333333334,23,4.966666666666667,0.5666666666666667,0.05,0.23933333333333334,17.466333333333335,86.8,10.8,2.4
ITS2,F-R-150,6,Q150,ND,3Burn_W6,3,Snowbrush,NA,NA,F-R-150_S233_L001_R1_001.fastq.gz,F-R-150_S233_L001_R2_001.fastq.gz,1,0,16,1.5,4.5,17,0.2161,0.2944,F-R-150,6,3,8.533333333333333,6.2,7.666666666666667,59.333333333333336,4.666666666666667,0.10333333333333333,5.67,5.733333333333333,0.05333333333333334,0.7333333333333334,10.233333333333334,0.7666666666666667,23,2.8666666666666667,0.4,0.04666666666666667,0.15666666666666668,21.451999999999998,90.8,8.8,0.4
ITS2,F-R-151,6,Q151,ND,3Burn_W6,3,GrandFir,NA,NA,F-R-151_S331_L001_R1_001.fastq.gz,F-R-151_S331_L001_R2_001.fastq.gz,1,4,60,1.2,5.7,NA,0.1898,0.2291,F-R-151,6,3,8.533333333333333,6.2,7.666666666666667,59.333333333333336,4.666666666666667,0.10333333333333333,5.67,5.733333333333333,0.05333333333333334,0.7333333333333334,10.233333333333334,0.7666666666666667,23,2.8666666666666667,0.4,0.04666666666666667,0.15666666666666668,21.451999999999998,90.8,8.8,0.4
ITS2,F-R-152,6,Q152,D,Sterile,NA,GrandFir,NA,NA,F-R-152_S343_L001_R1_001.fastq.gz,F-R-152_S343_L001_R2_001.fastq.gz,1,4,31,2.2,5.5,NA,0.1317,0.1839,F-R-152,Sterile,NA,2.45,19.099999999999998,6.166666666666667,52.833333333333336,8.5,0.04,4.825,5.733333333333333,0.11,0.25,63.28333333333333,0.5333333333333333,14.833333333333334,1.55,0.30000000000000004,0.06999999999999999,0.11033333333333334,25.63533333333333,88.8,10.8,0.4
ITS2,F-R-153,6,Q153,ND,0Burn_W1,0,Snowbrush,NA,NA,F-R-153_S245_L001_R1_001.fastq.gz,F-R-153_S245_L001_R2_001.fastq.gz,1,0,17,3.1,5,2,0.4904,1.4133,F-R-153,1,0,1.3666666666666667,10.066666666666666,10,108,12,0.03666666666666667,7.8933333333333335,5.966666666666667,0.09666666666666666,0.7333333333333334,26.299999999999997,0.5333333333333333,58,1.6666666666666667,0.39999999999999997,0.043333333333333335,0.179,26.332333333333334,80.8,18.8,0.4
ITS2,F-R-154,6,Q154,D,1Burn_W3,1,GrandFir,NA,NA,F-R-154_S355_L001_R1_001.fastq.gz,F-R-154_S355_L001_R2_001.fastq.gz,2,2,14,0.7,4.7,NA,0.0529,0.1469,F-R-154,3,1,1.7,4.966666666666667,7.333333333333333,61.666666666666664,11.333333333333334,0.07,5.183333333333334,6.366666666666667,0.4166666666666667,0.1,10.1,0.6666666666666666,15.333333333333334,2.033333333333333,0.3,0.04,0.099,27.188666666666666,82.8,16.8,0.4
ITS2,F-R-155,6,Q155,D,3Burn_W6,3,Snowbrush,NA,NA,F-R-155_S257_L001_R1_001.fastq.gz,F-R-155_S257_L001_R2_001.fastq.gz,5,0,17,3.4,5.2,9,0.4765,0.5283,F-R-155,6,3,8.533333333333333,6.2,7.666666666666667,59.333333333333336,4.666666666666667,0.10333333333333333,5.67,5.733333333333333,0.05333333333333334,0.7333333333333334,10.233333333333334,0.7666666666666667,23,2.8666666666666667,0.4,0.04666666666666667,0.15666666666666668,21.451999999999998,90.8,8.8,0.4
ITS2,F-R-156,6,Q156,ND,0Burn_W2,0,GrandFir,NA,NA,F-R-156_S367_L001_R1_001.fastq.gz,F-R-156_S367_L001_R2_001.fastq.gz,1,4,29,1.8,5.9,NA,0.1,0.2247,F-R-156,2,0,1.3333333333333333,8.1,7.666666666666667,92.33333333333333,6,0.043333333333333335,6.406666666666667,6.166666666666667,0.08666666666666667,0.26666666666666666,16,0.43333333333333335,29,1.8333333333333333,0.3333333333333333,0.03666666666666667,0.16633333333333333,26.215666666666667,80.8,18.8,0.4
ITS2,F-R-157,6,Q157,ND,0Burn_W2,0,Snowbrush,NA,NA,F-R-157_S269_L001_R1_001.fastq.gz,F-R-157_S269_L001_R2_001.fastq.gz,1,0,34,2.6,6,6,0.8851,1.2181,F-R-157,2,0,1.3333333333333333,8.1,7.666666666666667,92.33333333333333,6,0.043333333333333335,6.406666666666667,6.166666666666667,0.08666666666666667,0.26666666666666666,16,0.43333333333333335,29,1.8333333333333333,0.3333333333333333,0.03666666666666667,0.16633333333333333,26.215666666666667,80.8,18.8,0.4
ITS2,F-R-158,6,Q158,D,1Burn_W3,1,Snowbrush,NA,NA,F-R-158_S281_L001_R1_001.fastq.gz,F-R-158_S281_L001_R2_001.fastq.gz,1,0,4,1.1,3.9,0,0.0511,NA,F-R-158,3,1,1.7,4.966666666666667,7.333333333333333,61.666666666666664,11.333333333333334,0.07,5.183333333333334,6.366666666666667,0.4166666666666667,0.1,10.1,0.6666666666666666,15.333333333333334,2.033333333333333,0.3,0.04,0.099,27.188666666666666,82.8,16.8,0.4
ITS2,F-R-159,6,Q159,ND,0Burn_W1,0,GrandFir,NA,NA,F-R-159_S379_L001_R1_001.fastq.gz,F-R-159_S379_L001_R2_001.fastq.gz,1,4,23,1.7,5.8,NA,0.1112,0.3041,F-R-159,1,0,1.3666666666666667,10.066666666666666,10,108,12,0.03666666666666667,7.8933333333333335,5.966666666666667,0.09666666666666666,0.7333333333333334,26.299999999999997,0.5333333333333333,58,1.6666666666666667,0.39999999999999997,0.043333333333333335,0.179,26.332333333333334,80.8,18.8,0.4
ITS2,F-R-160,6,Q160,D,3Burn_W5,3,GrandFir,NA,NA,F-R-160_S296_L001_R1_001.fastq.gz,F-R-160_S296_L001_R2_001.fastq.gz,2,10,38,2.2,7.2,NA,0.2694,0.2617,F-R-160,5,3,14.533333333333333,7.166666666666667,7,82,4.333333333333333,0.15333333333333335,7.073333333333333,6.3,0.11333333333333333,0.8666666666666667,15.566666666666666,0.8333333333333334,23,4.966666666666667,0.5666666666666667,0.05,0.23933333333333334,17.466333333333335,86.8,10.8,2.4
ITS2,F-R-161,6,Q161,ND,1Burn_W3,1,GrandFir,NA,NA,F-R-161_S308_L001_R1_001.fastq.gz,F-R-161_S308_L001_R2_001.fastq.gz,1,2,14,1.4,4.5,NA,0.0455,0.1054,F-R-161,3,1,1.7,4.966666666666667,7.333333333333333,61.666666666666664,11.333333333333334,0.07,5.183333333333334,6.366666666666667,0.4166666666666667,0.1,10.1,0.6666666666666666,15.333333333333334,2.033333333333333,0.3,0.04,0.099,27.188666666666666,82.8,16.8,0.4
ITS2,F-R-162,6,Q162,ND,3Burn_W5,3,Snowbrush,NA,NA,F-R-162_S198_L001_R1_001.fastq.gz,F-R-162_S198_L001_R2_001.fastq.gz,1,0,27,3.2,9.4,35,1.1376,0.8776,F-R-162,5,3,14.533333333333333,7.166666666666667,7,82,4.333333333333333,0.15333333333333335,7.073333333333333,6.3,0.11333333333333333,0.8666666666666667,15.566666666666666,0.8333333333333334,23,4.966666666666667,0.5666666666666667,0.05,0.23933333333333334,17.466333333333335,86.8,10.8,2.4
ITS2,F-R-163,6,Q163,D,0Burn_W1,0,Snowbrush,NA,NA,F-R-163_S210_L001_R1_001.fastq.gz,F-R-163_S210_L001_R2_001.fastq.gz,6,0,11,2.2,5.4,0,0.1939,0.3131,F-R-163,1,0,1.3666666666666667,10.066666666666666,10,108,12,0.03666666666666667,7.8933333333333335,5.966666666666667,0.09666666666666666,0.7333333333333334,26.299999999999997,0.5333333333333333,58,1.6666666666666667,0.39999999999999997,0.043333333333333335,0.179,26.332333333333334,80.8,18.8,0.4
ITS2,F-R-164,6,Q164,ND,Sterile,NA,Snowbrush,NA,NA,F-R-164_S222_L001_R1_001.fastq.gz,F-R-164_S222_L001_R2_001.fastq.gz,1,0,9,1.6,3.9,0,0.1752,0.2053,F-R-164,Sterile,NA,2.45,19.099999999999998,6.166666666666667,52.833333333333336,8.5,0.04,4.825,5.733333333333333,0.11,0.25,63.28333333333333,0.5333333333333333,14.833333333333334,1.55,0.30000000000000004,0.06999999999999999,0.11033333333333334,25.63533333333333,88.8,10.8,0.4
ITS2,F-R-165,6,Q165,D,1Burn_W4,1,Snowbrush,NA,NA,F-R-165_S234_L001_R1_001.fastq.gz,F-R-165_S234_L001_R2_001.fastq.gz,6,0,21,2.1,3.6,1,0.3673,0.7657,F-R-165,4,1,4.166666666666667,10.433333333333334,8.333333333333334,72.33333333333333,9.666666666666666,0.05,5.976666666666667,6,0.03333333333333333,0.3333333333333333,12.2,0.7333333333333333,20.666666666666668,1.5,0.3333333333333333,0.05666666666666667,0.103,17.198333333333334,88.8,10.8,0.4
ITS2,F-R-166,6,Q166,D,0Burn_W2,0,GrandFir,NA,NA,F-R-166_S320_L001_R1_001.fastq.gz,F-R-166_S320_L001_R2_001.fastq.gz,1,7,31,1.7,4.7,NA,0.206,0.4899,F-R-166,2,0,1.3333333333333333,8.1,7.666666666666667,92.33333333333333,6,0.043333333333333335,6.406666666666667,6.166666666666667,0.08666666666666667,0.26666666666666666,16,0.43333333333333335,29,1.8333333333333333,0.3333333333333333,0.03666666666666667,0.16633333333333333,26.215666666666667,80.8,18.8,0.4
ITS2,F-R-167,6,Q167,ND,1Burn_W3,1,Snowbrush,NA,NA,F-R-167_S246_L001_R1_001.fastq.gz,F-R-167_S246_L001_R2_001.fastq.gz,1,0,9,2.5,3.1,0,0.1447,0.1777,F-R-167,3,1,1.7,4.966666666666667,7.333333333333333,61.666666666666664,11.333333333333334,0.07,5.183333333333334,6.366666666666667,0.4166666666666667,0.1,10.1,0.6666666666666666,15.333333333333334,2.033333333333333,0.3,0.04,0.099,27.188666666666666,82.8,16.8,0.4
ITS2,F-R-168,6,Q168,D,1Burn_W4,1,GrandFir,NA,NA,F-R-168_S332_L001_R1_001.fastq.gz,F-R-168_S332_L001_R2_001.fastq.gz,2,4,58,2,6.5,NA,0.3275,0.6929,F-R-168,4,1,4.166666666666667,10.433333333333334,8.333333333333334,72.33333333333333,9.666666666666666,0.05,5.976666666666667,6,0.03333333333333333,0.3333333333333333,12.2,0.7333333333333333,20.666666666666668,1.5,0.3333333333333333,0.05666666666666667,0.103,17.198333333333334,88.8,10.8,0.4
ITS2,F-R-197,8,Q197,D,Sterile,NA,Snowbrush,NA,NA,F-R-197_S258_L001_R1_001.fastq.gz,F-R-197_S258_L001_R2_001.fastq.gz,6,0,5,0.8,2.8,0,0.2063,NA,F-R-197,Sterile,NA,2.45,19.099999999999998,6.166666666666667,52.833333333333336,8.5,0.04,4.825,5.733333333333333,0.11,0.25,63.28333333333333,0.5333333333333333,14.833333333333334,1.55,0.30000000000000004,0.06999999999999999,0.11033333333333334,25.63533333333333,88.8,10.8,0.4
ITS2,F-R-198,8,Q198,ND,0Burn_W1,0,GrandFir,NA,NA,F-R-198_S344_L001_R1_001.fastq.gz,F-R-198_S344_L001_R2_001.fastq.gz,1,3,17,1,4.6,NA,0.2196,NA,F-R-198,1,0,1.3666666666666667,10.066666666666666,10,108,12,0.03666666666666667,7.8933333333333335,5.966666666666667,0.09666666666666666,0.7333333333333334,26.299999999999997,0.5333333333333333,58,1.6666666666666667,0.39999999999999997,0.043333333333333335,0.179,26.332333333333334,80.8,18.8,0.4
ITS2,F-R-199,8,Q199,D,0Burn_W1,0,GrandFir,NA,NA,F-R-199_S356_L001_R1_001.fastq.gz,F-R-199_S356_L001_R2_001.fastq.gz,1,4,57,1.6,5.6,NA,0.3255,0.5877,F-R-199,1,0,1.3666666666666667,10.066666666666666,10,108,12,0.03666666666666667,7.8933333333333335,5.966666666666667,0.09666666666666666,0.7333333333333334,26.299999999999997,0.5333333333333333,58,1.6666666666666667,0.39999999999999997,0.043333333333333335,0.179,26.332333333333334,80.8,18.8,0.4
ITS2,F-R-200,8,Q200,ND,0Burn_W2,0,GrandFir,NA,NA,F-R-200_S368_L001_R1_001.fastq.gz,F-R-200_S368_L001_R2_001.fastq.gz,1,5,36,2.4,6.6,NA,0.4149,0.6459,F-R-200,2,0,1.3333333333333333,8.1,7.666666666666667,92.33333333333333,6,0.043333333333333335,6.406666666666667,6.166666666666667,0.08666666666666667,0.26666666666666666,16,0.43333333333333335,29,1.8333333333333333,0.3333333333333333,0.03666666666666667,0.16633333333333333,26.215666666666667,80.8,18.8,0.4
ITS2,F-R-201,8,Q201,ND,0Burn_W1,0,Snowbrush,NA,NA,F-R-201_S270_L001_R1_001.fastq.gz,F-R-201_S270_L001_R2_001.fastq.gz,1,0,20,2.3,5.4,0,0.5148,0.8102,F-R-201,1,0,1.3666666666666667,10.066666666666666,10,108,12,0.03666666666666667,7.8933333333333335,5.966666666666667,0.09666666666666666,0.7333333333333334,26.299999999999997,0.5333333333333333,58,1.6666666666666667,0.39999999999999997,0.043333333333333335,0.179,26.332333333333334,80.8,18.8,0.4
ITS2,F-R-202,8,Q202,D,1Burn_W3,1,GrandFir,NA,NA,F-R-202_S380_L001_R1_001.fastq.gz,F-R-202_S380_L001_R2_001.fastq.gz,1,3,16,1.1,5,NA,0.2252,NA,F-R-202,3,1,1.7,4.966666666666667,7.333333333333333,61.666666666666664,11.333333333333334,0.07,5.183333333333334,6.366666666666667,0.4166666666666667,0.1,10.1,0.6666666666666666,15.333333333333334,2.033333333333333,0.3,0.04,0.099,27.188666666666666,82.8,16.8,0.4
ITS2,F-R-203,8,Q203,D,1Burn_W3,1,Snowbrush,NA,NA,F-R-203_S282_L001_R1_001.fastq.gz,F-R-203_S282_L001_R2_001.fastq.gz,2,0,17,3,4.6,0,0.4234,0.8392,F-R-203,3,1,1.7,4.966666666666667,7.333333333333333,61.666666666666664,11.333333333333334,0.07,5.183333333333334,6.366666666666667,0.4166666666666667,0.1,10.1,0.6666666666666666,15.333333333333334,2.033333333333333,0.3,0.04,0.099,27.188666666666666,82.8,16.8,0.4
ITS2,F-R-204,8,Q204,D,0Burn_W2,0,Snowbrush,NA,NA,F-R-204_S199_L001_R1_001.fastq.gz,F-R-204_S199_L001_R2_001.fastq.gz,6,0,17,2.5,4.1,1,0.6175,1.1043,F-R-204,2,0,1.3333333333333333,8.1,7.666666666666667,92.33333333333333,6,0.043333333333333335,6.406666666666667,6.166666666666667,0.08666666666666667,0.26666666666666666,16,0.43333333333333335,29,1.8333333333333333,0.3333333333333333,0.03666666666666667,0.16633333333333333,26.215666666666667,80.8,18.8,0.4
ITS2,F-R-205,8,Q205,ND,3Burn_W6,3,GrandFir,NA,NA,F-R-205_S297_L001_R1_001.fastq.gz,F-R-205_S297_L001_R2_001.fastq.gz,1,4,29,1.5,5.5,NA,0.2876,0.4922,F-R-205,6,3,8.533333333333333,6.2,7.666666666666667,59.333333333333336,4.666666666666667,0.10333333333333333,5.67,5.733333333333333,0.05333333333333334,0.7333333333333334,10.233333333333334,0.7666666666666667,23,2.8666666666666667,0.4,0.04666666666666667,0.15666666666666668,21.451999999999998,90.8,8.8,0.4
ITS2,F-R-206,8,Q206,ND,Sterile,NA,Snowbrush,NA,NA,F-R-206_S211_L001_R1_001.fastq.gz,F-R-206_S211_L001_R2_001.fastq.gz,1,0,16,3.9,5.8,0,0.7199,1.0211,F-R-206,Sterile,NA,2.45,19.099999999999998,6.166666666666667,52.833333333333336,8.5,0.04,4.825,5.733333333333333,0.11,0.25,63.28333333333333,0.5333333333333333,14.833333333333334,1.55,0.30000000000000004,0.06999999999999999,0.11033333333333334,25.63533333333333,88.8,10.8,0.4
ITS2,F-R-207,8,Q207,D,3Burn_W6,3,Snowbrush,NA,NA,F-R-207_S223_L001_R1_001.fastq.gz,F-R-207_S223_L001_R2_001.fastq.gz,1,0,12,1.6,4.4,11,0.331,0.678,F-R-207,6,3,8.533333333333333,6.2,7.666666666666667,59.333333333333336,4.666666666666667,0.10333333333333333,5.67,5.733333333333333,0.05333333333333334,0.7333333333333334,10.233333333333334,0.7666666666666667,23,2.8666666666666667,0.4,0.04666666666666667,0.15666666666666668,21.451999999999998,90.8,8.8,0.4
ITS2,F-R-208,8,Q208,ND,3Burn_W5,3,Snowbrush,NA,NA,F-R-208_S235_L001_R1_001.fastq.gz,F-R-208_S235_L001_R2_001.fastq.gz,1,0,16,2.5,4.4,0,0.6729,1.4045,F-R-208,5,3,14.533333333333333,7.166666666666667,7,82,4.333333333333333,0.15333333333333335,7.073333333333333,6.3,0.11333333333333333,0.8666666666666667,15.566666666666666,0.8333333333333334,23,4.966666666666667,0.5666666666666667,0.05,0.23933333333333334,17.466333333333335,86.8,10.8,2.4
ITS2,F-R-209,8,Q209,ND,1Burn_W4,1,Snowbrush,NA,NA,F-R-209_S247_L001_R1_001.fastq.gz,F-R-209_S247_L001_R2_001.fastq.gz,1,0,19,2.4,4,0,0.5629,0.9969,F-R-209,4,1,4.166666666666667,10.433333333333334,8.333333333333334,72.33333333333333,9.666666666666666,0.05,5.976666666666667,6,0.03333333333333333,0.3333333333333333,12.2,0.7333333333333333,20.666666666666668,1.5,0.3333333333333333,0.05666666666666667,0.103,17.198333333333334,88.8,10.8,0.4
ITS2,F-R-210,8,Q210,D,0Burn_W1,0,Snowbrush,NA,NA,F-R-210_S259_L001_R1_001.fastq.gz,F-R-210_S259_L001_R2_001.fastq.gz,6,0,11,2,5,1,0.4122,0.4951,F-R-210,1,0,1.3666666666666667,10.066666666666666,10,108,12,0.03666666666666667,7.8933333333333335,5.966666666666667,0.09666666666666666,0.7333333333333334,26.299999999999997,0.5333333333333333,58,1.6666666666666667,0.39999999999999997,0.043333333333333335,0.179,26.332333333333334,80.8,18.8,0.4
ITS2,F-R-211,8,Q211,ND,1Burn_W3,1,Snowbrush,NA,NA,F-R-211_S271_L001_R1_001.fastq.gz,F-R-211_S271_L001_R2_001.fastq.gz,1,0,17,3,5,0,0.2938,0.5697,F-R-211,3,1,1.7,4.966666666666667,7.333333333333333,61.666666666666664,11.333333333333334,0.07,5.183333333333334,6.366666666666667,0.4166666666666667,0.1,10.1,0.6666666666666666,15.333333333333334,2.033333333333333,0.3,0.04,0.099,27.188666666666666,82.8,16.8,0.4
ITS2,F-R-212,8,Q212,D,3Burn_W6,3,GrandFir,NA,NA,F-R-212_S309_L001_R1_001.fastq.gz,F-R-212_S309_L001_R2_001.fastq.gz,1,6,52,2.1,5.9,NA,0.1664,0.2558,F-R-212,6,3,8.533333333333333,6.2,7.666666666666667,59.333333333333336,4.666666666666667,0.10333333333333333,5.67,5.733333333333333,0.05333333333333334,0.7333333333333334,10.233333333333334,0.7666666666666667,23,2.8666666666666667,0.4,0.04666666666666667,0.15666666666666668,21.451999999999998,90.8,8.8,0.4
ITS2,F-R-213,8,Q213,ND,3Burn_W5,3,GrandFir,NA,NA,F-R-213_S321_L001_R1_001.fastq.gz,F-R-213_S321_L001_R2_001.fastq.gz,1,3,23,1.5,4,NA,0.0811,0.1889,F-R-213,5,3,14.533333333333333,7.166666666666667,7,82,4.333333333333333,0.15333333333333335,7.073333333333333,6.3,0.11333333333333333,0.8666666666666667,15.566666666666666,0.8333333333333334,23,4.966666666666667,0.5666666666666667,0.05,0.23933333333333334,17.466333333333335,86.8,10.8,2.4
ITS2,F-R-214,8,Q214,D,1Burn_W4,1,Snowbrush,NA,NA,F-R-214_S283_L001_R1_001.fastq.gz,F-R-214_S283_L001_R2_001.fastq.gz,6,0,19,2.2,4.9,0,0.3838,0.7453,F-R-214,4,1,4.166666666666667,10.433333333333334,8.333333333333334,72.33333333333333,9.666666666666666,0.05,5.976666666666667,6,0.03333333333333333,0.3333333333333333,12.2,0.7333333333333333,20.666666666666668,1.5,0.3333333333333333,0.05666666666666667,0.103,17.198333333333334,88.8,10.8,0.4
ITS2,F-R-215,8,Q215,D,0Burn_W2,0,GrandFir,NA,NA,F-R-215_S333_L001_R1_001.fastq.gz,F-R-215_S333_L001_R2_001.fastq.gz,1,6,93,1.6,5.4,NA,0.2693,0.3767,F-R-215,2,0,1.3333333333333333,8.1,7.666666666666667,92.33333333333333,6,0.043333333333333335,6.406666666666667,6.166666666666667,0.08666666666666667,0.26666666666666666,16,0.43333333333333335,29,1.8333333333333333,0.3333333333333333,0.03666666666666667,0.16633333333333333,26.215666666666667,80.8,18.8,0.4
ITS2,F-R-216,8,Q216,ND,0Burn_W2,0,Snowbrush,NA,NA,F-R-216_S200_L001_R1_001.fastq.gz,F-R-216_S200_L001_R2_001.fastq.gz,1,0,23,3,4.5,7,0.7712,1.971,F-R-216,2,0,1.3333333333333333,8.1,7.666666666666667,92.33333333333333,6,0.043333333333333335,6.406666666666667,6.166666666666667,0.08666666666666667,0.26666666666666666,16,0.43333333333333335,29,1.8333333333333333,0.3333333333333333,0.03666666666666667,0.16633333333333333,26.215666666666667,80.8,18.8,0.4
ITS2,F-R-217,8,Q217,D,1Burn_W4,1,GrandFir,NA,NA,F-R-217_S345_L001_R1_001.fastq.gz,F-R-217_S345_L001_R2_001.fastq.gz,1,1,42,1.8,7.5,NA,0.1829,0.2451,F-R-217,4,1,4.166666666666667,10.433333333333334,8.333333333333334,72.33333333333333,9.666666666666666,0.05,5.976666666666667,6,0.03333333333333333,0.3333333333333333,12.2,0.7333333333333333,20.666666666666668,1.5,0.3333333333333333,0.05666666666666667,0.103,17.198333333333334,88.8,10.8,0.4
ITS2,F-R-218,8,Q218,D,3Burn_W5,3,GrandFir,NA,NA,F-R-218_S357_L001_R1_001.fastq.gz,F-R-218_S357_L001_R2_001.fastq.gz,1,8,34,3.2,8.4,NA,0.3092,0.5895,F-R-218,5,3,14.533333333333333,7.166666666666667,7,82,4.333333333333333,0.15333333333333335,7.073333333333333,6.3,0.11333333333333333,0.8666666666666667,15.566666666666666,0.8333333333333334,23,4.966666666666667,0.5666666666666667,0.05,0.23933333333333334,17.466333333333335,86.8,10.8,2.4
ITS2,F-R-219,8,Q219,ND,1Burn_W3,1,GrandFir,NA,NA,F-R-219_S369_L001_R1_001.fastq.gz,F-R-219_S369_L001_R2_001.fastq.gz,1,1,6,0.8,5.3,NA,0.0723,0.1012,F-R-219,3,1,1.7,4.966666666666667,7.333333333333333,61.666666666666664,11.333333333333334,0.07,5.183333333333334,6.366666666666667,0.4166666666666667,0.1,10.1,0.6666666666666666,15.333333333333334,2.033333333333333,0.3,0.04,0.099,27.188666666666666,82.8,16.8,0.4
ITS2,F-R-220,8,Q220,ND,3Burn_W6,3,Snowbrush,NA,NA,F-R-220_S212_L001_R1_001.fastq.gz,F-R-220_S212_L001_R2_001.fastq.gz,1,0,11,1.3,4,38,0.1798,0.4911,F-R-220,6,3,8.533333333333333,6.2,7.666666666666667,59.333333333333336,4.666666666666667,0.10333333333333333,5.67,5.733333333333333,0.05333333333333334,0.7333333333333334,10.233333333333334,0.7666666666666667,23,2.8666666666666667,0.4,0.04666666666666667,0.15666666666666668,21.451999999999998,90.8,8.8,0.4
ITS2,F-R-221,8,Q221,D,3Burn_W5,3,Snowbrush,NA,NA,F-R-221_S224_L001_R1_001.fastq.gz,F-R-221_S224_L001_R2_001.fastq.gz,1,0,18,2.2,5,15,0.2367,0.4695,F-R-221,5,3,14.533333333333333,7.166666666666667,7,82,4.333333333333333,0.15333333333333335,7.073333333333333,6.3,0.11333333333333333,0.8666666666666667,15.566666666666666,0.8333333333333334,23,4.966666666666667,0.5666666666666667,0.05,0.23933333333333334,17.466333333333335,86.8,10.8,2.4
ITS2,F-R-222,8,Q222,D,Sterile,NA,GrandFir,NA,NA,F-R-222_S381_L001_R1_001.fastq.gz,F-R-222_S381_L001_R2_001.fastq.gz,1,4,32,1.9,5.6,NA,0.1349,0.2872,F-R-222,Sterile,NA,2.45,19.099999999999998,6.166666666666667,52.833333333333336,8.5,0.04,4.825,5.733333333333333,0.11,0.25,63.28333333333333,0.5333333333333333,14.833333333333334,1.55,0.30000000000000004,0.06999999999999999,0.11033333333333334,25.63533333333333,88.8,10.8,0.4
ITS2,F-R-223,8,Q223,ND,1Burn_W4,1,GrandFir,NA,NA,F-R-223_S298_L001_R1_001.fastq.gz,F-R-223_S298_L001_R2_001.fastq.gz,1,5,35,2.7,6.3,NA,0.2536,0.6848,F-R-223,4,1,4.166666666666667,10.433333333333334,8.333333333333334,72.33333333333333,9.666666666666666,0.05,5.976666666666667,6,0.03333333333333333,0.3333333333333333,12.2,0.7333333333333333,20.666666666666668,1.5,0.3333333333333333,0.05666666666666667,0.103,17.198333333333334,88.8,10.8,0.4
ITS2,F-R-224,8,Q224,ND,Sterile,NA,GrandFir,NA,NA,F-R-224_S310_L001_R1_001.fastq.gz,F-R-224_S310_L001_R2_001.fastq.gz,1,6,37,1.9,5.4,NA,0.1596,0.2996,F-R-224,Sterile,NA,2.45,19.099999999999998,6.166666666666667,52.833333333333336,8.5,0.04,4.825,5.733333333333333,0.11,0.25,63.28333333333333,0.5333333333333333,14.833333333333334,1.55,0.30000000000000004,0.06999999999999999,0.11033333333333334,25.63533333333333,88.8,10.8,0.4
ITS2,F-R-281,11,Q281,ND,3Burn_W5,3,Snowbrush,NA,NA,F-R-281_S248_L001_R1_001.fastq.gz,F-R-281_S248_L001_R2_001.fastq.gz,1,0,20,3,4.9,13,0.6449,1.4487,F-R-281,5,3,14.533333333333333,7.166666666666667,7,82,4.333333333333333,0.15333333333333335,7.073333333333333,6.3,0.11333333333333333,0.8666666666666667,15.566666666666666,0.8333333333333334,23,4.966666666666667,0.5666666666666667,0.05,0.23933333333333334,17.466333333333335,86.8,10.8,2.4
ITS2,F-R-282,11,Q282,ND,1Burn_W3,1,GrandFir,NA,NA,F-R-282_S322_L001_R1_001.fastq.gz,F-R-282_S322_L001_R2_001.fastq.gz,1,1,3,0.8,4,NA,0.0423,0.1546,F-R-282,3,1,1.7,4.966666666666667,7.333333333333333,61.666666666666664,11.333333333333334,0.07,5.183333333333334,6.366666666666667,0.4166666666666667,0.1,10.1,0.6666666666666666,15.333333333333334,2.033333333333333,0.3,0.04,0.099,27.188666666666666,82.8,16.8,0.4
ITS2,F-R-283,11,Q283,ND,0Burn_W1,0,Snowbrush,NA,NA,F-R-283_S260_L001_R1_001.fastq.gz,F-R-283_S260_L001_R2_001.fastq.gz,1,0,22,2.6,6.5,1,0.4625,1.0323,F-R-283,1,0,1.3666666666666667,10.066666666666666,10,108,12,0.03666666666666667,7.8933333333333335,5.966666666666667,0.09666666666666666,0.7333333333333334,26.299999999999997,0.5333333333333333,58,1.6666666666666667,0.39999999999999997,0.043333333333333335,0.179,26.332333333333334,80.8,18.8,0.4
ITS2,F-R-284,11,Q284,D,3Burn_W5,3,Snowbrush,NA,NA,F-R-284_S272_L001_R1_001.fastq.gz,F-R-284_S272_L001_R2_001.fastq.gz,6,0,26,2.2,5.5,0,0.5958,0.6693,F-R-284,5,3,14.533333333333333,7.166666666666667,7,82,4.333333333333333,0.15333333333333335,7.073333333333333,6.3,0.11333333333333333,0.8666666666666667,15.566666666666666,0.8333333333333334,23,4.966666666666667,0.5666666666666667,0.05,0.23933333333333334,17.466333333333335,86.8,10.8,2.4
ITS2,F-R-285,11,Q285,D,3Burn_W5,3,GrandFir,NA,NA,F-R-285_S334_L001_R1_001.fastq.gz,F-R-285_S334_L001_R2_001.fastq.gz,1,2,22,2.1,4,NA,0.1187,0.4256,F-R-285,5,3,14.533333333333333,7.166666666666667,7,82,4.333333333333333,0.15333333333333335,7.073333333333333,6.3,0.11333333333333333,0.8666666666666667,15.566666666666666,0.8333333333333334,23,4.966666666666667,0.5666666666666667,0.05,0.23933333333333334,17.466333333333335,86.8,10.8,2.4
ITS2,F-R-286,11,Q286,D,Sterile,NA,GrandFir,NA,NA,F-R-286_S346_L001_R1_001.fastq.gz,F-R-286_S346_L001_R2_001.fastq.gz,1,1,21,1,4.5,NA,0.0536,0.1376,F-R-286,Sterile,NA,2.45,19.099999999999998,6.166666666666667,52.833333333333336,8.5,0.04,4.825,5.733333333333333,0.11,0.25,63.28333333333333,0.5333333333333333,14.833333333333334,1.55,0.30000000000000004,0.06999999999999999,0.11033333333333334,25.63533333333333,88.8,10.8,0.4
ITS2,F-R-287,11,Q287,D,3Burn_W6,3,GrandFir,NA,NA,F-R-287_S358_L001_R1_001.fastq.gz,F-R-287_S358_L001_R2_001.fastq.gz,5,1,3,0.9,4.5,NA,0.03,NA,F-R-287,6,3,8.533333333333333,6.2,7.666666666666667,59.333333333333336,4.666666666666667,0.10333333333333333,5.67,5.733333333333333,0.05333333333333334,0.7333333333333334,10.233333333333334,0.7666666666666667,23,2.8666666666666667,0.4,0.04666666666666667,0.15666666666666668,21.451999999999998,90.8,8.8,0.4
ITS2,F-R-288,11,Q288,ND,3Burn_W6,3,GrandFir,NA,NA,F-R-288_S370_L001_R1_001.fastq.gz,F-R-288_S370_L001_R2_001.fastq.gz,1,3,21,1.6,5.3,NA,0.0782,0.2193,F-R-288,6,3,8.533333333333333,6.2,7.666666666666667,59.333333333333336,4.666666666666667,0.10333333333333333,5.67,5.733333333333333,0.05333333333333334,0.7333333333333334,10.233333333333334,0.7666666666666667,23,2.8666666666666667,0.4,0.04666666666666667,0.15666666666666668,21.451999999999998,90.8,8.8,0.4
ITS2,F-R-289,11,Q289,ND,Sterile,NA,GrandFir,NA,NA,F-R-289_S382_L001_R1_001.fastq.gz,F-R-289_S382_L001_R2_001.fastq.gz,1,3,18,1.2,4.9,NA,0.0526,NA,F-R-289,Sterile,NA,2.45,19.099999999999998,6.166666666666667,52.833333333333336,8.5,0.04,4.825,5.733333333333333,0.11,0.25,63.28333333333333,0.5333333333333333,14.833333333333334,1.55,0.30000000000000004,0.06999999999999999,0.11033333333333334,25.63533333333333,88.8,10.8,0.4
ITS2,F-R-290,11,Q290,D,0Burn_W1,0,GrandFir,NA,NA,F-R-290_S299_L001_R1_001.fastq.gz,F-R-290_S299_L001_R2_001.fastq.gz,1,3,12,0.4,7.7,NA,0.0871,0.2178,F-R-290,1,0,1.3666666666666667,10.066666666666666,10,108,12,0.03666666666666667,7.8933333333333335,5.966666666666667,0.09666666666666666,0.7333333333333334,26.299999999999997,0.5333333333333333,58,1.6666666666666667,0.39999999999999997,0.043333333333333335,0.179,26.332333333333334,80.8,18.8,0.4
ITS2,F-R-291,11,Q291,ND,1Burn_W4,1,GrandFir,NA,NA,F-R-291_S311_L001_R1_001.fastq.gz,F-R-291_S311_L001_R2_001.fastq.gz,1,7,59,3.2,6,NA,0.3612,0.8359,F-R-291,4,1,4.166666666666667,10.433333333333334,8.333333333333334,72.33333333333333,9.666666666666666,0.05,5.976666666666667,6,0.03333333333333333,0.3333333333333333,12.2,0.7333333333333333,20.666666666666668,1.5,0.3333333333333333,0.05666666666666667,0.103,17.198333333333334,88.8,10.8,0.4
ITS2,F-R-292,11,Q292,D,0Burn_W1,0,Snowbrush,NA,NA,F-R-292_S201_L001_R1_001.fastq.gz,F-R-292_S201_L001_R2_001.fastq.gz,1,0,5,1.2,3.6,0,0.0892,0.1842,F-R-292,1,0,1.3666666666666667,10.066666666666666,10,108,12,0.03666666666666667,7.8933333333333335,5.966666666666667,0.09666666666666666,0.7333333333333334,26.299999999999997,0.5333333333333333,58,1.6666666666666667,0.39999999999999997,0.043333333333333335,0.179,26.332333333333334,80.8,18.8,0.4
ITS2,F-R-293,11,Q293,D,Sterile,NA,Snowbrush,NA,NA,F-R-293_S213_L001_R1_001.fastq.gz,F-R-293_S213_L001_R2_001.fastq.gz,4,0,11,2.3,3.5,0,0.2724,0.49,F-R-293,Sterile,NA,2.45,19.099999999999998,6.166666666666667,52.833333333333336,8.5,0.04,4.825,5.733333333333333,0.11,0.25,63.28333333333333,0.5333333333333333,14.833333333333334,1.55,0.30000000000000004,0.06999999999999999,0.11033333333333334,25.63533333333333,88.8,10.8,0.4
ITS2,F-R-294,11,Q294,D,3Burn_W6,3,Snowbrush,NA,NA,F-R-294_S225_L001_R1_001.fastq.gz,F-R-294_S225_L001_R2_001.fastq.gz,6,0,11,1.7,4,13,0.2098,0.4927,F-R-294,6,3,8.533333333333333,6.2,7.666666666666667,59.333333333333336,4.666666666666667,0.10333333333333333,5.67,5.733333333333333,0.05333333333333334,0.7333333333333334,10.233333333333334,0.7666666666666667,23,2.8666666666666667,0.4,0.04666666666666667,0.15666666666666668,21.451999999999998,90.8,8.8,0.4
ITS2,F-R-295,11,Q295,ND,0Burn_W2,0,Snowbrush,NA,NA,F-R-295_S237_L001_R1_001.fastq.gz,F-R-295_S237_L001_R2_001.fastq.gz,1,0,19,2.3,6.8,3,0.4209,0.9091,F-R-295,2,0,1.3333333333333333,8.1,7.666666666666667,92.33333333333333,6,0.043333333333333335,6.406666666666667,6.166666666666667,0.08666666666666667,0.26666666666666666,16,0.43333333333333335,29,1.8333333333333333,0.3333333333333333,0.03666666666666667,0.16633333333333333,26.215666666666667,80.8,18.8,0.4
ITS2,F-R-296,11,Q296,D,1Burn_W4,1,Snowbrush,NA,NA,F-R-296_S249_L001_R1_001.fastq.gz,F-R-296_S249_L001_R2_001.fastq.gz,6,0,19,2,5,0,0.3773,0.5859,F-R-296,4,1,4.166666666666667,10.433333333333334,8.333333333333334,72.33333333333333,9.666666666666666,0.05,5.976666666666667,6,0.03333333333333333,0.3333333333333333,12.2,0.7333333333333333,20.666666666666668,1.5,0.3333333333333333,0.05666666666666667,0.103,17.198333333333334,88.8,10.8,0.4
ITS2,F-R-297,11,Q297,D,0Burn_W2,0,Snowbrush,NA,NA,F-R-297_S261_L001_R1_001.fastq.gz,F-R-297_S261_L001_R2_001.fastq.gz,1,0,12,2.5,4.6,3,0.3352,0.6385,F-R-297,2,0,1.3333333333333333,8.1,7.666666666666667,92.33333333333333,6,0.043333333333333335,6.406666666666667,6.166666666666667,0.08666666666666667,0.26666666666666666,16,0.43333333333333335,29,1.8333333333333333,0.3333333333333333,0.03666666666666667,0.16633333333333333,26.215666666666667,80.8,18.8,0.4
ITS2,F-R-298,11,Q298,ND,1Burn_W4,1,Snowbrush,NA,NA,F-R-298_S273_L001_R1_001.fastq.gz,F-R-298_S273_L001_R2_001.fastq.gz,1,0,19,2.4,4.5,3,0.4813,1.3599,F-R-298,4,1,4.166666666666667,10.433333333333334,8.333333333333334,72.33333333333333,9.666666666666666,0.05,5.976666666666667,6,0.03333333333333333,0.3333333333333333,12.2,0.7333333333333333,20.666666666666668,1.5,0.3333333333333333,0.05666666666666667,0.103,17.198333333333334,88.8,10.8,0.4
ITS2,F-R-299,11,Q299,D,1Burn_W4,1,GrandFir,NA,NA,F-R-299_S323_L001_R1_001.fastq.gz,F-R-299_S323_L001_R2_001.fastq.gz,1,3,18,0.6,5.5,NA,0.1179,0.1643,F-R-299,4,1,4.166666666666667,10.433333333333334,8.333333333333334,72.33333333333333,9.666666666666666,0.05,5.976666666666667,6,0.03333333333333333,0.3333333333333333,12.2,0.7333333333333333,20.666666666666668,1.5,0.3333333333333333,0.05666666666666667,0.103,17.198333333333334,88.8,10.8,0.4
ITS2,F-R-300,11,Q300,ND,3Burn_W5,3,GrandFir,NA,NA,F-R-300_S335_L001_R1_001.fastq.gz,F-R-300_S335_L001_R2_001.fastq.gz,1,5,20,1.3,5.8,NA,0.1058,0.1709,F-R-300,5,3,14.533333333333333,7.166666666666667,7,82,4.333333333333333,0.15333333333333335,7.073333333333333,6.3,0.11333333333333333,0.8666666666666667,15.566666666666666,0.8333333333333334,23,4.966666666666667,0.5666666666666667,0.05,0.23933333333333334,17.466333333333335,86.8,10.8,2.4
ITS2,F-R-301,11,Q301,ND,0Burn_W1,0,GrandFir,NA,NA,F-R-301_S347_L001_R1_001.fastq.gz,F-R-301_S347_L001_R2_001.fastq.gz,1,1,20,1.5,5.3,NA,0.0571,NA,F-R-301,1,0,1.3666666666666667,10.066666666666666,10,108,12,0.03666666666666667,7.8933333333333335,5.966666666666667,0.09666666666666666,0.7333333333333334,26.299999999999997,0.5333333333333333,58,1.6666666666666667,0.39999999999999997,0.043333333333333335,0.179,26.332333333333334,80.8,18.8,0.4
ITS2,F-R-302,11,Q302,D,0Burn_W2,0,GrandFir,NA,NA,F-R-302_S359_L001_R1_001.fastq.gz,F-R-302_S359_L001_R2_001.fastq.gz,1,2,23,1.3,5,NA,0.0978,0.2461,F-R-302,2,0,1.3333333333333333,8.1,7.666666666666667,92.33333333333333,6,0.043333333333333335,6.406666666666667,6.166666666666667,0.08666666666666667,0.26666666666666666,16,0.43333333333333335,29,1.8333333333333333,0.3333333333333333,0.03666666666666667,0.16633333333333333,26.215666666666667,80.8,18.8,0.4
ITS2,F-R-303,11,Q303,ND,3Burn_W6,3,Snowbrush,NA,NA,F-R-303_S285_L001_R1_001.fastq.gz,F-R-303_S285_L001_R2_001.fastq.gz,1,0,22,3.3,5.8,21,0.7935,1.2267,F-R-303,6,3,8.533333333333333,6.2,7.666666666666667,59.333333333333336,4.666666666666667,0.10333333333333333,5.67,5.733333333333333,0.05333333333333334,0.7333333333333334,10.233333333333334,0.7666666666666667,23,2.8666666666666667,0.4,0.04666666666666667,0.15666666666666668,21.451999999999998,90.8,8.8,0.4
ITS2,F-R-304,11,Q304,D,1Burn_W3,1,Snowbrush,NA,NA,F-R-304_S202_L001_R1_001.fastq.gz,F-R-304_S202_L001_R2_001.fastq.gz,3,0,2,0.6,2.5,0,0.0233,NA,F-R-304,3,1,1.7,4.966666666666667,7.333333333333333,61.666666666666664,11.333333333333334,0.07,5.183333333333334,6.366666666666667,0.4166666666666667,0.1,10.1,0.6666666666666666,15.333333333333334,2.033333333333333,0.3,0.04,0.099,27.188666666666666,82.8,16.8,0.4
ITS2,F-R-305,11,Q305,ND,Sterile,NA,Snowbrush,NA,NA,F-R-305_S214_L001_R1_001.fastq.gz,F-R-305_S214_L001_R2_001.fastq.gz,1,0,13,2.4,4.9,0,0.2331,0.5082,F-R-305,Sterile,NA,2.45,19.099999999999998,6.166666666666667,52.833333333333336,8.5,0.04,4.825,5.733333333333333,0.11,0.25,63.28333333333333,0.5333333333333333,14.833333333333334,1.55,0.30000000000000004,0.06999999999999999,0.11033333333333334,25.63533333333333,88.8,10.8,0.4
ITS2,F-R-306,11,Q306,ND,1Burn_W3,1,Snowbrush,NA,NA,F-R-306_S226_L001_R1_001.fastq.gz,F-R-306_S226_L001_R2_001.fastq.gz,1,0,3,1,3.2,0,0.0524,0.1605,F-R-306,3,1,1.7,4.966666666666667,7.333333333333333,61.666666666666664,11.333333333333334,0.07,5.183333333333334,6.366666666666667,0.4166666666666667,0.1,10.1,0.6666666666666666,15.333333333333334,2.033333333333333,0.3,0.04,0.099,27.188666666666666,82.8,16.8,0.4
ITS2,F-R-307,11,Q307,ND,0Burn_W2,0,GrandFir,NA,NA,F-R-307_S371_L001_R1_001.fastq.gz,F-R-307_S371_L001_R2_001.fastq.gz,1,4,24,1.5,5.5,NA,0.1164,0.2064,F-R-307,2,0,1.3333333333333333,8.1,7.666666666666667,92.33333333333333,6,0.043333333333333335,6.406666666666667,6.166666666666667,0.08666666666666667,0.26666666666666666,16,0.43333333333333335,29,1.8333333333333333,0.3333333333333333,0.03666666666666667,0.16633333333333333,26.215666666666667,80.8,18.8,0.4
ITS2,F-R-308,11,Q308,D,1Burn_W3,1,GrandFir,NA,NA,F-R-308_S383_L001_R1_001.fastq.gz,F-R-308_S383_L001_R2_001.fastq.gz,1,2,8,1.5,4.5,NA,0.0615,0.1466,F-R-308,3,1,1.7,4.966666666666667,7.333333333333333,61.666666666666664,11.333333333333334,0.07,5.183333333333334,6.366666666666667,0.4166666666666667,0.1,10.1,0.6666666666666666,15.333333333333334,2.033333333333333,0.3,0.04,0.099,27.188666666666666,82.8,16.8,0.4
ITS2,F-R-337,13,Q337,D,Sterile,NA,Snowbrush,NA,NA,F-R-337_S238_L001_R1_001.fastq.gz,F-R-337_S238_L001_R2_001.fastq.gz,1,0,10,2.5,5,0,0.2004,0.5701,F-R-337,Sterile,NA,2.45,19.099999999999998,6.166666666666667,52.833333333333336,8.5,0.04,4.825,5.733333333333333,0.11,0.25,63.28333333333333,0.5333333333333333,14.833333333333334,1.55,0.30000000000000004,0.06999999999999999,0.11033333333333334,25.63533333333333,88.8,10.8,0.4
ITS2,F-R-338,13,Q338,ND,3Burn_W5,3,GrandFir,NA,NA,F-R-338_S300_L001_R1_001.fastq.gz,F-R-338_S300_L001_R2_001.fastq.gz,1,3,19,0.7,4.3,NA,0.0649,0.1209,F-R-338,5,3,14.533333333333333,7.166666666666667,7,82,4.333333333333333,0.15333333333333335,7.073333333333333,6.3,0.11333333333333333,0.8666666666666667,15.566666666666666,0.8333333333333334,23,4.966666666666667,0.5666666666666667,0.05,0.23933333333333334,17.466333333333335,86.8,10.8,2.4
ITS2,F-R-339,13,Q339,ND,0Burn_W2,0,GrandFir,NA,NA,F-R-339_S312_L001_R1_001.fastq.gz,F-R-339_S312_L001_R2_001.fastq.gz,1,2,18,0.7,3.9,NA,0.0591,0.1191,F-R-339,2,0,1.3333333333333333,8.1,7.666666666666667,92.33333333333333,6,0.043333333333333335,6.406666666666667,6.166666666666667,0.08666666666666667,0.26666666666666666,16,0.43333333333333335,29,1.8333333333333333,0.3333333333333333,0.03666666666666667,0.16633333333333333,26.215666666666667,80.8,18.8,0.4
ITS2,F-R-340,13,Q340,ND,0Burn_W1,0,GrandFir,NA,NA,F-R-340_S324_L001_R1_001.fastq.gz,F-R-340_S324_L001_R2_001.fastq.gz,1,3,12,1.8,4.3,NA,0.1439,0.1966,F-R-340,1,0,1.3666666666666667,10.066666666666666,10,108,12,0.03666666666666667,7.8933333333333335,5.966666666666667,0.09666666666666666,0.7333333333333334,26.299999999999997,0.5333333333333333,58,1.6666666666666667,0.39999999999999997,0.043333333333333335,0.179,26.332333333333334,80.8,18.8,0.4
ITS2,F-R-341,13,Q341,D,3Burn_W5,3,GrandFir,NA,NA,F-R-341_S336_L001_R1_001.fastq.gz,F-R-341_S336_L001_R2_001.fastq.gz,1,4,23,1.1,4.5,NA,0.0622,0.1837,F-R-341,5,3,14.533333333333333,7.166666666666667,7,82,4.333333333333333,0.15333333333333335,7.073333333333333,6.3,0.11333333333333333,0.8666666666666667,15.566666666666666,0.8333333333333334,23,4.966666666666667,0.5666666666666667,0.05,0.23933333333333334,17.466333333333335,86.8,10.8,2.4
ITS2,F-R-342,13,Q342,D,Sterile,NA,GrandFir,NA,NA,F-R-342_S348_L001_R1_001.fastq.gz,F-R-342_S348_L001_R2_001.fastq.gz,1,2,9,0.3,2.4,NA,0.0214,NA,F-R-342,Sterile,NA,2.45,19.099999999999998,6.166666666666667,52.833333333333336,8.5,0.04,4.825,5.733333333333333,0.11,0.25,63.28333333333333,0.5333333333333333,14.833333333333334,1.55,0.30000000000000004,0.06999999999999999,0.11033333333333334,25.63533333333333,88.8,10.8,0.4
ITS2,F-R-343,13,Q343,D,1Burn_W4,1,Snowbrush,NA,NA,F-R-343_S250_L001_R1_001.fastq.gz,F-R-343_S250_L001_R2_001.fastq.gz,2,0,13,2.2,4.2,0,0.2285,0.4425,F-R-343,4,1,4.166666666666667,10.433333333333334,8.333333333333334,72.33333333333333,9.666666666666666,0.05,5.976666666666667,6,0.03333333333333333,0.3333333333333333,12.2,0.7333333333333333,20.666666666666668,1.5,0.3333333333333333,0.05666666666666667,0.103,17.198333333333334,88.8,10.8,0.4
ITS2,F-R-344,13,Q344,D,1Burn_W3,1,Snowbrush,NA,NA,F-R-344_S262_L001_R1_001.fastq.gz,F-R-344_S262_L001_R2_001.fastq.gz,2,0,8,2,4.5,NA,0.1231,0.2307,F-R-344,3,1,1.7,4.966666666666667,7.333333333333333,61.666666666666664,11.333333333333334,0.07,5.183333333333334,6.366666666666667,0.4166666666666667,0.1,10.1,0.6666666666666666,15.333333333333334,2.033333333333333,0.3,0.04,0.099,27.188666666666666,82.8,16.8,0.4
ITS2,F-R-345,13,Q345,D,1Burn_W3,1,GrandFir,NA,NA,F-R-345_S360_L001_R1_001.fastq.gz,F-R-345_S360_L001_R2_001.fastq.gz,1,1,6,0.5,5.5,NA,0.0716,0.1621,F-R-345,3,1,1.7,4.966666666666667,7.333333333333333,61.666666666666664,11.333333333333334,0.07,5.183333333333334,6.366666666666667,0.4166666666666667,0.1,10.1,0.6666666666666666,15.333333333333334,2.033333333333333,0.3,0.04,0.099,27.188666666666666,82.8,16.8,0.4
ITS2,F-R-346,13,Q346,D,3Burn_W5,3,Snowbrush,NA,NA,F-R-346_S274_L001_R1_001.fastq.gz,F-R-346_S274_L001_R2_001.fastq.gz,5,0,10,2.6,5.2,0,0.2685,0.6795,F-R-346,5,3,14.533333333333333,7.166666666666667,7,82,4.333333333333333,0.15333333333333335,7.073333333333333,6.3,0.11333333333333333,0.8666666666666667,15.566666666666666,0.8333333333333334,23,4.966666666666667,0.5666666666666667,0.05,0.23933333333333334,17.466333333333335,86.8,10.8,2.4
ITS2,F-R-347,13,Q347,D,0Burn_W2,0,GrandFir,NA,NA,F-R-347_S372_L001_R1_001.fastq.gz,F-R-347_S372_L001_R2_001.fastq.gz,1,2,27,1.3,4.3,NA,0.0913,0.2245,F-R-347,2,0,1.3333333333333333,8.1,7.666666666666667,92.33333333333333,6,0.043333333333333335,6.406666666666667,6.166666666666667,0.08666666666666667,0.26666666666666666,16,0.43333333333333335,29,1.8333333333333333,0.3333333333333333,0.03666666666666667,0.16633333333333333,26.215666666666667,80.8,18.8,0.4
ITS2,F-R-348,13,Q348,ND,1Burn_W4,1,GrandFir,NA,NA,F-R-348_S193_L001_R1_001.fastq.gz,F-R-348_S193_L001_R2_001.fastq.gz,1,4,23,1.5,5.8,NA,0.1768,0.2907,F-R-348,4,1,4.166666666666667,10.433333333333334,8.333333333333334,72.33333333333333,9.666666666666666,0.05,5.976666666666667,6,0.03333333333333333,0.3333333333333333,12.2,0.7333333333333333,20.666666666666668,1.5,0.3333333333333333,0.05666666666666667,0.103,17.198333333333334,88.8,10.8,0.4
ITS2,F-R-349,13,Q349,ND,0Burn_W2,0,Snowbrush,NA,NA,F-R-349_S286_L001_R1_001.fastq.gz,F-R-349_S286_L001_R2_001.fastq.gz,1,0,17,3,6.4,7,0.4471,0.9793,F-R-349,2,0,1.3333333333333333,8.1,7.666666666666667,92.33333333333333,6,0.043333333333333335,6.406666666666667,6.166666666666667,0.08666666666666667,0.26666666666666666,16,0.43333333333333335,29,1.8333333333333333,0.3333333333333333,0.03666666666666667,0.16633333333333333,26.215666666666667,80.8,18.8,0.4
ITS2,F-R-350,13,Q350,D,3Burn_W6,3,GrandFir,NA,NA,F-R-350_S205_L001_R1_001.fastq.gz,F-R-350_S205_L001_R2_001.fastq.gz,1,4,16,1.5,5.1,NA,0.0968,0.2494,F-R-350,6,3,8.533333333333333,6.2,7.666666666666667,59.333333333333336,4.666666666666667,0.10333333333333333,5.67,5.733333333333333,0.05333333333333334,0.7333333333333334,10.233333333333334,0.7666666666666667,23,2.8666666666666667,0.4,0.04666666666666667,0.15666666666666668,21.451999999999998,90.8,8.8,0.4
ITS2,F-R-351,13,Q351,D,0Burn_W2,0,Snowbrush,NA,NA,F-R-351_S203_L001_R1_001.fastq.gz,F-R-351_S203_L001_R2_001.fastq.gz,1,0,4,0.7,2.8,0,0.0415,0.2437,F-R-351,2,0,1.3333333333333333,8.1,7.666666666666667,92.33333333333333,6,0.043333333333333335,6.406666666666667,6.166666666666667,0.08666666666666667,0.26666666666666666,16,0.43333333333333335,29,1.8333333333333333,0.3333333333333333,0.03666666666666667,0.16633333333333333,26.215666666666667,80.8,18.8,0.4
ITS2,F-R-352,13,Q352,ND,1Burn_W4,1,Snowbrush,NA,NA,F-R-352_S215_L001_R1_001.fastq.gz,F-R-352_S215_L001_R2_001.fastq.gz,1,0,23,3.3,4.5,0,0.3136,0.3081,F-R-352,4,1,4.166666666666667,10.433333333333334,8.333333333333334,72.33333333333333,9.666666666666666,0.05,5.976666666666667,6,0.03333333333333333,0.3333333333333333,12.2,0.7333333333333333,20.666666666666668,1.5,0.3333333333333333,0.05666666666666667,0.103,17.198333333333334,88.8,10.8,0.4
ITS2,F-R-353,13,Q353,ND,1Burn_W3,1,Snowbrush,NA,NA,F-R-353_S227_L001_R1_001.fastq.gz,F-R-353_S227_L001_R2_001.fastq.gz,1,0,1,0.8,4,0,0.0393,NA,F-R-353,3,1,1.7,4.966666666666667,7.333333333333333,61.666666666666664,11.333333333333334,0.07,5.183333333333334,6.366666666666667,0.4166666666666667,0.1,10.1,0.6666666666666666,15.333333333333334,2.033333333333333,0.3,0.04,0.099,27.188666666666666,82.8,16.8,0.4
ITS2,F-R-354,13,Q354,ND,Sterile,NA,GrandFir,NA,NA,F-R-354_S338_L001_R1_001.fastq.gz,F-R-354_S338_L001_R2_001.fastq.gz,1,3,16,1.6,4.5,NA,0.0903,0.144,F-R-354,Sterile,NA,2.45,19.099999999999998,6.166666666666667,52.833333333333336,8.5,0.04,4.825,5.733333333333333,0.11,0.25,63.28333333333333,0.5333333333333333,14.833333333333334,1.55,0.30000000000000004,0.06999999999999999,0.11033333333333334,25.63533333333333,88.8,10.8,0.4
ITS2,F-R-355,13,Q355,ND,3Burn_W6,3,Snowbrush,NA,NA,F-R-355_S239_L001_R1_001.fastq.gz,F-R-355_S239_L001_R2_001.fastq.gz,1,0,2,0.6,5,0,0.0358,NA,F-R-355,6,3,8.533333333333333,6.2,7.666666666666667,59.333333333333336,4.666666666666667,0.10333333333333333,5.67,5.733333333333333,0.05333333333333334,0.7333333333333334,10.233333333333334,0.7666666666666667,23,2.8666666666666667,0.4,0.04666666666666667,0.15666666666666668,21.451999999999998,90.8,8.8,0.4
ITS2,F-R-356,13,Q356,D,3Burn_W6,3,Snowbrush,NA,NA,F-R-356_S251_L001_R1_001.fastq.gz,F-R-356_S251_L001_R2_001.fastq.gz,6,NA,NA,NA,NA,11,0.0924,0.2423,F-R-356,6,3,8.533333333333333,6.2,7.666666666666667,59.333333333333336,4.666666666666667,0.10333333333333333,5.67,5.733333333333333,0.05333333333333334,0.7333333333333334,10.233333333333334,0.7666666666666667,23,2.8666666666666667,0.4,0.04666666666666667,0.15666666666666668,21.451999999999998,90.8,8.8,0.4
ITS2,F-R-357,13,Q357,ND,1Burn_W3,1,GrandFir,NA,NA,F-R-357_S350_L001_R1_001.fastq.gz,F-R-357_S350_L001_R2_001.fastq.gz,1,1,0,0,3.5,NA,0.0333,NA,F-R-357,3,1,1.7,4.966666666666667,7.333333333333333,61.666666666666664,11.333333333333334,0.07,5.183333333333334,6.366666666666667,0.4166666666666667,0.1,10.1,0.6666666666666666,15.333333333333334,2.033333333333333,0.3,0.04,0.099,27.188666666666666,82.8,16.8,0.4
ITS2,F-R-358,13,Q358,ND,3Burn_W6,3,GrandFir,NA,NA,F-R-358_S362_L001_R1_001.fastq.gz,F-R-358_S362_L001_R2_001.fastq.gz,1,3,31,2.5,6,NA,0.105,0.1441,F-R-358,6,3,8.533333333333333,6.2,7.666666666666667,59.333333333333336,4.666666666666667,0.10333333333333333,5.67,5.733333333333333,0.05333333333333334,0.7333333333333334,10.233333333333334,0.7666666666666667,23,2.8666666666666667,0.4,0.04666666666666667,0.15666666666666668,21.451999999999998,90.8,8.8,0.4
ITS2,F-R-359,13,Q359,ND,Sterile,NA,Snowbrush,NA,NA,F-R-359_S263_L001_R1_001.fastq.gz,F-R-359_S263_L001_R2_001.fastq.gz,1,0,10,2,3.5,0,0.1521,0.2973,F-R-359,Sterile,NA,2.45,19.099999999999998,6.166666666666667,52.833333333333336,8.5,0.04,4.825,5.733333333333333,0.11,0.25,63.28333333333333,0.5333333333333333,14.833333333333334,1.55,0.30000000000000004,0.06999999999999999,0.11033333333333334,25.63533333333333,88.8,10.8,0.4
ITS2,F-R-360,13,Q360,D,0Burn_W1,0,Snowbrush,NA,NA,F-R-360_S275_L001_R1_001.fastq.gz,F-R-360_S275_L001_R2_001.fastq.gz,1,0,8,1.5,3.7,1,0.0946,0.164,F-R-360,1,0,1.3666666666666667,10.066666666666666,10,108,12,0.03666666666666667,7.8933333333333335,5.966666666666667,0.09666666666666666,0.7333333333333334,26.299999999999997,0.5333333333333333,58,1.6666666666666667,0.39999999999999997,0.043333333333333335,0.179,26.332333333333334,80.8,18.8,0.4
ITS2,F-R-361,13,Q361,ND,0Burn_W1,0,Snowbrush,NA,NA,F-R-361_S287_L001_R1_001.fastq.gz,F-R-361_S287_L001_R2_001.fastq.gz,1,0,4,1,4,0,0.0618,0.1529,F-R-361,1,0,1.3666666666666667,10.066666666666666,10,108,12,0.03666666666666667,7.8933333333333335,5.966666666666667,0.09666666666666666,0.7333333333333334,26.299999999999997,0.5333333333333333,58,1.6666666666666667,0.39999999999999997,0.043333333333333335,0.179,26.332333333333334,80.8,18.8,0.4
ITS2,F-R-362,13,Q362,D,0Burn_W1,0,GrandFir,NA,NA,F-R-362_S374_L001_R1_001.fastq.gz,F-R-362_S374_L001_R2_001.fastq.gz,2,1,11,0.3,5,NA,0.0598,0.2399,F-R-362,1,0,1.3666666666666667,10.066666666666666,10,108,12,0.03666666666666667,7.8933333333333335,5.966666666666667,0.09666666666666666,0.7333333333333334,26.299999999999997,0.5333333333333333,58,1.6666666666666667,0.39999999999999997,0.043333333333333335,0.179,26.332333333333334,80.8,18.8,0.4
ITS2,F-R-363,13,Q363,D,1Burn_W4,1,GrandFir,NA,NA,F-R-363_S291_L001_R1_001.fastq.gz,F-R-363_S291_L001_R2_001.fastq.gz,1,1,0,0,2.8,NA,0.0259,NA,F-R-363,4,1,4.166666666666667,10.433333333333334,8.333333333333334,72.33333333333333,9.666666666666666,0.05,5.976666666666667,6,0.03333333333333333,0.3333333333333333,12.2,0.7333333333333333,20.666666666666668,1.5,0.3333333333333333,0.05666666666666667,0.103,17.198333333333334,88.8,10.8,0.4
ITS2,F-R-364,13,Q364,ND,3Burn_W5,3,Snowbrush,NA,NA,F-R-364_S204_L001_R1_001.fastq.gz,F-R-364_S204_L001_R2_001.fastq.gz,1,0,14,2.8,5,0,0.2686,0.3893,F-R-364,5,3,14.533333333333333,7.166666666666667,7,82,4.333333333333333,0.15333333333333335,7.073333333333333,6.3,0.11333333333333333,0.8666666666666667,15.566666666666666,0.8333333333333334,23,4.966666666666667,0.5666666666666667,0.05,0.23933333333333334,17.466333333333335,86.8,10.8,2.4
